Student_ID,Subject,Subject_Total_Sessions,Subject_Present_Count,Subject_Absence_Count,Subject_Attendance_Rate
ENHS_SYN_0001,Subject A,60,51,9,0.85
ENHS_SYN_0001,Subject B,60,50,10,0.8333
ENHS_SYN_0001,Subject C,60,54,6,0.9
ENHS_SYN_0001,Subject D,60,54,6,0.9
ENHS_SYN_0001,Subject E,60,50,10,0.8333
ENHS_SYN_0002,Subject A,60,55,5,0.9167
ENHS_SYN_0002,Subject B,60,52,8,0.8667
ENHS_SYN_0002,Subject C,60,55,5,0.9167
ENHS_SYN_0002,Subject D,60,54,6,0.9
ENHS_SYN_0002,Subject E,60,51,9,0.85
ENHS_SYN_0003,Subject A,59,50,9,0.8475
ENHS_SYN_0003,Subject B,60,41,19,0.6833
ENHS_SYN_0003,Subject C,60,40,20,0.6667
ENHS_SYN_0003,Subject D,60,49,11,0.8167
ENHS_SYN_0003,Subject E,60,46,14,0.7667
ENHS_SYN_0004,Subject A,59,51,8,0.8644
ENHS_SYN_0004,Subject B,60,56,4,0.9333
ENHS_SYN_0004,Subject C,60,49,11,0.8167
ENHS_SYN_0004,Subject D,60,49,11,0.8167
ENHS_SYN_0004,Subject E,60,48,12,0.8
ENHS_SYN_0005,Subject A,60,48,12,0.8
ENHS_SYN_0005,Subject B,60,50,10,0.8333
ENHS_SYN_0005,Subject C,60,44,16,0.7333
ENHS_SYN_0005,Subject D,60,46,14,0.7667
ENHS_SYN_0005,Subject E,60,41,19,0.6833
ENHS_SYN_0006,Subject A,60,49,11,0.8167
ENHS_SYN_0006,Subject B,59,40,19,0.678
ENHS_SYN_0006,Subject C,60,49,11,0.8167
ENHS_SYN_0006,Subject D,60,44,16,0.7333
ENHS_SYN_0006,Subject E,60,48,12,0.8
ENHS_SYN_0007,Subject A,60,48,12,0.8
ENHS_SYN_0007,Subject B,60,48,12,0.8
ENHS_SYN_0007,Subject C,60,48,12,0.8
ENHS_SYN_0007,Subject D,60,48,12,0.8
ENHS_SYN_0007,Subject E,59,47,12,0.7966
ENHS_SYN_0008,Subject A,60,56,4,0.9333
ENHS_SYN_0008,Subject B,60,58,2,0.9667
ENHS_SYN_0008,Subject C,59,54,5,0.9153
ENHS_SYN_0008,Subject D,60,56,4,0.9333
ENHS_SYN_0008,Subject E,60,54,6,0.9
ENHS_SYN_0009,Subject A,60,46,14,0.7667
ENHS_SYN_0009,Subject B,60,44,16,0.7333
ENHS_SYN_0009,Subject C,60,43,17,0.7167
ENHS_SYN_0009,Subject D,60,43,17,0.7167
ENHS_SYN_0009,Subject E,60,49,11,0.8167
ENHS_SYN_0010,Subject A,60,50,10,0.8333
ENHS_SYN_0010,Subject B,60,59,1,0.9833
ENHS_SYN_0010,Subject C,60,55,5,0.9167
ENHS_SYN_0010,Subject D,60,54,6,0.9
ENHS_SYN_0010,Subject E,59,51,8,0.8644
ENHS_SYN_0011,Subject A,58,54,4,0.931
ENHS_SYN_0011,Subject B,60,60,0,1.0
ENHS_SYN_0011,Subject C,60,53,7,0.8833
ENHS_SYN_0011,Subject D,60,55,5,0.9167
ENHS_SYN_0011,Subject E,60,52,8,0.8667
ENHS_SYN_0012,Subject A,60,49,11,0.8167
ENHS_SYN_0012,Subject B,59,52,7,0.8814
ENHS_SYN_0012,Subject C,60,47,13,0.7833
ENHS_SYN_0012,Subject D,60,48,12,0.8
ENHS_SYN_0012,Subject E,60,47,13,0.7833
ENHS_SYN_0013,Subject A,60,53,7,0.8833
ENHS_SYN_0013,Subject B,60,53,7,0.8833
ENHS_SYN_0013,Subject C,60,53,7,0.8833
ENHS_SYN_0013,Subject D,60,55,5,0.9167
ENHS_SYN_0013,Subject E,60,50,10,0.8333
ENHS_SYN_0014,Subject A,60,56,4,0.9333
ENHS_SYN_0014,Subject B,60,54,6,0.9
ENHS_SYN_0014,Subject C,60,52,8,0.8667
ENHS_SYN_0014,Subject D,59,56,3,0.9492
ENHS_SYN_0014,Subject E,60,53,7,0.8833
ENHS_SYN_0015,Subject A,60,56,4,0.9333
ENHS_SYN_0015,Subject B,60,55,5,0.9167
ENHS_SYN_0015,Subject C,60,57,3,0.95
ENHS_SYN_0015,Subject D,60,59,1,0.9833
ENHS_SYN_0015,Subject E,60,51,9,0.85
ENHS_SYN_0016,Subject A,60,57,3,0.95
ENHS_SYN_0016,Subject B,59,57,2,0.9661
ENHS_SYN_0016,Subject C,60,59,1,0.9833
ENHS_SYN_0016,Subject D,60,59,1,0.9833
ENHS_SYN_0016,Subject E,60,59,1,0.9833
ENHS_SYN_0017,Subject A,60,56,4,0.9333
ENHS_SYN_0017,Subject B,59,50,9,0.8475
ENHS_SYN_0017,Subject C,60,52,8,0.8667
ENHS_SYN_0017,Subject D,60,56,4,0.9333
ENHS_SYN_0017,Subject E,60,57,3,0.95
ENHS_SYN_0018,Subject A,60,55,5,0.9167
ENHS_SYN_0018,Subject B,60,58,2,0.9667
ENHS_SYN_0018,Subject C,60,53,7,0.8833
ENHS_SYN_0018,Subject D,60,54,6,0.9
ENHS_SYN_0018,Subject E,60,59,1,0.9833
ENHS_SYN_0019,Subject A,60,50,10,0.8333
ENHS_SYN_0019,Subject B,60,48,12,0.8
ENHS_SYN_0019,Subject C,60,43,17,0.7167
ENHS_SYN_0019,Subject D,58,50,8,0.8621
ENHS_SYN_0019,Subject E,60,46,14,0.7667
ENHS_SYN_0020,Subject A,60,57,3,0.95
ENHS_SYN_0020,Subject B,60,55,5,0.9167
ENHS_SYN_0020,Subject C,60,51,9,0.85
ENHS_SYN_0020,Subject D,59,55,4,0.9322
ENHS_SYN_0020,Subject E,60,54,6,0.9
ENHS_SYN_0021,Subject A,60,51,9,0.85
ENHS_SYN_0021,Subject B,60,54,6,0.9
ENHS_SYN_0021,Subject C,60,50,10,0.8333
ENHS_SYN_0021,Subject D,60,52,8,0.8667
ENHS_SYN_0021,Subject E,60,52,8,0.8667
ENHS_SYN_0022,Subject A,60,49,11,0.8167
ENHS_SYN_0022,Subject B,59,48,11,0.8136
ENHS_SYN_0022,Subject C,60,48,12,0.8
ENHS_SYN_0022,Subject D,60,47,13,0.7833
ENHS_SYN_0022,Subject E,60,49,11,0.8167
ENHS_SYN_0023,Subject A,60,47,13,0.7833
ENHS_SYN_0023,Subject B,60,50,10,0.8333
ENHS_SYN_0023,Subject C,60,47,13,0.7833
ENHS_SYN_0023,Subject D,60,47,13,0.7833
ENHS_SYN_0023,Subject E,60,52,8,0.8667
ENHS_SYN_0024,Subject A,60,56,4,0.9333
ENHS_SYN_0024,Subject B,60,55,5,0.9167
ENHS_SYN_0024,Subject C,60,49,11,0.8167
ENHS_SYN_0024,Subject D,60,53,7,0.8833
ENHS_SYN_0024,Subject E,60,53,7,0.8833
ENHS_SYN_0025,Subject A,60,51,9,0.85
ENHS_SYN_0025,Subject B,60,57,3,0.95
ENHS_SYN_0025,Subject C,60,53,7,0.8833
ENHS_SYN_0025,Subject D,60,52,8,0.8667
ENHS_SYN_0025,Subject E,59,51,8,0.8644
ENHS_SYN_0026,Subject A,60,49,11,0.8167
ENHS_SYN_0026,Subject B,60,46,14,0.7667
ENHS_SYN_0026,Subject C,60,42,18,0.7
ENHS_SYN_0026,Subject D,59,45,14,0.7627
ENHS_SYN_0026,Subject E,60,47,13,0.7833
ENHS_SYN_0027,Subject A,60,45,15,0.75
ENHS_SYN_0027,Subject B,60,53,7,0.8833
ENHS_SYN_0027,Subject C,60,46,14,0.7667
ENHS_SYN_0027,Subject D,60,48,12,0.8
ENHS_SYN_0027,Subject E,60,51,9,0.85
ENHS_SYN_0028,Subject A,60,46,14,0.7667
ENHS_SYN_0028,Subject B,59,52,7,0.8814
ENHS_SYN_0028,Subject C,60,51,9,0.85
ENHS_SYN_0028,Subject D,60,47,13,0.7833
ENHS_SYN_0028,Subject E,60,48,12,0.8
ENHS_SYN_0029,Subject A,60,51,9,0.85
ENHS_SYN_0029,Subject B,60,50,10,0.8333
ENHS_SYN_0029,Subject C,60,54,6,0.9
ENHS_SYN_0029,Subject D,60,55,5,0.9167
ENHS_SYN_0029,Subject E,60,49,11,0.8167
ENHS_SYN_0030,Subject A,60,59,1,0.9833
ENHS_SYN_0030,Subject B,60,56,4,0.9333
ENHS_SYN_0030,Subject C,60,59,1,0.9833
ENHS_SYN_0030,Subject D,60,58,2,0.9667
ENHS_SYN_0030,Subject E,60,57,3,0.95
ENHS_SYN_0031,Subject A,60,54,6,0.9
ENHS_SYN_0031,Subject B,60,53,7,0.8833
ENHS_SYN_0031,Subject C,60,52,8,0.8667
ENHS_SYN_0031,Subject D,60,56,4,0.9333
ENHS_SYN_0031,Subject E,60,53,7,0.8833
ENHS_SYN_0032,Subject A,60,54,6,0.9
ENHS_SYN_0032,Subject B,60,51,9,0.85
ENHS_SYN_0032,Subject C,60,51,9,0.85
ENHS_SYN_0032,Subject D,60,52,8,0.8667
ENHS_SYN_0032,Subject E,60,49,11,0.8167
ENHS_SYN_0033,Subject A,60,45,15,0.75
ENHS_SYN_0033,Subject B,60,44,16,0.7333
ENHS_SYN_0033,Subject C,60,46,14,0.7667
ENHS_SYN_0033,Subject D,60,47,13,0.7833
ENHS_SYN_0033,Subject E,60,50,10,0.8333
ENHS_SYN_0034,Subject A,60,53,7,0.8833
ENHS_SYN_0034,Subject B,60,52,8,0.8667
ENHS_SYN_0034,Subject C,60,50,10,0.8333
ENHS_SYN_0034,Subject D,60,55,5,0.9167
ENHS_SYN_0034,Subject E,60,52,8,0.8667
ENHS_SYN_0035,Subject A,59,48,11,0.8136
ENHS_SYN_0035,Subject B,60,51,9,0.85
ENHS_SYN_0035,Subject C,60,46,14,0.7667
ENHS_SYN_0035,Subject D,60,48,12,0.8
ENHS_SYN_0035,Subject E,60,50,10,0.8333
ENHS_SYN_0036,Subject A,60,56,4,0.9333
ENHS_SYN_0036,Subject B,60,57,3,0.95
ENHS_SYN_0036,Subject C,60,56,4,0.9333
ENHS_SYN_0036,Subject D,60,54,6,0.9
ENHS_SYN_0036,Subject E,59,51,8,0.8644
ENHS_SYN_0037,Subject A,60,60,0,1.0
ENHS_SYN_0037,Subject B,60,55,5,0.9167
ENHS_SYN_0037,Subject C,60,58,2,0.9667
ENHS_SYN_0037,Subject D,60,59,1,0.9833
ENHS_SYN_0037,Subject E,60,56,4,0.9333
ENHS_SYN_0038,Subject A,60,48,12,0.8
ENHS_SYN_0038,Subject B,60,48,12,0.8
ENHS_SYN_0038,Subject C,59,49,10,0.8305
ENHS_SYN_0038,Subject D,60,46,14,0.7667
ENHS_SYN_0038,Subject E,60,46,14,0.7667
ENHS_SYN_0039,Subject A,60,56,4,0.9333
ENHS_SYN_0039,Subject B,60,56,4,0.9333
ENHS_SYN_0039,Subject C,60,53,7,0.8833
ENHS_SYN_0039,Subject D,60,53,7,0.8833
ENHS_SYN_0039,Subject E,60,55,5,0.9167
ENHS_SYN_0040,Subject A,59,54,5,0.9153
ENHS_SYN_0040,Subject B,59,55,4,0.9322
ENHS_SYN_0040,Subject C,60,58,2,0.9667
ENHS_SYN_0040,Subject D,60,52,8,0.8667
ENHS_SYN_0040,Subject E,60,54,6,0.9
ENHS_SYN_0041,Subject A,60,51,9,0.85
ENHS_SYN_0041,Subject B,60,45,15,0.75
ENHS_SYN_0041,Subject C,60,45,15,0.75
ENHS_SYN_0041,Subject D,60,46,14,0.7667
ENHS_SYN_0041,Subject E,60,43,17,0.7167
ENHS_SYN_0042,Subject A,60,59,1,0.9833
ENHS_SYN_0042,Subject B,60,56,4,0.9333
ENHS_SYN_0042,Subject C,60,57,3,0.95
ENHS_SYN_0042,Subject D,60,57,3,0.95
ENHS_SYN_0042,Subject E,60,54,6,0.9
ENHS_SYN_0043,Subject A,60,49,11,0.8167
ENHS_SYN_0043,Subject B,60,51,9,0.85
ENHS_SYN_0043,Subject C,60,50,10,0.8333
ENHS_SYN_0043,Subject D,60,50,10,0.8333
ENHS_SYN_0043,Subject E,60,48,12,0.8
ENHS_SYN_0044,Subject A,60,47,13,0.7833
ENHS_SYN_0044,Subject B,60,47,13,0.7833
ENHS_SYN_0044,Subject C,60,51,9,0.85
ENHS_SYN_0044,Subject D,60,40,20,0.6667
ENHS_SYN_0044,Subject E,60,41,19,0.6833
ENHS_SYN_0045,Subject A,60,49,11,0.8167
ENHS_SYN_0045,Subject B,60,51,9,0.85
ENHS_SYN_0045,Subject C,60,55,5,0.9167
ENHS_SYN_0045,Subject D,60,45,15,0.75
ENHS_SYN_0045,Subject E,60,51,9,0.85
ENHS_SYN_0046,Subject A,60,55,5,0.9167
ENHS_SYN_0046,Subject B,60,55,5,0.9167
ENHS_SYN_0046,Subject C,60,57,3,0.95
ENHS_SYN_0046,Subject D,60,56,4,0.9333
ENHS_SYN_0046,Subject E,60,53,7,0.8833
ENHS_SYN_0047,Subject A,60,42,18,0.7
ENHS_SYN_0047,Subject B,60,43,17,0.7167
ENHS_SYN_0047,Subject C,60,48,12,0.8
ENHS_SYN_0047,Subject D,60,44,16,0.7333
ENHS_SYN_0047,Subject E,60,42,18,0.7
ENHS_SYN_0048,Subject A,60,48,12,0.8
ENHS_SYN_0048,Subject B,60,42,18,0.7
ENHS_SYN_0048,Subject C,60,46,14,0.7667
ENHS_SYN_0048,Subject D,60,47,13,0.7833
ENHS_SYN_0048,Subject E,60,41,19,0.6833
ENHS_SYN_0049,Subject A,60,50,10,0.8333
ENHS_SYN_0049,Subject B,60,48,12,0.8
ENHS_SYN_0049,Subject C,60,51,9,0.85
ENHS_SYN_0049,Subject D,60,51,9,0.85
ENHS_SYN_0049,Subject E,60,48,12,0.8
ENHS_SYN_0050,Subject A,60,43,17,0.7167
ENHS_SYN_0050,Subject B,60,45,15,0.75
ENHS_SYN_0050,Subject C,60,50,10,0.8333
ENHS_SYN_0050,Subject D,59,45,14,0.7627
ENHS_SYN_0050,Subject E,60,48,12,0.8
ENHS_SYN_0051,Subject A,60,54,6,0.9
ENHS_SYN_0051,Subject B,60,54,6,0.9
ENHS_SYN_0051,Subject C,60,48,12,0.8
ENHS_SYN_0051,Subject D,60,56,4,0.9333
ENHS_SYN_0051,Subject E,60,55,5,0.9167
ENHS_SYN_0052,Subject A,60,55,5,0.9167
ENHS_SYN_0052,Subject B,60,51,9,0.85
ENHS_SYN_0052,Subject C,60,60,0,1.0
ENHS_SYN_0052,Subject D,60,51,9,0.85
ENHS_SYN_0052,Subject E,60,57,3,0.95
ENHS_SYN_0053,Subject A,60,48,12,0.8
ENHS_SYN_0053,Subject B,60,51,9,0.85
ENHS_SYN_0053,Subject C,60,47,13,0.7833
ENHS_SYN_0053,Subject D,60,46,14,0.7667
ENHS_SYN_0053,Subject E,60,52,8,0.8667
ENHS_SYN_0054,Subject A,60,40,20,0.6667
ENHS_SYN_0054,Subject B,60,42,18,0.7
ENHS_SYN_0054,Subject C,60,51,9,0.85
ENHS_SYN_0054,Subject D,60,43,17,0.7167
ENHS_SYN_0054,Subject E,60,43,17,0.7167
ENHS_SYN_0055,Subject A,60,53,7,0.8833
ENHS_SYN_0055,Subject B,60,52,8,0.8667
ENHS_SYN_0055,Subject C,59,55,4,0.9322
ENHS_SYN_0055,Subject D,59,51,8,0.8644
ENHS_SYN_0055,Subject E,60,52,8,0.8667
ENHS_SYN_0056,Subject A,60,59,1,0.9833
ENHS_SYN_0056,Subject B,60,57,3,0.95
ENHS_SYN_0056,Subject C,60,58,2,0.9667
ENHS_SYN_0056,Subject D,60,59,1,0.9833
ENHS_SYN_0056,Subject E,60,57,3,0.95
ENHS_SYN_0057,Subject A,60,58,2,0.9667
ENHS_SYN_0057,Subject B,60,49,11,0.8167
ENHS_SYN_0057,Subject C,60,54,6,0.9
ENHS_SYN_0057,Subject D,60,48,12,0.8
ENHS_SYN_0057,Subject E,60,50,10,0.8333
ENHS_SYN_0058,Subject A,60,58,2,0.9667
ENHS_SYN_0058,Subject B,60,57,3,0.95
ENHS_SYN_0058,Subject C,60,59,1,0.9833
ENHS_SYN_0058,Subject D,60,55,5,0.9167
ENHS_SYN_0058,Subject E,60,53,7,0.8833
ENHS_SYN_0059,Subject A,60,59,1,0.9833
ENHS_SYN_0059,Subject B,60,59,1,0.9833
ENHS_SYN_0059,Subject C,60,58,2,0.9667
ENHS_SYN_0059,Subject D,60,56,4,0.9333
ENHS_SYN_0059,Subject E,60,55,5,0.9167
ENHS_SYN_0060,Subject A,60,51,9,0.85
ENHS_SYN_0060,Subject B,60,52,8,0.8667
ENHS_SYN_0060,Subject C,60,46,14,0.7667
ENHS_SYN_0060,Subject D,60,49,11,0.8167
ENHS_SYN_0060,Subject E,60,44,16,0.7333
ENHS_SYN_0061,Subject A,60,58,2,0.9667
ENHS_SYN_0061,Subject B,60,58,2,0.9667
ENHS_SYN_0061,Subject C,60,58,2,0.9667
ENHS_SYN_0061,Subject D,60,53,7,0.8833
ENHS_SYN_0061,Subject E,60,52,8,0.8667
ENHS_SYN_0062,Subject A,59,51,8,0.8644
ENHS_SYN_0062,Subject B,60,55,5,0.9167
ENHS_SYN_0062,Subject C,60,53,7,0.8833
ENHS_SYN_0062,Subject D,60,55,5,0.9167
ENHS_SYN_0062,Subject E,60,56,4,0.9333
ENHS_SYN_0063,Subject A,60,59,1,0.9833
ENHS_SYN_0063,Subject B,60,55,5,0.9167
ENHS_SYN_0063,Subject C,60,57,3,0.95
ENHS_SYN_0063,Subject D,60,55,5,0.9167
ENHS_SYN_0063,Subject E,60,59,1,0.9833
ENHS_SYN_0064,Subject A,60,53,7,0.8833
ENHS_SYN_0064,Subject B,60,52,8,0.8667
ENHS_SYN_0064,Subject C,60,52,8,0.8667
ENHS_SYN_0064,Subject D,60,58,2,0.9667
ENHS_SYN_0064,Subject E,60,49,11,0.8167
ENHS_SYN_0065,Subject A,60,56,4,0.9333
ENHS_SYN_0065,Subject B,60,52,8,0.8667
ENHS_SYN_0065,Subject C,60,55,5,0.9167
ENHS_SYN_0065,Subject D,60,59,1,0.9833
ENHS_SYN_0065,Subject E,60,52,8,0.8667
ENHS_SYN_0066,Subject A,60,57,3,0.95
ENHS_SYN_0066,Subject B,60,55,5,0.9167
ENHS_SYN_0066,Subject C,60,57,3,0.95
ENHS_SYN_0066,Subject D,60,52,8,0.8667
ENHS_SYN_0066,Subject E,60,53,7,0.8833
ENHS_SYN_0067,Subject A,60,56,4,0.9333
ENHS_SYN_0067,Subject B,60,47,13,0.7833
ENHS_SYN_0067,Subject C,59,46,13,0.7797
ENHS_SYN_0067,Subject D,60,46,14,0.7667
ENHS_SYN_0067,Subject E,60,51,9,0.85
ENHS_SYN_0068,Subject A,60,48,12,0.8
ENHS_SYN_0068,Subject B,59,55,4,0.9322
ENHS_SYN_0068,Subject C,60,54,6,0.9
ENHS_SYN_0068,Subject D,60,52,8,0.8667
ENHS_SYN_0068,Subject E,60,49,11,0.8167
ENHS_SYN_0069,Subject A,58,45,13,0.7759
ENHS_SYN_0069,Subject B,60,41,19,0.6833
ENHS_SYN_0069,Subject C,59,46,13,0.7797
ENHS_SYN_0069,Subject D,60,49,11,0.8167
ENHS_SYN_0069,Subject E,60,40,20,0.6667
ENHS_SYN_0070,Subject A,60,48,12,0.8
ENHS_SYN_0070,Subject B,60,51,9,0.85
ENHS_SYN_0070,Subject C,60,53,7,0.8833
ENHS_SYN_0070,Subject D,60,49,11,0.8167
ENHS_SYN_0070,Subject E,60,47,13,0.7833
ENHS_SYN_0071,Subject A,60,57,3,0.95
ENHS_SYN_0071,Subject B,60,58,2,0.9667
ENHS_SYN_0071,Subject C,60,58,2,0.9667
ENHS_SYN_0071,Subject D,60,60,0,1.0
ENHS_SYN_0071,Subject E,60,57,3,0.95
ENHS_SYN_0072,Subject A,60,57,3,0.95
ENHS_SYN_0072,Subject B,60,60,0,1.0
ENHS_SYN_0072,Subject C,60,59,1,0.9833
ENHS_SYN_0072,Subject D,59,53,6,0.8983
ENHS_SYN_0072,Subject E,60,58,2,0.9667
ENHS_SYN_0073,Subject A,60,53,7,0.8833
ENHS_SYN_0073,Subject B,60,52,8,0.8667
ENHS_SYN_0073,Subject C,60,57,3,0.95
ENHS_SYN_0073,Subject D,60,54,6,0.9
ENHS_SYN_0073,Subject E,59,54,5,0.9153
ENHS_SYN_0074,Subject A,60,49,11,0.8167
ENHS_SYN_0074,Subject B,60,44,16,0.7333
ENHS_SYN_0074,Subject C,60,53,7,0.8833
ENHS_SYN_0074,Subject D,60,45,15,0.75
ENHS_SYN_0074,Subject E,60,45,15,0.75
ENHS_SYN_0075,Subject A,60,57,3,0.95
ENHS_SYN_0075,Subject B,60,58,2,0.9667
ENHS_SYN_0075,Subject C,60,57,3,0.95
ENHS_SYN_0075,Subject D,60,59,1,0.9833
ENHS_SYN_0075,Subject E,60,53,7,0.8833
ENHS_SYN_0076,Subject A,59,55,4,0.9322
ENHS_SYN_0076,Subject B,60,57,3,0.95
ENHS_SYN_0076,Subject C,60,57,3,0.95
ENHS_SYN_0076,Subject D,60,55,5,0.9167
ENHS_SYN_0076,Subject E,60,56,4,0.9333
ENHS_SYN_0077,Subject A,60,52,8,0.8667
ENHS_SYN_0077,Subject B,60,51,9,0.85
ENHS_SYN_0077,Subject C,60,48,12,0.8
ENHS_SYN_0077,Subject D,60,51,9,0.85
ENHS_SYN_0077,Subject E,60,54,6,0.9
ENHS_SYN_0078,Subject A,60,58,2,0.9667
ENHS_SYN_0078,Subject B,60,53,7,0.8833
ENHS_SYN_0078,Subject C,60,53,7,0.8833
ENHS_SYN_0078,Subject D,59,55,4,0.9322
ENHS_SYN_0078,Subject E,60,58,2,0.9667
ENHS_SYN_0079,Subject A,60,50,10,0.8333
ENHS_SYN_0079,Subject B,60,50,10,0.8333
ENHS_SYN_0079,Subject C,60,54,6,0.9
ENHS_SYN_0079,Subject D,60,53,7,0.8833
ENHS_SYN_0079,Subject E,60,55,5,0.9167
ENHS_SYN_0080,Subject A,60,56,4,0.9333
ENHS_SYN_0080,Subject B,60,56,4,0.9333
ENHS_SYN_0080,Subject C,60,55,5,0.9167
ENHS_SYN_0080,Subject D,59,51,8,0.8644
ENHS_SYN_0080,Subject E,60,50,10,0.8333
ENHS_SYN_0081,Subject A,60,55,5,0.9167
ENHS_SYN_0081,Subject B,60,55,5,0.9167
ENHS_SYN_0081,Subject C,60,58,2,0.9667
ENHS_SYN_0081,Subject D,60,53,7,0.8833
ENHS_SYN_0081,Subject E,60,57,3,0.95
ENHS_SYN_0082,Subject A,60,56,4,0.9333
ENHS_SYN_0082,Subject B,60,54,6,0.9
ENHS_SYN_0082,Subject C,60,47,13,0.7833
ENHS_SYN_0082,Subject D,60,52,8,0.8667
ENHS_SYN_0082,Subject E,59,49,10,0.8305
ENHS_SYN_0083,Subject A,60,59,1,0.9833
ENHS_SYN_0083,Subject B,60,57,3,0.95
ENHS_SYN_0083,Subject C,60,57,3,0.95
ENHS_SYN_0083,Subject D,60,57,3,0.95
ENHS_SYN_0083,Subject E,60,58,2,0.9667
ENHS_SYN_0084,Subject A,60,51,9,0.85
ENHS_SYN_0084,Subject B,60,51,9,0.85
ENHS_SYN_0084,Subject C,60,55,5,0.9167
ENHS_SYN_0084,Subject D,60,49,11,0.8167
ENHS_SYN_0084,Subject E,60,56,4,0.9333
ENHS_SYN_0085,Subject A,60,51,9,0.85
ENHS_SYN_0085,Subject B,60,46,14,0.7667
ENHS_SYN_0085,Subject C,60,54,6,0.9
ENHS_SYN_0085,Subject D,60,49,11,0.8167
ENHS_SYN_0085,Subject E,60,43,17,0.7167
ENHS_SYN_0086,Subject A,60,54,6,0.9
ENHS_SYN_0086,Subject B,60,54,6,0.9
ENHS_SYN_0086,Subject C,60,54,6,0.9
ENHS_SYN_0086,Subject D,59,57,2,0.9661
ENHS_SYN_0086,Subject E,59,50,9,0.8475
ENHS_SYN_0087,Subject A,60,59,1,0.9833
ENHS_SYN_0087,Subject B,60,52,8,0.8667
ENHS_SYN_0087,Subject C,60,53,7,0.8833
ENHS_SYN_0087,Subject D,60,56,4,0.9333
ENHS_SYN_0087,Subject E,60,57,3,0.95
ENHS_SYN_0088,Subject A,60,58,2,0.9667
ENHS_SYN_0088,Subject B,60,58,2,0.9667
ENHS_SYN_0088,Subject C,60,59,1,0.9833
ENHS_SYN_0088,Subject D,60,54,6,0.9
ENHS_SYN_0088,Subject E,59,58,1,0.9831
ENHS_SYN_0089,Subject A,60,57,3,0.95
ENHS_SYN_0089,Subject B,60,53,7,0.8833
ENHS_SYN_0089,Subject C,60,49,11,0.8167
ENHS_SYN_0089,Subject D,60,54,6,0.9
ENHS_SYN_0089,Subject E,60,50,10,0.8333
ENHS_SYN_0090,Subject A,60,57,3,0.95
ENHS_SYN_0090,Subject B,60,58,2,0.9667
ENHS_SYN_0090,Subject C,60,57,3,0.95
ENHS_SYN_0090,Subject D,60,58,2,0.9667
ENHS_SYN_0090,Subject E,60,58,2,0.9667
ENHS_SYN_0091,Subject A,60,55,5,0.9167
ENHS_SYN_0091,Subject B,60,59,1,0.9833
ENHS_SYN_0091,Subject C,60,52,8,0.8667
ENHS_SYN_0091,Subject D,60,52,8,0.8667
ENHS_SYN_0091,Subject E,60,53,7,0.8833
ENHS_SYN_0092,Subject A,60,54,6,0.9
ENHS_SYN_0092,Subject B,60,49,11,0.8167
ENHS_SYN_0092,Subject C,59,54,5,0.9153
ENHS_SYN_0092,Subject D,60,55,5,0.9167
ENHS_SYN_0092,Subject E,60,46,14,0.7667
ENHS_SYN_0093,Subject A,60,59,1,0.9833
ENHS_SYN_0093,Subject B,59,58,1,0.9831
ENHS_SYN_0093,Subject C,59,57,2,0.9661
ENHS_SYN_0093,Subject D,60,58,2,0.9667
ENHS_SYN_0093,Subject E,60,57,3,0.95
ENHS_SYN_0094,Subject A,60,45,15,0.75
ENHS_SYN_0094,Subject B,60,47,13,0.7833
ENHS_SYN_0094,Subject C,60,43,17,0.7167
ENHS_SYN_0094,Subject D,60,45,15,0.75
ENHS_SYN_0094,Subject E,60,44,16,0.7333
ENHS_SYN_0095,Subject A,60,55,5,0.9167
ENHS_SYN_0095,Subject B,60,55,5,0.9167
ENHS_SYN_0095,Subject C,60,52,8,0.8667
ENHS_SYN_0095,Subject D,60,55,5,0.9167
ENHS_SYN_0095,Subject E,60,57,3,0.95
ENHS_SYN_0096,Subject A,59,48,11,0.8136
ENHS_SYN_0096,Subject B,59,47,12,0.7966
ENHS_SYN_0096,Subject C,60,53,7,0.8833
ENHS_SYN_0096,Subject D,60,47,13,0.7833
ENHS_SYN_0096,Subject E,59,51,8,0.8644
ENHS_SYN_0097,Subject A,60,57,3,0.95
ENHS_SYN_0097,Subject B,60,56,4,0.9333
ENHS_SYN_0097,Subject C,60,50,10,0.8333
ENHS_SYN_0097,Subject D,60,54,6,0.9
ENHS_SYN_0097,Subject E,60,53,7,0.8833
ENHS_SYN_0098,Subject A,60,52,8,0.8667
ENHS_SYN_0098,Subject B,60,47,13,0.7833
ENHS_SYN_0098,Subject C,60,54,6,0.9
ENHS_SYN_0098,Subject D,60,51,9,0.85
ENHS_SYN_0098,Subject E,60,49,11,0.8167
ENHS_SYN_0099,Subject A,60,53,7,0.8833
ENHS_SYN_0099,Subject B,60,53,7,0.8833
ENHS_SYN_0099,Subject C,59,50,9,0.8475
ENHS_SYN_0099,Subject D,60,48,12,0.8
ENHS_SYN_0099,Subject E,60,52,8,0.8667
ENHS_SYN_0100,Subject A,60,45,15,0.75
ENHS_SYN_0100,Subject B,59,44,15,0.7458
ENHS_SYN_0100,Subject C,60,55,5,0.9167
ENHS_SYN_0100,Subject D,60,52,8,0.8667
ENHS_SYN_0100,Subject E,60,51,9,0.85
ENHS_SYN_0101,Subject A,60,46,14,0.7667
ENHS_SYN_0101,Subject B,60,48,12,0.8
ENHS_SYN_0101,Subject C,60,45,15,0.75
ENHS_SYN_0101,Subject D,60,45,15,0.75
ENHS_SYN_0101,Subject E,60,42,18,0.7
ENHS_SYN_0102,Subject A,60,49,11,0.8167
ENHS_SYN_0102,Subject B,60,48,12,0.8
ENHS_SYN_0102,Subject C,60,52,8,0.8667
ENHS_SYN_0102,Subject D,60,49,11,0.8167
ENHS_SYN_0102,Subject E,60,51,9,0.85
ENHS_SYN_0103,Subject A,60,52,8,0.8667
ENHS_SYN_0103,Subject B,60,49,11,0.8167
ENHS_SYN_0103,Subject C,59,47,12,0.7966
ENHS_SYN_0103,Subject D,60,49,11,0.8167
ENHS_SYN_0103,Subject E,60,46,14,0.7667
ENHS_SYN_0104,Subject A,59,55,4,0.9322
ENHS_SYN_0104,Subject B,59,55,4,0.9322
ENHS_SYN_0104,Subject C,60,55,5,0.9167
ENHS_SYN_0104,Subject D,60,50,10,0.8333
ENHS_SYN_0104,Subject E,60,52,8,0.8667
ENHS_SYN_0105,Subject A,60,50,10,0.8333
ENHS_SYN_0105,Subject B,60,48,12,0.8
ENHS_SYN_0105,Subject C,60,53,7,0.8833
ENHS_SYN_0105,Subject D,59,47,12,0.7966
ENHS_SYN_0105,Subject E,59,50,9,0.8475
ENHS_SYN_0106,Subject A,60,56,4,0.9333
ENHS_SYN_0106,Subject B,60,55,5,0.9167
ENHS_SYN_0106,Subject C,60,51,9,0.85
ENHS_SYN_0106,Subject D,60,56,4,0.9333
ENHS_SYN_0106,Subject E,59,52,7,0.8814
ENHS_SYN_0107,Subject A,60,52,8,0.8667
ENHS_SYN_0107,Subject B,60,57,3,0.95
ENHS_SYN_0107,Subject C,60,54,6,0.9
ENHS_SYN_0107,Subject D,60,55,5,0.9167
ENHS_SYN_0107,Subject E,60,51,9,0.85
ENHS_SYN_0108,Subject A,60,52,8,0.8667
ENHS_SYN_0108,Subject B,60,50,10,0.8333
ENHS_SYN_0108,Subject C,60,53,7,0.8833
ENHS_SYN_0108,Subject D,60,57,3,0.95
ENHS_SYN_0108,Subject E,60,52,8,0.8667
ENHS_SYN_0109,Subject A,60,59,1,0.9833
ENHS_SYN_0109,Subject B,60,56,4,0.9333
ENHS_SYN_0109,Subject C,60,54,6,0.9
ENHS_SYN_0109,Subject D,60,55,5,0.9167
ENHS_SYN_0109,Subject E,60,52,8,0.8667
ENHS_SYN_0110,Subject A,60,48,12,0.8
ENHS_SYN_0110,Subject B,60,45,15,0.75
ENHS_SYN_0110,Subject C,60,45,15,0.75
ENHS_SYN_0110,Subject D,60,47,13,0.7833
ENHS_SYN_0110,Subject E,60,50,10,0.8333
ENHS_SYN_0111,Subject A,60,50,10,0.8333
ENHS_SYN_0111,Subject B,60,47,13,0.7833
ENHS_SYN_0111,Subject C,60,47,13,0.7833
ENHS_SYN_0111,Subject D,60,46,14,0.7667
ENHS_SYN_0111,Subject E,60,43,17,0.7167
ENHS_SYN_0112,Subject A,60,58,2,0.9667
ENHS_SYN_0112,Subject B,60,59,1,0.9833
ENHS_SYN_0112,Subject C,60,58,2,0.9667
ENHS_SYN_0112,Subject D,60,54,6,0.9
ENHS_SYN_0112,Subject E,60,56,4,0.9333
ENHS_SYN_0113,Subject A,60,57,3,0.95
ENHS_SYN_0113,Subject B,60,53,7,0.8833
ENHS_SYN_0113,Subject C,60,53,7,0.8833
ENHS_SYN_0113,Subject D,60,55,5,0.9167
ENHS_SYN_0113,Subject E,60,56,4,0.9333
ENHS_SYN_0114,Subject A,59,59,0,1.0
ENHS_SYN_0114,Subject B,60,60,0,1.0
ENHS_SYN_0114,Subject C,60,59,1,0.9833
ENHS_SYN_0114,Subject D,59,55,4,0.9322
ENHS_SYN_0114,Subject E,60,57,3,0.95
ENHS_SYN_0115,Subject A,60,57,3,0.95
ENHS_SYN_0115,Subject B,60,59,1,0.9833
ENHS_SYN_0115,Subject C,60,59,1,0.9833
ENHS_SYN_0115,Subject D,60,59,1,0.9833
ENHS_SYN_0115,Subject E,59,57,2,0.9661
ENHS_SYN_0116,Subject A,60,54,6,0.9
ENHS_SYN_0116,Subject B,60,54,6,0.9
ENHS_SYN_0116,Subject C,60,57,3,0.95
ENHS_SYN_0116,Subject D,60,51,9,0.85
ENHS_SYN_0116,Subject E,60,57,3,0.95
ENHS_SYN_0117,Subject A,60,59,1,0.9833
ENHS_SYN_0117,Subject B,60,55,5,0.9167
ENHS_SYN_0117,Subject C,60,53,7,0.8833
ENHS_SYN_0117,Subject D,60,56,4,0.9333
ENHS_SYN_0117,Subject E,60,56,4,0.9333
ENHS_SYN_0118,Subject A,60,45,15,0.75
ENHS_SYN_0118,Subject B,60,47,13,0.7833
ENHS_SYN_0118,Subject C,60,45,15,0.75
ENHS_SYN_0118,Subject D,60,47,13,0.7833
ENHS_SYN_0118,Subject E,60,44,16,0.7333
ENHS_SYN_0119,Subject A,60,54,6,0.9
ENHS_SYN_0119,Subject B,60,57,3,0.95
ENHS_SYN_0119,Subject C,60,56,4,0.9333
ENHS_SYN_0119,Subject D,60,54,6,0.9
ENHS_SYN_0119,Subject E,60,54,6,0.9
ENHS_SYN_0120,Subject A,60,55,5,0.9167
ENHS_SYN_0120,Subject B,59,55,4,0.9322
ENHS_SYN_0120,Subject C,60,52,8,0.8667
ENHS_SYN_0120,Subject D,60,54,6,0.9
ENHS_SYN_0120,Subject E,60,53,7,0.8833
ENHS_SYN_0121,Subject A,60,55,5,0.9167
ENHS_SYN_0121,Subject B,60,56,4,0.9333
ENHS_SYN_0121,Subject C,60,60,0,1.0
ENHS_SYN_0121,Subject D,60,59,1,0.9833
ENHS_SYN_0121,Subject E,59,55,4,0.9322
ENHS_SYN_0122,Subject A,59,55,4,0.9322
ENHS_SYN_0122,Subject B,59,54,5,0.9153
ENHS_SYN_0122,Subject C,60,55,5,0.9167
ENHS_SYN_0122,Subject D,60,56,4,0.9333
ENHS_SYN_0122,Subject E,60,55,5,0.9167
ENHS_SYN_0123,Subject A,60,52,8,0.8667
ENHS_SYN_0123,Subject B,60,48,12,0.8
ENHS_SYN_0123,Subject C,59,56,3,0.9492
ENHS_SYN_0123,Subject D,59,49,10,0.8305
ENHS_SYN_0123,Subject E,60,46,14,0.7667
ENHS_SYN_0124,Subject A,60,58,2,0.9667
ENHS_SYN_0124,Subject B,60,59,1,0.9833
ENHS_SYN_0124,Subject C,59,59,0,1.0
ENHS_SYN_0124,Subject D,60,59,1,0.9833
ENHS_SYN_0124,Subject E,60,58,2,0.9667
ENHS_SYN_0125,Subject A,60,58,2,0.9667
ENHS_SYN_0125,Subject B,60,60,0,1.0
ENHS_SYN_0125,Subject C,60,58,2,0.9667
ENHS_SYN_0125,Subject D,59,57,2,0.9661
ENHS_SYN_0125,Subject E,60,58,2,0.9667
ENHS_SYN_0126,Subject A,60,45,15,0.75
ENHS_SYN_0126,Subject B,60,41,19,0.6833
ENHS_SYN_0126,Subject C,60,48,12,0.8
ENHS_SYN_0126,Subject D,60,43,17,0.7167
ENHS_SYN_0126,Subject E,60,44,16,0.7333
ENHS_SYN_0127,Subject A,60,43,17,0.7167
ENHS_SYN_0127,Subject B,60,39,21,0.65
ENHS_SYN_0127,Subject C,59,43,16,0.7288
ENHS_SYN_0127,Subject D,60,43,17,0.7167
ENHS_SYN_0127,Subject E,60,46,14,0.7667
ENHS_SYN_0128,Subject A,60,53,7,0.8833
ENHS_SYN_0128,Subject B,60,49,11,0.8167
ENHS_SYN_0128,Subject C,60,47,13,0.7833
ENHS_SYN_0128,Subject D,60,41,19,0.6833
ENHS_SYN_0128,Subject E,60,42,18,0.7
ENHS_SYN_0129,Subject A,60,55,5,0.9167
ENHS_SYN_0129,Subject B,60,51,9,0.85
ENHS_SYN_0129,Subject C,60,50,10,0.8333
ENHS_SYN_0129,Subject D,60,53,7,0.8833
ENHS_SYN_0129,Subject E,60,51,9,0.85
ENHS_SYN_0130,Subject A,60,57,3,0.95
ENHS_SYN_0130,Subject B,60,55,5,0.9167
ENHS_SYN_0130,Subject C,60,53,7,0.8833
ENHS_SYN_0130,Subject D,60,54,6,0.9
ENHS_SYN_0130,Subject E,60,56,4,0.9333
ENHS_SYN_0131,Subject A,60,49,11,0.8167
ENHS_SYN_0131,Subject B,60,52,8,0.8667
ENHS_SYN_0131,Subject C,60,48,12,0.8
ENHS_SYN_0131,Subject D,59,45,14,0.7627
ENHS_SYN_0131,Subject E,60,45,15,0.75
ENHS_SYN_0132,Subject A,60,50,10,0.8333
ENHS_SYN_0132,Subject B,60,51,9,0.85
ENHS_SYN_0132,Subject C,60,51,9,0.85
ENHS_SYN_0132,Subject D,60,51,9,0.85
ENHS_SYN_0132,Subject E,60,47,13,0.7833
ENHS_SYN_0133,Subject A,60,57,3,0.95
ENHS_SYN_0133,Subject B,60,56,4,0.9333
ENHS_SYN_0133,Subject C,59,52,7,0.8814
ENHS_SYN_0133,Subject D,60,54,6,0.9
ENHS_SYN_0133,Subject E,60,54,6,0.9
ENHS_SYN_0134,Subject A,60,55,5,0.9167
ENHS_SYN_0134,Subject B,60,54,6,0.9
ENHS_SYN_0134,Subject C,60,56,4,0.9333
ENHS_SYN_0134,Subject D,60,53,7,0.8833
ENHS_SYN_0134,Subject E,59,52,7,0.8814
ENHS_SYN_0135,Subject A,60,55,5,0.9167
ENHS_SYN_0135,Subject B,60,48,12,0.8
ENHS_SYN_0135,Subject C,60,54,6,0.9
ENHS_SYN_0135,Subject D,60,52,8,0.8667
ENHS_SYN_0135,Subject E,60,51,9,0.85
ENHS_SYN_0136,Subject A,60,54,6,0.9
ENHS_SYN_0136,Subject B,60,55,5,0.9167
ENHS_SYN_0136,Subject C,60,58,2,0.9667
ENHS_SYN_0136,Subject D,60,56,4,0.9333
ENHS_SYN_0136,Subject E,60,50,10,0.8333
ENHS_SYN_0137,Subject A,59,53,6,0.8983
ENHS_SYN_0137,Subject B,60,59,1,0.9833
ENHS_SYN_0137,Subject C,60,54,6,0.9
ENHS_SYN_0137,Subject D,60,50,10,0.8333
ENHS_SYN_0137,Subject E,60,53,7,0.8833
ENHS_SYN_0138,Subject A,59,42,17,0.7119
ENHS_SYN_0138,Subject B,60,45,15,0.75
ENHS_SYN_0138,Subject C,60,45,15,0.75
ENHS_SYN_0138,Subject D,60,42,18,0.7
ENHS_SYN_0138,Subject E,59,39,20,0.661
ENHS_SYN_0139,Subject A,60,50,10,0.8333
ENHS_SYN_0139,Subject B,60,52,8,0.8667
ENHS_SYN_0139,Subject C,60,55,5,0.9167
ENHS_SYN_0139,Subject D,60,55,5,0.9167
ENHS_SYN_0139,Subject E,59,50,9,0.8475
ENHS_SYN_0140,Subject A,60,56,4,0.9333
ENHS_SYN_0140,Subject B,60,57,3,0.95
ENHS_SYN_0140,Subject C,60,57,3,0.95
ENHS_SYN_0140,Subject D,60,58,2,0.9667
ENHS_SYN_0140,Subject E,60,57,3,0.95
ENHS_SYN_0141,Subject A,60,57,3,0.95
ENHS_SYN_0141,Subject B,60,55,5,0.9167
ENHS_SYN_0141,Subject C,60,57,3,0.95
ENHS_SYN_0141,Subject D,60,54,6,0.9
ENHS_SYN_0141,Subject E,60,50,10,0.8333
ENHS_SYN_0142,Subject A,60,46,14,0.7667
ENHS_SYN_0142,Subject B,59,49,10,0.8305
ENHS_SYN_0142,Subject C,60,49,11,0.8167
ENHS_SYN_0142,Subject D,60,48,12,0.8
ENHS_SYN_0142,Subject E,60,51,9,0.85
ENHS_SYN_0143,Subject A,60,51,9,0.85
ENHS_SYN_0143,Subject B,60,47,13,0.7833
ENHS_SYN_0143,Subject C,59,52,7,0.8814
ENHS_SYN_0143,Subject D,60,56,4,0.9333
ENHS_SYN_0143,Subject E,59,49,10,0.8305
ENHS_SYN_0144,Subject A,60,46,14,0.7667
ENHS_SYN_0144,Subject B,60,50,10,0.8333
ENHS_SYN_0144,Subject C,60,49,11,0.8167
ENHS_SYN_0144,Subject D,59,47,12,0.7966
ENHS_SYN_0144,Subject E,60,52,8,0.8667
ENHS_SYN_0145,Subject A,60,57,3,0.95
ENHS_SYN_0145,Subject B,60,60,0,1.0
ENHS_SYN_0145,Subject C,60,59,1,0.9833
ENHS_SYN_0145,Subject D,60,51,9,0.85
ENHS_SYN_0145,Subject E,60,56,4,0.9333
ENHS_SYN_0146,Subject A,60,60,0,1.0
ENHS_SYN_0146,Subject B,60,60,0,1.0
ENHS_SYN_0146,Subject C,60,58,2,0.9667
ENHS_SYN_0146,Subject D,60,56,4,0.9333
ENHS_SYN_0146,Subject E,58,53,5,0.9138
ENHS_SYN_0147,Subject A,60,49,11,0.8167
ENHS_SYN_0147,Subject B,60,54,6,0.9
ENHS_SYN_0147,Subject C,60,54,6,0.9
ENHS_SYN_0147,Subject D,60,52,8,0.8667
ENHS_SYN_0147,Subject E,60,50,10,0.8333
ENHS_SYN_0148,Subject A,60,49,11,0.8167
ENHS_SYN_0148,Subject B,60,51,9,0.85
ENHS_SYN_0148,Subject C,60,50,10,0.8333
ENHS_SYN_0148,Subject D,60,48,12,0.8
ENHS_SYN_0148,Subject E,60,46,14,0.7667
ENHS_SYN_0149,Subject A,60,54,6,0.9
ENHS_SYN_0149,Subject B,60,58,2,0.9667
ENHS_SYN_0149,Subject C,58,51,7,0.8793
ENHS_SYN_0149,Subject D,60,54,6,0.9
ENHS_SYN_0149,Subject E,60,54,6,0.9
ENHS_SYN_0150,Subject A,60,42,18,0.7
ENHS_SYN_0150,Subject B,60,43,17,0.7167
ENHS_SYN_0150,Subject C,60,46,14,0.7667
ENHS_SYN_0150,Subject D,60,47,13,0.7833
ENHS_SYN_0150,Subject E,60,40,20,0.6667
ENHS_SYN_0151,Subject A,60,49,11,0.8167
ENHS_SYN_0151,Subject B,59,50,9,0.8475
ENHS_SYN_0151,Subject C,60,55,5,0.9167
ENHS_SYN_0151,Subject D,60,51,9,0.85
ENHS_SYN_0151,Subject E,60,50,10,0.8333
ENHS_SYN_0152,Subject A,60,51,9,0.85
ENHS_SYN_0152,Subject B,60,54,6,0.9
ENHS_SYN_0152,Subject C,60,49,11,0.8167
ENHS_SYN_0152,Subject D,60,40,20,0.6667
ENHS_SYN_0152,Subject E,60,49,11,0.8167
ENHS_SYN_0153,Subject A,60,54,6,0.9
ENHS_SYN_0153,Subject B,60,52,8,0.8667
ENHS_SYN_0153,Subject C,60,53,7,0.8833
ENHS_SYN_0153,Subject D,60,57,3,0.95
ENHS_SYN_0153,Subject E,60,56,4,0.9333
ENHS_SYN_0154,Subject A,60,47,13,0.7833
ENHS_SYN_0154,Subject B,60,51,9,0.85
ENHS_SYN_0154,Subject C,60,46,14,0.7667
ENHS_SYN_0154,Subject D,60,52,8,0.8667
ENHS_SYN_0154,Subject E,60,51,9,0.85
ENHS_SYN_0155,Subject A,60,51,9,0.85
ENHS_SYN_0155,Subject B,60,46,14,0.7667
ENHS_SYN_0155,Subject C,60,51,9,0.85
ENHS_SYN_0155,Subject D,60,48,12,0.8
ENHS_SYN_0155,Subject E,60,51,9,0.85
ENHS_SYN_0156,Subject A,59,54,5,0.9153
ENHS_SYN_0156,Subject B,60,56,4,0.9333
ENHS_SYN_0156,Subject C,59,54,5,0.9153
ENHS_SYN_0156,Subject D,59,56,3,0.9492
ENHS_SYN_0156,Subject E,60,54,6,0.9
ENHS_SYN_0157,Subject A,60,53,7,0.8833
ENHS_SYN_0157,Subject B,60,58,2,0.9667
ENHS_SYN_0157,Subject C,60,56,4,0.9333
ENHS_SYN_0157,Subject D,59,56,3,0.9492
ENHS_SYN_0157,Subject E,60,54,6,0.9
ENHS_SYN_0158,Subject A,60,50,10,0.8333
ENHS_SYN_0158,Subject B,60,52,8,0.8667
ENHS_SYN_0158,Subject C,60,53,7,0.8833
ENHS_SYN_0158,Subject D,59,48,11,0.8136
ENHS_SYN_0158,Subject E,60,56,4,0.9333
ENHS_SYN_0159,Subject A,60,53,7,0.8833
ENHS_SYN_0159,Subject B,60,53,7,0.8833
ENHS_SYN_0159,Subject C,60,55,5,0.9167
ENHS_SYN_0159,Subject D,60,55,5,0.9167
ENHS_SYN_0159,Subject E,60,56,4,0.9333
ENHS_SYN_0160,Subject A,60,49,11,0.8167
ENHS_SYN_0160,Subject B,60,50,10,0.8333
ENHS_SYN_0160,Subject C,60,52,8,0.8667
ENHS_SYN_0160,Subject D,60,49,11,0.8167
ENHS_SYN_0160,Subject E,60,49,11,0.8167
ENHS_SYN_0161,Subject A,60,60,0,1.0
ENHS_SYN_0161,Subject B,60,57,3,0.95
ENHS_SYN_0161,Subject C,60,59,1,0.9833
ENHS_SYN_0161,Subject D,59,55,4,0.9322
ENHS_SYN_0161,Subject E,60,54,6,0.9
ENHS_SYN_0162,Subject A,60,43,17,0.7167
ENHS_SYN_0162,Subject B,60,41,19,0.6833
ENHS_SYN_0162,Subject C,60,50,10,0.8333
ENHS_SYN_0162,Subject D,60,35,25,0.5833
ENHS_SYN_0162,Subject E,60,41,19,0.6833
ENHS_SYN_0163,Subject A,60,58,2,0.9667
ENHS_SYN_0163,Subject B,60,54,6,0.9
ENHS_SYN_0163,Subject C,60,56,4,0.9333
ENHS_SYN_0163,Subject D,60,55,5,0.9167
ENHS_SYN_0163,Subject E,60,51,9,0.85
ENHS_SYN_0164,Subject A,60,56,4,0.9333
ENHS_SYN_0164,Subject B,60,59,1,0.9833
ENHS_SYN_0164,Subject C,60,60,0,1.0
ENHS_SYN_0164,Subject D,60,54,6,0.9
ENHS_SYN_0164,Subject E,60,55,5,0.9167
ENHS_SYN_0165,Subject A,60,46,14,0.7667
ENHS_SYN_0165,Subject B,60,44,16,0.7333
ENHS_SYN_0165,Subject C,60,48,12,0.8
ENHS_SYN_0165,Subject D,60,48,12,0.8
ENHS_SYN_0165,Subject E,60,52,8,0.8667
ENHS_SYN_0166,Subject A,60,56,4,0.9333
ENHS_SYN_0166,Subject B,60,59,1,0.9833
ENHS_SYN_0166,Subject C,60,57,3,0.95
ENHS_SYN_0166,Subject D,60,56,4,0.9333
ENHS_SYN_0166,Subject E,60,48,12,0.8
ENHS_SYN_0167,Subject A,60,55,5,0.9167
ENHS_SYN_0167,Subject B,60,57,3,0.95
ENHS_SYN_0167,Subject C,60,56,4,0.9333
ENHS_SYN_0167,Subject D,60,53,7,0.8833
ENHS_SYN_0167,Subject E,59,55,4,0.9322
ENHS_SYN_0168,Subject A,60,50,10,0.8333
ENHS_SYN_0168,Subject B,60,37,23,0.6167
ENHS_SYN_0168,Subject C,59,48,11,0.8136
ENHS_SYN_0168,Subject D,60,45,15,0.75
ENHS_SYN_0168,Subject E,59,43,16,0.7288
ENHS_SYN_0169,Subject A,59,50,9,0.8475
ENHS_SYN_0169,Subject B,60,52,8,0.8667
ENHS_SYN_0169,Subject C,60,49,11,0.8167
ENHS_SYN_0169,Subject D,60,48,12,0.8
ENHS_SYN_0169,Subject E,60,49,11,0.8167
ENHS_SYN_0170,Subject A,60,58,2,0.9667
ENHS_SYN_0170,Subject B,60,57,3,0.95
ENHS_SYN_0170,Subject C,59,52,7,0.8814
ENHS_SYN_0170,Subject D,60,57,3,0.95
ENHS_SYN_0170,Subject E,59,57,2,0.9661
ENHS_SYN_0171,Subject A,60,57,3,0.95
ENHS_SYN_0171,Subject B,60,50,10,0.8333
ENHS_SYN_0171,Subject C,60,54,6,0.9
ENHS_SYN_0171,Subject D,60,53,7,0.8833
ENHS_SYN_0171,Subject E,60,51,9,0.85
ENHS_SYN_0172,Subject A,60,44,16,0.7333
ENHS_SYN_0172,Subject B,60,48,12,0.8
ENHS_SYN_0172,Subject C,60,44,16,0.7333
ENHS_SYN_0172,Subject D,60,50,10,0.8333
ENHS_SYN_0172,Subject E,60,45,15,0.75
ENHS_SYN_0173,Subject A,60,46,14,0.7667
ENHS_SYN_0173,Subject B,60,47,13,0.7833
ENHS_SYN_0173,Subject C,60,42,18,0.7
ENHS_SYN_0173,Subject D,60,47,13,0.7833
ENHS_SYN_0173,Subject E,60,45,15,0.75
ENHS_SYN_0174,Subject A,60,52,8,0.8667
ENHS_SYN_0174,Subject B,60,55,5,0.9167
ENHS_SYN_0174,Subject C,60,48,12,0.8
ENHS_SYN_0174,Subject D,60,55,5,0.9167
ENHS_SYN_0174,Subject E,60,53,7,0.8833
ENHS_SYN_0175,Subject A,60,47,13,0.7833
ENHS_SYN_0175,Subject B,60,51,9,0.85
ENHS_SYN_0175,Subject C,60,47,13,0.7833
ENHS_SYN_0175,Subject D,60,51,9,0.85
ENHS_SYN_0175,Subject E,60,45,15,0.75
ENHS_SYN_0176,Subject A,60,55,5,0.9167
ENHS_SYN_0176,Subject B,60,56,4,0.9333
ENHS_SYN_0176,Subject C,60,53,7,0.8833
ENHS_SYN_0176,Subject D,60,56,4,0.9333
ENHS_SYN_0176,Subject E,60,53,7,0.8833
ENHS_SYN_0177,Subject A,60,50,10,0.8333
ENHS_SYN_0177,Subject B,60,50,10,0.8333
ENHS_SYN_0177,Subject C,60,52,8,0.8667
ENHS_SYN_0177,Subject D,60,54,6,0.9
ENHS_SYN_0177,Subject E,60,48,12,0.8
ENHS_SYN_0178,Subject A,60,56,4,0.9333
ENHS_SYN_0178,Subject B,60,50,10,0.8333
ENHS_SYN_0178,Subject C,60,52,8,0.8667
ENHS_SYN_0178,Subject D,60,50,10,0.8333
ENHS_SYN_0178,Subject E,60,53,7,0.8833
ENHS_SYN_0179,Subject A,60,55,5,0.9167
ENHS_SYN_0179,Subject B,60,53,7,0.8833
ENHS_SYN_0179,Subject C,60,52,8,0.8667
ENHS_SYN_0179,Subject D,60,47,13,0.7833
ENHS_SYN_0179,Subject E,59,51,8,0.8644
ENHS_SYN_0180,Subject A,59,52,7,0.8814
ENHS_SYN_0180,Subject B,60,54,6,0.9
ENHS_SYN_0180,Subject C,60,49,11,0.8167
ENHS_SYN_0180,Subject D,59,51,8,0.8644
ENHS_SYN_0180,Subject E,60,50,10,0.8333
ENHS_SYN_0181,Subject A,59,56,3,0.9492
ENHS_SYN_0181,Subject B,60,58,2,0.9667
ENHS_SYN_0181,Subject C,60,57,3,0.95
ENHS_SYN_0181,Subject D,60,58,2,0.9667
ENHS_SYN_0181,Subject E,60,60,0,1.0
ENHS_SYN_0182,Subject A,60,45,15,0.75
ENHS_SYN_0182,Subject B,60,48,12,0.8
ENHS_SYN_0182,Subject C,60,42,18,0.7
ENHS_SYN_0182,Subject D,60,45,15,0.75
ENHS_SYN_0182,Subject E,60,50,10,0.8333
ENHS_SYN_0183,Subject A,60,57,3,0.95
ENHS_SYN_0183,Subject B,60,57,3,0.95
ENHS_SYN_0183,Subject C,60,56,4,0.9333
ENHS_SYN_0183,Subject D,60,55,5,0.9167
ENHS_SYN_0183,Subject E,60,59,1,0.9833
ENHS_SYN_0184,Subject A,60,41,19,0.6833
ENHS_SYN_0184,Subject B,60,46,14,0.7667
ENHS_SYN_0184,Subject C,60,48,12,0.8
ENHS_SYN_0184,Subject D,60,41,19,0.6833
ENHS_SYN_0184,Subject E,60,42,18,0.7
ENHS_SYN_0185,Subject A,59,46,13,0.7797
ENHS_SYN_0185,Subject B,60,48,12,0.8
ENHS_SYN_0185,Subject C,60,42,18,0.7
ENHS_SYN_0185,Subject D,60,53,7,0.8833
ENHS_SYN_0185,Subject E,60,47,13,0.7833
ENHS_SYN_0186,Subject A,60,50,10,0.8333
ENHS_SYN_0186,Subject B,60,52,8,0.8667
ENHS_SYN_0186,Subject C,60,47,13,0.7833
ENHS_SYN_0186,Subject D,60,48,12,0.8
ENHS_SYN_0186,Subject E,60,51,9,0.85
ENHS_SYN_0187,Subject A,60,56,4,0.9333
ENHS_SYN_0187,Subject B,60,56,4,0.9333
ENHS_SYN_0187,Subject C,60,58,2,0.9667
ENHS_SYN_0187,Subject D,60,56,4,0.9333
ENHS_SYN_0187,Subject E,60,56,4,0.9333
ENHS_SYN_0188,Subject A,60,53,7,0.8833
ENHS_SYN_0188,Subject B,60,54,6,0.9
ENHS_SYN_0188,Subject C,60,48,12,0.8
ENHS_SYN_0188,Subject D,60,53,7,0.8833
ENHS_SYN_0188,Subject E,60,58,2,0.9667
ENHS_SYN_0189,Subject A,60,40,20,0.6667
ENHS_SYN_0189,Subject B,60,52,8,0.8667
ENHS_SYN_0189,Subject C,60,40,20,0.6667
ENHS_SYN_0189,Subject D,60,50,10,0.8333
ENHS_SYN_0189,Subject E,60,41,19,0.6833
ENHS_SYN_0190,Subject A,60,46,14,0.7667
ENHS_SYN_0190,Subject B,60,49,11,0.8167
ENHS_SYN_0190,Subject C,60,46,14,0.7667
ENHS_SYN_0190,Subject D,60,47,13,0.7833
ENHS_SYN_0190,Subject E,60,45,15,0.75
ENHS_SYN_0191,Subject A,60,57,3,0.95
ENHS_SYN_0191,Subject B,60,59,1,0.9833
ENHS_SYN_0191,Subject C,59,58,1,0.9831
ENHS_SYN_0191,Subject D,60,57,3,0.95
ENHS_SYN_0191,Subject E,60,58,2,0.9667
ENHS_SYN_0192,Subject A,60,56,4,0.9333
ENHS_SYN_0192,Subject B,60,57,3,0.95
ENHS_SYN_0192,Subject C,60,56,4,0.9333
ENHS_SYN_0192,Subject D,59,54,5,0.9153
ENHS_SYN_0192,Subject E,60,51,9,0.85
ENHS_SYN_0193,Subject A,60,53,7,0.8833
ENHS_SYN_0193,Subject B,60,53,7,0.8833
ENHS_SYN_0193,Subject C,60,57,3,0.95
ENHS_SYN_0193,Subject D,60,54,6,0.9
ENHS_SYN_0193,Subject E,60,48,12,0.8
ENHS_SYN_0194,Subject A,60,59,1,0.9833
ENHS_SYN_0194,Subject B,60,57,3,0.95
ENHS_SYN_0194,Subject C,60,55,5,0.9167
ENHS_SYN_0194,Subject D,60,48,12,0.8
ENHS_SYN_0194,Subject E,60,56,4,0.9333
ENHS_SYN_0195,Subject A,60,49,11,0.8167
ENHS_SYN_0195,Subject B,60,50,10,0.8333
ENHS_SYN_0195,Subject C,60,50,10,0.8333
ENHS_SYN_0195,Subject D,59,47,12,0.7966
ENHS_SYN_0195,Subject E,60,48,12,0.8
ENHS_SYN_0196,Subject A,60,52,8,0.8667
ENHS_SYN_0196,Subject B,60,56,4,0.9333
ENHS_SYN_0196,Subject C,60,54,6,0.9
ENHS_SYN_0196,Subject D,60,54,6,0.9
ENHS_SYN_0196,Subject E,60,52,8,0.8667
ENHS_SYN_0197,Subject A,60,57,3,0.95
ENHS_SYN_0197,Subject B,60,58,2,0.9667
ENHS_SYN_0197,Subject C,60,56,4,0.9333
ENHS_SYN_0197,Subject D,60,53,7,0.8833
ENHS_SYN_0197,Subject E,60,53,7,0.8833
ENHS_SYN_0198,Subject A,60,53,7,0.8833
ENHS_SYN_0198,Subject B,60,48,12,0.8
ENHS_SYN_0198,Subject C,60,49,11,0.8167
ENHS_SYN_0198,Subject D,60,52,8,0.8667
ENHS_SYN_0198,Subject E,60,45,15,0.75
ENHS_SYN_0199,Subject A,60,57,3,0.95
ENHS_SYN_0199,Subject B,60,57,3,0.95
ENHS_SYN_0199,Subject C,60,57,3,0.95
ENHS_SYN_0199,Subject D,60,59,1,0.9833
ENHS_SYN_0199,Subject E,60,50,10,0.8333
ENHS_SYN_0200,Subject A,60,54,6,0.9
ENHS_SYN_0200,Subject B,60,52,8,0.8667
ENHS_SYN_0200,Subject C,60,51,9,0.85
ENHS_SYN_0200,Subject D,60,56,4,0.9333
ENHS_SYN_0200,Subject E,60,49,11,0.8167
ENHS_SYN_0201,Subject A,60,56,4,0.9333
ENHS_SYN_0201,Subject B,60,58,2,0.9667
ENHS_SYN_0201,Subject C,60,52,8,0.8667
ENHS_SYN_0201,Subject D,60,53,7,0.8833
ENHS_SYN_0201,Subject E,60,55,5,0.9167
ENHS_SYN_0202,Subject A,60,56,4,0.9333
ENHS_SYN_0202,Subject B,59,56,3,0.9492
ENHS_SYN_0202,Subject C,59,58,1,0.9831
ENHS_SYN_0202,Subject D,60,55,5,0.9167
ENHS_SYN_0202,Subject E,60,57,3,0.95
ENHS_SYN_0203,Subject A,60,58,2,0.9667
ENHS_SYN_0203,Subject B,60,60,0,1.0
ENHS_SYN_0203,Subject C,60,58,2,0.9667
ENHS_SYN_0203,Subject D,60,58,2,0.9667
ENHS_SYN_0203,Subject E,60,56,4,0.9333
ENHS_SYN_0204,Subject A,60,42,18,0.7
ENHS_SYN_0204,Subject B,60,49,11,0.8167
ENHS_SYN_0204,Subject C,60,46,14,0.7667
ENHS_SYN_0204,Subject D,60,42,18,0.7
ENHS_SYN_0204,Subject E,60,42,18,0.7
ENHS_SYN_0205,Subject A,60,55,5,0.9167
ENHS_SYN_0205,Subject B,60,54,6,0.9
ENHS_SYN_0205,Subject C,60,54,6,0.9
ENHS_SYN_0205,Subject D,60,51,9,0.85
ENHS_SYN_0205,Subject E,60,55,5,0.9167
ENHS_SYN_0206,Subject A,59,52,7,0.8814
ENHS_SYN_0206,Subject B,60,46,14,0.7667
ENHS_SYN_0206,Subject C,60,51,9,0.85
ENHS_SYN_0206,Subject D,60,49,11,0.8167
ENHS_SYN_0206,Subject E,60,49,11,0.8167
ENHS_SYN_0207,Subject A,60,51,9,0.85
ENHS_SYN_0207,Subject B,59,50,9,0.8475
ENHS_SYN_0207,Subject C,59,49,10,0.8305
ENHS_SYN_0207,Subject D,60,49,11,0.8167
ENHS_SYN_0207,Subject E,60,51,9,0.85
ENHS_SYN_0208,Subject A,60,43,17,0.7167
ENHS_SYN_0208,Subject B,60,39,21,0.65
ENHS_SYN_0208,Subject C,60,42,18,0.7
ENHS_SYN_0208,Subject D,60,44,16,0.7333
ENHS_SYN_0208,Subject E,60,42,18,0.7
ENHS_SYN_0209,Subject A,60,54,6,0.9
ENHS_SYN_0209,Subject B,60,53,7,0.8833
ENHS_SYN_0209,Subject C,60,53,7,0.8833
ENHS_SYN_0209,Subject D,60,52,8,0.8667
ENHS_SYN_0209,Subject E,60,55,5,0.9167
ENHS_SYN_0210,Subject A,60,56,4,0.9333
ENHS_SYN_0210,Subject B,60,56,4,0.9333
ENHS_SYN_0210,Subject C,60,57,3,0.95
ENHS_SYN_0210,Subject D,60,56,4,0.9333
ENHS_SYN_0210,Subject E,60,56,4,0.9333
ENHS_SYN_0211,Subject A,60,60,0,1.0
ENHS_SYN_0211,Subject B,60,58,2,0.9667
ENHS_SYN_0211,Subject C,60,56,4,0.9333
ENHS_SYN_0211,Subject D,60,58,2,0.9667
ENHS_SYN_0211,Subject E,60,57,3,0.95
ENHS_SYN_0212,Subject A,60,51,9,0.85
ENHS_SYN_0212,Subject B,60,44,16,0.7333
ENHS_SYN_0212,Subject C,60,48,12,0.8
ENHS_SYN_0212,Subject D,60,43,17,0.7167
ENHS_SYN_0212,Subject E,60,46,14,0.7667
ENHS_SYN_0213,Subject A,60,52,8,0.8667
ENHS_SYN_0213,Subject B,60,51,9,0.85
ENHS_SYN_0213,Subject C,60,50,10,0.8333
ENHS_SYN_0213,Subject D,60,49,11,0.8167
ENHS_SYN_0213,Subject E,59,52,7,0.8814
ENHS_SYN_0214,Subject A,60,46,14,0.7667
ENHS_SYN_0214,Subject B,59,45,14,0.7627
ENHS_SYN_0214,Subject C,60,42,18,0.7
ENHS_SYN_0214,Subject D,60,38,22,0.6333
ENHS_SYN_0214,Subject E,60,40,20,0.6667
ENHS_SYN_0215,Subject A,60,59,1,0.9833
ENHS_SYN_0215,Subject B,59,59,0,1.0
ENHS_SYN_0215,Subject C,60,59,1,0.9833
ENHS_SYN_0215,Subject D,60,59,1,0.9833
ENHS_SYN_0215,Subject E,59,58,1,0.9831
ENHS_SYN_0216,Subject A,60,59,1,0.9833
ENHS_SYN_0216,Subject B,60,52,8,0.8667
ENHS_SYN_0216,Subject C,59,58,1,0.9831
ENHS_SYN_0216,Subject D,60,57,3,0.95
ENHS_SYN_0216,Subject E,60,57,3,0.95
ENHS_SYN_0217,Subject A,60,45,15,0.75
ENHS_SYN_0217,Subject B,60,44,16,0.7333
ENHS_SYN_0217,Subject C,60,47,13,0.7833
ENHS_SYN_0217,Subject D,60,50,10,0.8333
ENHS_SYN_0217,Subject E,60,44,16,0.7333
ENHS_SYN_0218,Subject A,60,58,2,0.9667
ENHS_SYN_0218,Subject B,60,56,4,0.9333
ENHS_SYN_0218,Subject C,59,55,4,0.9322
ENHS_SYN_0218,Subject D,60,55,5,0.9167
ENHS_SYN_0218,Subject E,60,58,2,0.9667
ENHS_SYN_0219,Subject A,60,43,17,0.7167
ENHS_SYN_0219,Subject B,60,50,10,0.8333
ENHS_SYN_0219,Subject C,60,45,15,0.75
ENHS_SYN_0219,Subject D,60,47,13,0.7833
ENHS_SYN_0219,Subject E,60,41,19,0.6833
ENHS_SYN_0220,Subject A,60,54,6,0.9
ENHS_SYN_0220,Subject B,60,51,9,0.85
ENHS_SYN_0220,Subject C,60,53,7,0.8833
ENHS_SYN_0220,Subject D,60,49,11,0.8167
ENHS_SYN_0220,Subject E,60,48,12,0.8
ENHS_SYN_0221,Subject A,60,56,4,0.9333
ENHS_SYN_0221,Subject B,60,50,10,0.8333
ENHS_SYN_0221,Subject C,60,57,3,0.95
ENHS_SYN_0221,Subject D,60,59,1,0.9833
ENHS_SYN_0221,Subject E,60,55,5,0.9167
ENHS_SYN_0222,Subject A,60,51,9,0.85
ENHS_SYN_0222,Subject B,59,52,7,0.8814
ENHS_SYN_0222,Subject C,60,48,12,0.8
ENHS_SYN_0222,Subject D,60,46,14,0.7667
ENHS_SYN_0222,Subject E,60,49,11,0.8167
ENHS_SYN_0223,Subject A,60,57,3,0.95
ENHS_SYN_0223,Subject B,58,56,2,0.9655
ENHS_SYN_0223,Subject C,60,56,4,0.9333
ENHS_SYN_0223,Subject D,60,60,0,1.0
ENHS_SYN_0223,Subject E,60,59,1,0.9833
ENHS_SYN_0224,Subject A,59,50,9,0.8475
ENHS_SYN_0224,Subject B,60,49,11,0.8167
ENHS_SYN_0224,Subject C,60,51,9,0.85
ENHS_SYN_0224,Subject D,60,41,19,0.6833
ENHS_SYN_0224,Subject E,59,46,13,0.7797
ENHS_SYN_0225,Subject A,60,52,8,0.8667
ENHS_SYN_0225,Subject B,60,55,5,0.9167
ENHS_SYN_0225,Subject C,60,54,6,0.9
ENHS_SYN_0225,Subject D,60,51,9,0.85
ENHS_SYN_0225,Subject E,60,53,7,0.8833
ENHS_SYN_0226,Subject A,59,55,4,0.9322
ENHS_SYN_0226,Subject B,60,56,4,0.9333
ENHS_SYN_0226,Subject C,60,54,6,0.9
ENHS_SYN_0226,Subject D,60,55,5,0.9167
ENHS_SYN_0226,Subject E,60,56,4,0.9333
ENHS_SYN_0227,Subject A,60,47,13,0.7833
ENHS_SYN_0227,Subject B,60,49,11,0.8167
ENHS_SYN_0227,Subject C,60,51,9,0.85
ENHS_SYN_0227,Subject D,60,47,13,0.7833
ENHS_SYN_0227,Subject E,60,42,18,0.7
ENHS_SYN_0228,Subject A,60,51,9,0.85
ENHS_SYN_0228,Subject B,60,53,7,0.8833
ENHS_SYN_0228,Subject C,60,52,8,0.8667
ENHS_SYN_0228,Subject D,60,56,4,0.9333
ENHS_SYN_0228,Subject E,60,55,5,0.9167
ENHS_SYN_0229,Subject A,60,49,11,0.8167
ENHS_SYN_0229,Subject B,60,53,7,0.8833
ENHS_SYN_0229,Subject C,60,56,4,0.9333
ENHS_SYN_0229,Subject D,60,54,6,0.9
ENHS_SYN_0229,Subject E,59,51,8,0.8644
ENHS_SYN_0230,Subject A,60,47,13,0.7833
ENHS_SYN_0230,Subject B,60,47,13,0.7833
ENHS_SYN_0230,Subject C,60,40,20,0.6667
ENHS_SYN_0230,Subject D,60,44,16,0.7333
ENHS_SYN_0230,Subject E,60,44,16,0.7333
ENHS_SYN_0231,Subject A,59,49,10,0.8305
ENHS_SYN_0231,Subject B,60,57,3,0.95
ENHS_SYN_0231,Subject C,60,53,7,0.8833
ENHS_SYN_0231,Subject D,60,49,11,0.8167
ENHS_SYN_0231,Subject E,60,48,12,0.8
ENHS_SYN_0232,Subject A,60,59,1,0.9833
ENHS_SYN_0232,Subject B,60,54,6,0.9
ENHS_SYN_0232,Subject C,60,60,0,1.0
ENHS_SYN_0232,Subject D,60,56,4,0.9333
ENHS_SYN_0232,Subject E,59,51,8,0.8644
ENHS_SYN_0233,Subject A,60,54,6,0.9
ENHS_SYN_0233,Subject B,59,52,7,0.8814
ENHS_SYN_0233,Subject C,60,50,10,0.8333
ENHS_SYN_0233,Subject D,60,55,5,0.9167
ENHS_SYN_0233,Subject E,60,52,8,0.8667
ENHS_SYN_0234,Subject A,60,47,13,0.7833
ENHS_SYN_0234,Subject B,60,49,11,0.8167
ENHS_SYN_0234,Subject C,59,49,10,0.8305
ENHS_SYN_0234,Subject D,59,41,18,0.6949
ENHS_SYN_0234,Subject E,60,43,17,0.7167
ENHS_SYN_0235,Subject A,60,50,10,0.8333
ENHS_SYN_0235,Subject B,60,53,7,0.8833
ENHS_SYN_0235,Subject C,60,54,6,0.9
ENHS_SYN_0235,Subject D,60,45,15,0.75
ENHS_SYN_0235,Subject E,60,54,6,0.9
ENHS_SYN_0236,Subject A,60,57,3,0.95
ENHS_SYN_0236,Subject B,60,55,5,0.9167
ENHS_SYN_0236,Subject C,60,58,2,0.9667
ENHS_SYN_0236,Subject D,60,54,6,0.9
ENHS_SYN_0236,Subject E,60,55,5,0.9167
ENHS_SYN_0237,Subject A,60,56,4,0.9333
ENHS_SYN_0237,Subject B,60,50,10,0.8333
ENHS_SYN_0237,Subject C,60,52,8,0.8667
ENHS_SYN_0237,Subject D,60,51,9,0.85
ENHS_SYN_0237,Subject E,60,55,5,0.9167
ENHS_SYN_0238,Subject A,60,46,14,0.7667
ENHS_SYN_0238,Subject B,60,44,16,0.7333
ENHS_SYN_0238,Subject C,60,42,18,0.7
ENHS_SYN_0238,Subject D,60,50,10,0.8333
ENHS_SYN_0238,Subject E,60,42,18,0.7
ENHS_SYN_0239,Subject A,60,46,14,0.7667
ENHS_SYN_0239,Subject B,59,41,18,0.6949
ENHS_SYN_0239,Subject C,60,51,9,0.85
ENHS_SYN_0239,Subject D,60,46,14,0.7667
ENHS_SYN_0239,Subject E,60,45,15,0.75
ENHS_SYN_0240,Subject A,60,55,5,0.9167
ENHS_SYN_0240,Subject B,60,58,2,0.9667
ENHS_SYN_0240,Subject C,60,57,3,0.95
ENHS_SYN_0240,Subject D,60,56,4,0.9333
ENHS_SYN_0240,Subject E,60,56,4,0.9333
ENHS_SYN_0241,Subject A,60,54,6,0.9
ENHS_SYN_0241,Subject B,60,59,1,0.9833
ENHS_SYN_0241,Subject C,60,53,7,0.8833
ENHS_SYN_0241,Subject D,60,56,4,0.9333
ENHS_SYN_0241,Subject E,60,58,2,0.9667
ENHS_SYN_0242,Subject A,60,51,9,0.85
ENHS_SYN_0242,Subject B,60,51,9,0.85
ENHS_SYN_0242,Subject C,60,55,5,0.9167
ENHS_SYN_0242,Subject D,60,47,13,0.7833
ENHS_SYN_0242,Subject E,59,49,10,0.8305
ENHS_SYN_0243,Subject A,60,60,0,1.0
ENHS_SYN_0243,Subject B,59,53,6,0.8983
ENHS_SYN_0243,Subject C,60,51,9,0.85
ENHS_SYN_0243,Subject D,60,55,5,0.9167
ENHS_SYN_0243,Subject E,60,58,2,0.9667
ENHS_SYN_0244,Subject A,60,57,3,0.95
ENHS_SYN_0244,Subject B,60,56,4,0.9333
ENHS_SYN_0244,Subject C,60,54,6,0.9
ENHS_SYN_0244,Subject D,60,54,6,0.9
ENHS_SYN_0244,Subject E,60,54,6,0.9
ENHS_SYN_0245,Subject A,60,55,5,0.9167
ENHS_SYN_0245,Subject B,60,58,2,0.9667
ENHS_SYN_0245,Subject C,60,47,13,0.7833
ENHS_SYN_0245,Subject D,60,52,8,0.8667
ENHS_SYN_0245,Subject E,60,48,12,0.8
ENHS_SYN_0246,Subject A,60,52,8,0.8667
ENHS_SYN_0246,Subject B,58,55,3,0.9483
ENHS_SYN_0246,Subject C,59,53,6,0.8983
ENHS_SYN_0246,Subject D,60,54,6,0.9
ENHS_SYN_0246,Subject E,60,54,6,0.9
ENHS_SYN_0247,Subject A,60,54,6,0.9
ENHS_SYN_0247,Subject B,60,51,9,0.85
ENHS_SYN_0247,Subject C,60,51,9,0.85
ENHS_SYN_0247,Subject D,60,50,10,0.8333
ENHS_SYN_0247,Subject E,59,54,5,0.9153
ENHS_SYN_0248,Subject A,60,50,10,0.8333
ENHS_SYN_0248,Subject B,60,48,12,0.8
ENHS_SYN_0248,Subject C,60,48,12,0.8
ENHS_SYN_0248,Subject D,60,45,15,0.75
ENHS_SYN_0248,Subject E,60,47,13,0.7833
ENHS_SYN_0249,Subject A,60,59,1,0.9833
ENHS_SYN_0249,Subject B,60,59,1,0.9833
ENHS_SYN_0249,Subject C,60,56,4,0.9333
ENHS_SYN_0249,Subject D,60,55,5,0.9167
ENHS_SYN_0249,Subject E,60,55,5,0.9167
ENHS_SYN_0250,Subject A,60,56,4,0.9333
ENHS_SYN_0250,Subject B,60,57,3,0.95
ENHS_SYN_0250,Subject C,60,58,2,0.9667
ENHS_SYN_0250,Subject D,60,58,2,0.9667
ENHS_SYN_0250,Subject E,60,54,6,0.9
ENHS_SYN_0251,Subject A,60,58,2,0.9667
ENHS_SYN_0251,Subject B,60,58,2,0.9667
ENHS_SYN_0251,Subject C,59,53,6,0.8983
ENHS_SYN_0251,Subject D,59,53,6,0.8983
ENHS_SYN_0251,Subject E,60,57,3,0.95
ENHS_SYN_0252,Subject A,60,54,6,0.9
ENHS_SYN_0252,Subject B,60,53,7,0.8833
ENHS_SYN_0252,Subject C,59,53,6,0.8983
ENHS_SYN_0252,Subject D,60,48,12,0.8
ENHS_SYN_0252,Subject E,60,54,6,0.9
ENHS_SYN_0253,Subject A,60,58,2,0.9667
ENHS_SYN_0253,Subject B,59,55,4,0.9322
ENHS_SYN_0253,Subject C,60,59,1,0.9833
ENHS_SYN_0253,Subject D,60,55,5,0.9167
ENHS_SYN_0253,Subject E,60,54,6,0.9
ENHS_SYN_0254,Subject A,60,55,5,0.9167
ENHS_SYN_0254,Subject B,60,56,4,0.9333
ENHS_SYN_0254,Subject C,60,53,7,0.8833
ENHS_SYN_0254,Subject D,60,48,12,0.8
ENHS_SYN_0254,Subject E,60,51,9,0.85
ENHS_SYN_0255,Subject A,60,50,10,0.8333
ENHS_SYN_0255,Subject B,60,49,11,0.8167
ENHS_SYN_0255,Subject C,60,45,15,0.75
ENHS_SYN_0255,Subject D,60,43,17,0.7167
ENHS_SYN_0255,Subject E,60,43,17,0.7167
ENHS_SYN_0256,Subject A,60,49,11,0.8167
ENHS_SYN_0256,Subject B,60,51,9,0.85
ENHS_SYN_0256,Subject C,60,53,7,0.8833
ENHS_SYN_0256,Subject D,60,55,5,0.9167
ENHS_SYN_0256,Subject E,60,48,12,0.8
ENHS_SYN_0257,Subject A,60,51,9,0.85
ENHS_SYN_0257,Subject B,60,41,19,0.6833
ENHS_SYN_0257,Subject C,60,45,15,0.75
ENHS_SYN_0257,Subject D,60,48,12,0.8
ENHS_SYN_0257,Subject E,60,47,13,0.7833
ENHS_SYN_0258,Subject A,60,51,9,0.85
ENHS_SYN_0258,Subject B,60,50,10,0.8333
ENHS_SYN_0258,Subject C,60,51,9,0.85
ENHS_SYN_0258,Subject D,60,51,9,0.85
ENHS_SYN_0258,Subject E,60,45,15,0.75
ENHS_SYN_0259,Subject A,60,56,4,0.9333
ENHS_SYN_0259,Subject B,60,57,3,0.95
ENHS_SYN_0259,Subject C,60,54,6,0.9
ENHS_SYN_0259,Subject D,59,56,3,0.9492
ENHS_SYN_0259,Subject E,60,54,6,0.9
ENHS_SYN_0260,Subject A,60,52,8,0.8667
ENHS_SYN_0260,Subject B,60,49,11,0.8167
ENHS_SYN_0260,Subject C,60,47,13,0.7833
ENHS_SYN_0260,Subject D,60,41,19,0.6833
ENHS_SYN_0260,Subject E,60,50,10,0.8333
ENHS_SYN_0261,Subject A,60,48,12,0.8
ENHS_SYN_0261,Subject B,60,47,13,0.7833
ENHS_SYN_0261,Subject C,60,43,17,0.7167
ENHS_SYN_0261,Subject D,60,48,12,0.8
ENHS_SYN_0261,Subject E,60,47,13,0.7833
ENHS_SYN_0262,Subject A,59,51,8,0.8644
ENHS_SYN_0262,Subject B,59,51,8,0.8644
ENHS_SYN_0262,Subject C,60,54,6,0.9
ENHS_SYN_0262,Subject D,60,55,5,0.9167
ENHS_SYN_0262,Subject E,60,51,9,0.85
ENHS_SYN_0263,Subject A,60,52,8,0.8667
ENHS_SYN_0263,Subject B,60,53,7,0.8833
ENHS_SYN_0263,Subject C,60,50,10,0.8333
ENHS_SYN_0263,Subject D,60,49,11,0.8167
ENHS_SYN_0263,Subject E,60,52,8,0.8667
ENHS_SYN_0264,Subject A,60,40,20,0.6667
ENHS_SYN_0264,Subject B,59,41,18,0.6949
ENHS_SYN_0264,Subject C,60,44,16,0.7333
ENHS_SYN_0264,Subject D,60,43,17,0.7167
ENHS_SYN_0264,Subject E,60,37,23,0.6167
ENHS_SYN_0265,Subject A,60,50,10,0.8333
ENHS_SYN_0265,Subject B,60,48,12,0.8
ENHS_SYN_0265,Subject C,60,45,15,0.75
ENHS_SYN_0265,Subject D,60,51,9,0.85
ENHS_SYN_0265,Subject E,60,45,15,0.75
ENHS_SYN_0266,Subject A,60,55,5,0.9167
ENHS_SYN_0266,Subject B,60,57,3,0.95
ENHS_SYN_0266,Subject C,59,52,7,0.8814
ENHS_SYN_0266,Subject D,60,57,3,0.95
ENHS_SYN_0266,Subject E,60,55,5,0.9167
ENHS_SYN_0267,Subject A,60,42,18,0.7
ENHS_SYN_0267,Subject B,60,44,16,0.7333
ENHS_SYN_0267,Subject C,60,44,16,0.7333
ENHS_SYN_0267,Subject D,60,47,13,0.7833
ENHS_SYN_0267,Subject E,60,39,21,0.65
ENHS_SYN_0268,Subject A,60,49,11,0.8167
ENHS_SYN_0268,Subject B,60,45,15,0.75
ENHS_SYN_0268,Subject C,60,55,5,0.9167
ENHS_SYN_0268,Subject D,60,49,11,0.8167
ENHS_SYN_0268,Subject E,60,53,7,0.8833
ENHS_SYN_0269,Subject A,59,53,6,0.8983
ENHS_SYN_0269,Subject B,60,51,9,0.85
ENHS_SYN_0269,Subject C,60,51,9,0.85
ENHS_SYN_0269,Subject D,60,45,15,0.75
ENHS_SYN_0269,Subject E,60,49,11,0.8167
ENHS_SYN_0270,Subject A,60,56,4,0.9333
ENHS_SYN_0270,Subject B,60,58,2,0.9667
ENHS_SYN_0270,Subject C,59,56,3,0.9492
ENHS_SYN_0270,Subject D,60,55,5,0.9167
ENHS_SYN_0270,Subject E,60,59,1,0.9833
ENHS_SYN_0271,Subject A,60,57,3,0.95
ENHS_SYN_0271,Subject B,60,53,7,0.8833
ENHS_SYN_0271,Subject C,60,50,10,0.8333
ENHS_SYN_0271,Subject D,60,54,6,0.9
ENHS_SYN_0271,Subject E,60,54,6,0.9
ENHS_SYN_0272,Subject A,60,57,3,0.95
ENHS_SYN_0272,Subject B,60,58,2,0.9667
ENHS_SYN_0272,Subject C,60,53,7,0.8833
ENHS_SYN_0272,Subject D,60,56,4,0.9333
ENHS_SYN_0272,Subject E,60,51,9,0.85
ENHS_SYN_0273,Subject A,60,56,4,0.9333
ENHS_SYN_0273,Subject B,60,57,3,0.95
ENHS_SYN_0273,Subject C,60,54,6,0.9
ENHS_SYN_0273,Subject D,60,58,2,0.9667
ENHS_SYN_0273,Subject E,60,55,5,0.9167
ENHS_SYN_0274,Subject A,60,46,14,0.7667
ENHS_SYN_0274,Subject B,60,45,15,0.75
ENHS_SYN_0274,Subject C,60,47,13,0.7833
ENHS_SYN_0274,Subject D,60,52,8,0.8667
ENHS_SYN_0274,Subject E,60,51,9,0.85
ENHS_SYN_0275,Subject A,60,45,15,0.75
ENHS_SYN_0275,Subject B,60,51,9,0.85
ENHS_SYN_0275,Subject C,60,50,10,0.8333
ENHS_SYN_0275,Subject D,60,53,7,0.8833
ENHS_SYN_0275,Subject E,60,45,15,0.75
ENHS_SYN_0276,Subject A,60,59,1,0.9833
ENHS_SYN_0276,Subject B,60,54,6,0.9
ENHS_SYN_0276,Subject C,60,58,2,0.9667
ENHS_SYN_0276,Subject D,60,51,9,0.85
ENHS_SYN_0276,Subject E,60,53,7,0.8833
ENHS_SYN_0277,Subject A,60,56,4,0.9333
ENHS_SYN_0277,Subject B,60,59,1,0.9833
ENHS_SYN_0277,Subject C,60,56,4,0.9333
ENHS_SYN_0277,Subject D,60,54,6,0.9
ENHS_SYN_0277,Subject E,60,58,2,0.9667
ENHS_SYN_0278,Subject A,60,53,7,0.8833
ENHS_SYN_0278,Subject B,60,58,2,0.9667
ENHS_SYN_0278,Subject C,60,53,7,0.8833
ENHS_SYN_0278,Subject D,60,47,13,0.7833
ENHS_SYN_0278,Subject E,60,53,7,0.8833
ENHS_SYN_0279,Subject A,60,53,7,0.8833
ENHS_SYN_0279,Subject B,60,54,6,0.9
ENHS_SYN_0279,Subject C,60,55,5,0.9167
ENHS_SYN_0279,Subject D,60,54,6,0.9
ENHS_SYN_0279,Subject E,60,50,10,0.8333
ENHS_SYN_0280,Subject A,59,56,3,0.9492
ENHS_SYN_0280,Subject B,60,56,4,0.9333
ENHS_SYN_0280,Subject C,60,60,0,1.0
ENHS_SYN_0280,Subject D,60,60,0,1.0
ENHS_SYN_0280,Subject E,60,59,1,0.9833
ENHS_SYN_0281,Subject A,60,56,4,0.9333
ENHS_SYN_0281,Subject B,60,56,4,0.9333
ENHS_SYN_0281,Subject C,60,55,5,0.9167
ENHS_SYN_0281,Subject D,60,55,5,0.9167
ENHS_SYN_0281,Subject E,60,55,5,0.9167
ENHS_SYN_0282,Subject A,60,54,6,0.9
ENHS_SYN_0282,Subject B,60,55,5,0.9167
ENHS_SYN_0282,Subject C,60,53,7,0.8833
ENHS_SYN_0282,Subject D,60,51,9,0.85
ENHS_SYN_0282,Subject E,60,53,7,0.8833
ENHS_SYN_0283,Subject A,60,57,3,0.95
ENHS_SYN_0283,Subject B,59,57,2,0.9661
ENHS_SYN_0283,Subject C,60,55,5,0.9167
ENHS_SYN_0283,Subject D,60,58,2,0.9667
ENHS_SYN_0283,Subject E,60,56,4,0.9333
ENHS_SYN_0284,Subject A,60,51,9,0.85
ENHS_SYN_0284,Subject B,60,51,9,0.85
ENHS_SYN_0284,Subject C,60,55,5,0.9167
ENHS_SYN_0284,Subject D,60,55,5,0.9167
ENHS_SYN_0284,Subject E,60,48,12,0.8
ENHS_SYN_0285,Subject A,59,51,8,0.8644
ENHS_SYN_0285,Subject B,60,51,9,0.85
ENHS_SYN_0285,Subject C,60,54,6,0.9
ENHS_SYN_0285,Subject D,60,50,10,0.8333
ENHS_SYN_0285,Subject E,60,49,11,0.8167
ENHS_SYN_0286,Subject A,60,58,2,0.9667
ENHS_SYN_0286,Subject B,60,56,4,0.9333
ENHS_SYN_0286,Subject C,60,58,2,0.9667
ENHS_SYN_0286,Subject D,60,60,0,1.0
ENHS_SYN_0286,Subject E,60,56,4,0.9333
ENHS_SYN_0287,Subject A,60,57,3,0.95
ENHS_SYN_0287,Subject B,60,56,4,0.9333
ENHS_SYN_0287,Subject C,60,58,2,0.9667
ENHS_SYN_0287,Subject D,60,58,2,0.9667
ENHS_SYN_0287,Subject E,60,56,4,0.9333
ENHS_SYN_0288,Subject A,60,49,11,0.8167
ENHS_SYN_0288,Subject B,60,44,16,0.7333
ENHS_SYN_0288,Subject C,60,49,11,0.8167
ENHS_SYN_0288,Subject D,60,52,8,0.8667
ENHS_SYN_0288,Subject E,60,49,11,0.8167
ENHS_SYN_0289,Subject A,60,54,6,0.9
ENHS_SYN_0289,Subject B,59,51,8,0.8644
ENHS_SYN_0289,Subject C,60,54,6,0.9
ENHS_SYN_0289,Subject D,60,52,8,0.8667
ENHS_SYN_0289,Subject E,60,56,4,0.9333
ENHS_SYN_0290,Subject A,60,56,4,0.9333
ENHS_SYN_0290,Subject B,60,56,4,0.9333
ENHS_SYN_0290,Subject C,60,55,5,0.9167
ENHS_SYN_0290,Subject D,60,55,5,0.9167
ENHS_SYN_0290,Subject E,60,56,4,0.9333
ENHS_SYN_0291,Subject A,59,57,2,0.9661
ENHS_SYN_0291,Subject B,60,58,2,0.9667
ENHS_SYN_0291,Subject C,59,58,1,0.9831
ENHS_SYN_0291,Subject D,60,58,2,0.9667
ENHS_SYN_0291,Subject E,60,54,6,0.9
ENHS_SYN_0292,Subject A,60,54,6,0.9
ENHS_SYN_0292,Subject B,60,47,13,0.7833
ENHS_SYN_0292,Subject C,60,51,9,0.85
ENHS_SYN_0292,Subject D,60,50,10,0.8333
ENHS_SYN_0292,Subject E,60,47,13,0.7833
ENHS_SYN_0293,Subject A,60,53,7,0.8833
ENHS_SYN_0293,Subject B,60,55,5,0.9167
ENHS_SYN_0293,Subject C,60,56,4,0.9333
ENHS_SYN_0293,Subject D,60,55,5,0.9167
ENHS_SYN_0293,Subject E,59,42,17,0.7119
ENHS_SYN_0294,Subject A,60,49,11,0.8167
ENHS_SYN_0294,Subject B,60,51,9,0.85
ENHS_SYN_0294,Subject C,60,49,11,0.8167
ENHS_SYN_0294,Subject D,60,40,20,0.6667
ENHS_SYN_0294,Subject E,60,45,15,0.75
ENHS_SYN_0295,Subject A,60,58,2,0.9667
ENHS_SYN_0295,Subject B,60,59,1,0.9833
ENHS_SYN_0295,Subject C,60,55,5,0.9167
ENHS_SYN_0295,Subject D,60,55,5,0.9167
ENHS_SYN_0295,Subject E,59,56,3,0.9492
ENHS_SYN_0296,Subject A,60,55,5,0.9167
ENHS_SYN_0296,Subject B,59,55,4,0.9322
ENHS_SYN_0296,Subject C,60,55,5,0.9167
ENHS_SYN_0296,Subject D,60,57,3,0.95
ENHS_SYN_0296,Subject E,60,55,5,0.9167
ENHS_SYN_0297,Subject A,60,52,8,0.8667
ENHS_SYN_0297,Subject B,60,57,3,0.95
ENHS_SYN_0297,Subject C,60,51,9,0.85
ENHS_SYN_0297,Subject D,60,59,1,0.9833
ENHS_SYN_0297,Subject E,60,56,4,0.9333
ENHS_SYN_0298,Subject A,60,54,6,0.9
ENHS_SYN_0298,Subject B,60,58,2,0.9667
ENHS_SYN_0298,Subject C,60,57,3,0.95
ENHS_SYN_0298,Subject D,58,54,4,0.931
ENHS_SYN_0298,Subject E,60,53,7,0.8833
ENHS_SYN_0299,Subject A,60,57,3,0.95
ENHS_SYN_0299,Subject B,60,57,3,0.95
ENHS_SYN_0299,Subject C,60,56,4,0.9333
ENHS_SYN_0299,Subject D,60,57,3,0.95
ENHS_SYN_0299,Subject E,60,53,7,0.8833
ENHS_SYN_0300,Subject A,60,45,15,0.75
ENHS_SYN_0300,Subject B,60,52,8,0.8667
ENHS_SYN_0300,Subject C,60,44,16,0.7333
ENHS_SYN_0300,Subject D,60,46,14,0.7667
ENHS_SYN_0300,Subject E,60,38,22,0.6333
ENHS_SYN_0301,Subject A,60,56,4,0.9333
ENHS_SYN_0301,Subject B,60,56,4,0.9333
ENHS_SYN_0301,Subject C,60,56,4,0.9333
ENHS_SYN_0301,Subject D,60,52,8,0.8667
ENHS_SYN_0301,Subject E,60,51,9,0.85
ENHS_SYN_0302,Subject A,59,50,9,0.8475
ENHS_SYN_0302,Subject B,60,50,10,0.8333
ENHS_SYN_0302,Subject C,59,46,13,0.7797
ENHS_SYN_0302,Subject D,60,49,11,0.8167
ENHS_SYN_0302,Subject E,60,50,10,0.8333
ENHS_SYN_0303,Subject A,60,50,10,0.8333
ENHS_SYN_0303,Subject B,60,51,9,0.85
ENHS_SYN_0303,Subject C,60,53,7,0.8833
ENHS_SYN_0303,Subject D,60,53,7,0.8833
ENHS_SYN_0303,Subject E,60,52,8,0.8667
ENHS_SYN_0304,Subject A,60,56,4,0.9333
ENHS_SYN_0304,Subject B,60,54,6,0.9
ENHS_SYN_0304,Subject C,60,53,7,0.8833
ENHS_SYN_0304,Subject D,60,54,6,0.9
ENHS_SYN_0304,Subject E,60,50,10,0.8333
ENHS_SYN_0305,Subject A,60,51,9,0.85
ENHS_SYN_0305,Subject B,60,52,8,0.8667
ENHS_SYN_0305,Subject C,60,49,11,0.8167
ENHS_SYN_0305,Subject D,60,49,11,0.8167
ENHS_SYN_0305,Subject E,60,49,11,0.8167
ENHS_SYN_0306,Subject A,60,46,14,0.7667
ENHS_SYN_0306,Subject B,60,46,14,0.7667
ENHS_SYN_0306,Subject C,60,43,17,0.7167
ENHS_SYN_0306,Subject D,59,42,17,0.7119
ENHS_SYN_0306,Subject E,60,49,11,0.8167
ENHS_SYN_0307,Subject A,60,56,4,0.9333
ENHS_SYN_0307,Subject B,60,56,4,0.9333
ENHS_SYN_0307,Subject C,59,55,4,0.9322
ENHS_SYN_0307,Subject D,60,54,6,0.9
ENHS_SYN_0307,Subject E,60,51,9,0.85
ENHS_SYN_0308,Subject A,60,60,0,1.0
ENHS_SYN_0308,Subject B,60,57,3,0.95
ENHS_SYN_0308,Subject C,60,60,0,1.0
ENHS_SYN_0308,Subject D,59,56,3,0.9492
ENHS_SYN_0308,Subject E,60,56,4,0.9333
ENHS_SYN_0309,Subject A,60,56,4,0.9333
ENHS_SYN_0309,Subject B,60,54,6,0.9
ENHS_SYN_0309,Subject C,60,57,3,0.95
ENHS_SYN_0309,Subject D,60,52,8,0.8667
ENHS_SYN_0309,Subject E,60,51,9,0.85
ENHS_SYN_0310,Subject A,60,53,7,0.8833
ENHS_SYN_0310,Subject B,60,45,15,0.75
ENHS_SYN_0310,Subject C,60,47,13,0.7833
ENHS_SYN_0310,Subject D,60,51,9,0.85
ENHS_SYN_0310,Subject E,60,46,14,0.7667
ENHS_SYN_0311,Subject A,60,54,6,0.9
ENHS_SYN_0311,Subject B,60,52,8,0.8667
ENHS_SYN_0311,Subject C,60,50,10,0.8333
ENHS_SYN_0311,Subject D,60,56,4,0.9333
ENHS_SYN_0311,Subject E,60,52,8,0.8667
ENHS_SYN_0312,Subject A,60,50,10,0.8333
ENHS_SYN_0312,Subject B,60,53,7,0.8833
ENHS_SYN_0312,Subject C,60,45,15,0.75
ENHS_SYN_0312,Subject D,60,48,12,0.8
ENHS_SYN_0312,Subject E,60,51,9,0.85
ENHS_SYN_0313,Subject A,59,51,8,0.8644
ENHS_SYN_0313,Subject B,60,51,9,0.85
ENHS_SYN_0313,Subject C,60,52,8,0.8667
ENHS_SYN_0313,Subject D,60,45,15,0.75
ENHS_SYN_0313,Subject E,60,50,10,0.8333
ENHS_SYN_0314,Subject A,60,54,6,0.9
ENHS_SYN_0314,Subject B,59,56,3,0.9492
ENHS_SYN_0314,Subject C,60,58,2,0.9667
ENHS_SYN_0314,Subject D,60,53,7,0.8833
ENHS_SYN_0314,Subject E,60,59,1,0.9833
ENHS_SYN_0315,Subject A,60,60,0,1.0
ENHS_SYN_0315,Subject B,60,56,4,0.9333
ENHS_SYN_0315,Subject C,60,56,4,0.9333
ENHS_SYN_0315,Subject D,60,54,6,0.9
ENHS_SYN_0315,Subject E,60,55,5,0.9167
ENHS_SYN_0316,Subject A,60,57,3,0.95
ENHS_SYN_0316,Subject B,60,55,5,0.9167
ENHS_SYN_0316,Subject C,60,55,5,0.9167
ENHS_SYN_0316,Subject D,60,57,3,0.95
ENHS_SYN_0316,Subject E,60,58,2,0.9667
ENHS_SYN_0317,Subject A,60,58,2,0.9667
ENHS_SYN_0317,Subject B,60,57,3,0.95
ENHS_SYN_0317,Subject C,60,58,2,0.9667
ENHS_SYN_0317,Subject D,60,57,3,0.95
ENHS_SYN_0317,Subject E,60,52,8,0.8667
ENHS_SYN_0318,Subject A,60,59,1,0.9833
ENHS_SYN_0318,Subject B,59,57,2,0.9661
ENHS_SYN_0318,Subject C,60,57,3,0.95
ENHS_SYN_0318,Subject D,60,60,0,1.0
ENHS_SYN_0318,Subject E,60,57,3,0.95
ENHS_SYN_0319,Subject A,60,49,11,0.8167
ENHS_SYN_0319,Subject B,60,50,10,0.8333
ENHS_SYN_0319,Subject C,60,45,15,0.75
ENHS_SYN_0319,Subject D,60,43,17,0.7167
ENHS_SYN_0319,Subject E,60,47,13,0.7833
ENHS_SYN_0320,Subject A,60,50,10,0.8333
ENHS_SYN_0320,Subject B,60,51,9,0.85
ENHS_SYN_0320,Subject C,60,51,9,0.85
ENHS_SYN_0320,Subject D,60,51,9,0.85
ENHS_SYN_0320,Subject E,59,55,4,0.9322
ENHS_SYN_0321,Subject A,60,60,0,1.0
ENHS_SYN_0321,Subject B,60,57,3,0.95
ENHS_SYN_0321,Subject C,59,56,3,0.9492
ENHS_SYN_0321,Subject D,60,58,2,0.9667
ENHS_SYN_0321,Subject E,59,56,3,0.9492
ENHS_SYN_0322,Subject A,60,56,4,0.9333
ENHS_SYN_0322,Subject B,60,59,1,0.9833
ENHS_SYN_0322,Subject C,60,58,2,0.9667
ENHS_SYN_0322,Subject D,59,56,3,0.9492
ENHS_SYN_0322,Subject E,60,55,5,0.9167
ENHS_SYN_0323,Subject A,60,49,11,0.8167
ENHS_SYN_0323,Subject B,60,47,13,0.7833
ENHS_SYN_0323,Subject C,60,56,4,0.9333
ENHS_SYN_0323,Subject D,60,53,7,0.8833
ENHS_SYN_0323,Subject E,60,51,9,0.85
ENHS_SYN_0324,Subject A,60,43,17,0.7167
ENHS_SYN_0324,Subject B,60,41,19,0.6833
ENHS_SYN_0324,Subject C,60,47,13,0.7833
ENHS_SYN_0324,Subject D,60,42,18,0.7
ENHS_SYN_0324,Subject E,60,42,18,0.7
ENHS_SYN_0325,Subject A,60,57,3,0.95
ENHS_SYN_0325,Subject B,60,56,4,0.9333
ENHS_SYN_0325,Subject C,58,54,4,0.931
ENHS_SYN_0325,Subject D,60,51,9,0.85
ENHS_SYN_0325,Subject E,60,50,10,0.8333
ENHS_SYN_0326,Subject A,59,57,2,0.9661
ENHS_SYN_0326,Subject B,60,53,7,0.8833
ENHS_SYN_0326,Subject C,60,55,5,0.9167
ENHS_SYN_0326,Subject D,60,52,8,0.8667
ENHS_SYN_0326,Subject E,60,53,7,0.8833
ENHS_SYN_0327,Subject A,60,53,7,0.8833
ENHS_SYN_0327,Subject B,60,49,11,0.8167
ENHS_SYN_0327,Subject C,60,51,9,0.85
ENHS_SYN_0327,Subject D,60,56,4,0.9333
ENHS_SYN_0327,Subject E,60,51,9,0.85
ENHS_SYN_0328,Subject A,60,59,1,0.9833
ENHS_SYN_0328,Subject B,60,57,3,0.95
ENHS_SYN_0328,Subject C,60,57,3,0.95
ENHS_SYN_0328,Subject D,60,58,2,0.9667
ENHS_SYN_0328,Subject E,60,53,7,0.8833
ENHS_SYN_0329,Subject A,58,49,9,0.8448
ENHS_SYN_0329,Subject B,60,50,10,0.8333
ENHS_SYN_0329,Subject C,60,47,13,0.7833
ENHS_SYN_0329,Subject D,58,42,16,0.7241
ENHS_SYN_0329,Subject E,60,46,14,0.7667
ENHS_SYN_0330,Subject A,60,45,15,0.75
ENHS_SYN_0330,Subject B,60,50,10,0.8333
ENHS_SYN_0330,Subject C,60,47,13,0.7833
ENHS_SYN_0330,Subject D,59,48,11,0.8136
ENHS_SYN_0330,Subject E,60,42,18,0.7
ENHS_SYN_0331,Subject A,60,43,17,0.7167
ENHS_SYN_0331,Subject B,60,49,11,0.8167
ENHS_SYN_0331,Subject C,59,44,15,0.7458
ENHS_SYN_0331,Subject D,59,44,15,0.7458
ENHS_SYN_0331,Subject E,60,44,16,0.7333
ENHS_SYN_0332,Subject A,60,46,14,0.7667
ENHS_SYN_0332,Subject B,60,52,8,0.8667
ENHS_SYN_0332,Subject C,60,45,15,0.75
ENHS_SYN_0332,Subject D,60,49,11,0.8167
ENHS_SYN_0332,Subject E,60,49,11,0.8167
ENHS_SYN_0333,Subject A,60,57,3,0.95
ENHS_SYN_0333,Subject B,60,53,7,0.8833
ENHS_SYN_0333,Subject C,60,54,6,0.9
ENHS_SYN_0333,Subject D,60,54,6,0.9
ENHS_SYN_0333,Subject E,60,49,11,0.8167
ENHS_SYN_0334,Subject A,60,41,19,0.6833
ENHS_SYN_0334,Subject B,60,45,15,0.75
ENHS_SYN_0334,Subject C,60,45,15,0.75
ENHS_SYN_0334,Subject D,60,44,16,0.7333
ENHS_SYN_0334,Subject E,59,41,18,0.6949
ENHS_SYN_0335,Subject A,60,60,0,1.0
ENHS_SYN_0335,Subject B,60,58,2,0.9667
ENHS_SYN_0335,Subject C,60,58,2,0.9667
ENHS_SYN_0335,Subject D,60,59,1,0.9833
ENHS_SYN_0335,Subject E,60,57,3,0.95
ENHS_SYN_0336,Subject A,60,56,4,0.9333
ENHS_SYN_0336,Subject B,60,58,2,0.9667
ENHS_SYN_0336,Subject C,60,55,5,0.9167
ENHS_SYN_0336,Subject D,59,58,1,0.9831
ENHS_SYN_0336,Subject E,60,53,7,0.8833
ENHS_SYN_0337,Subject A,60,55,5,0.9167
ENHS_SYN_0337,Subject B,60,54,6,0.9
ENHS_SYN_0337,Subject C,60,54,6,0.9
ENHS_SYN_0337,Subject D,59,51,8,0.8644
ENHS_SYN_0337,Subject E,60,55,5,0.9167
ENHS_SYN_0338,Subject A,60,58,2,0.9667
ENHS_SYN_0338,Subject B,60,56,4,0.9333
ENHS_SYN_0338,Subject C,60,55,5,0.9167
ENHS_SYN_0338,Subject D,60,52,8,0.8667
ENHS_SYN_0338,Subject E,60,55,5,0.9167
ENHS_SYN_0339,Subject A,60,54,6,0.9
ENHS_SYN_0339,Subject B,60,49,11,0.8167
ENHS_SYN_0339,Subject C,60,51,9,0.85
ENHS_SYN_0339,Subject D,60,52,8,0.8667
ENHS_SYN_0339,Subject E,60,50,10,0.8333
ENHS_SYN_0340,Subject A,60,51,9,0.85
ENHS_SYN_0340,Subject B,60,54,6,0.9
ENHS_SYN_0340,Subject C,60,52,8,0.8667
ENHS_SYN_0340,Subject D,60,56,4,0.9333
ENHS_SYN_0340,Subject E,60,53,7,0.8833
ENHS_SYN_0341,Subject A,59,46,13,0.7797
ENHS_SYN_0341,Subject B,60,45,15,0.75
ENHS_SYN_0341,Subject C,60,43,17,0.7167
ENHS_SYN_0341,Subject D,60,44,16,0.7333
ENHS_SYN_0341,Subject E,60,49,11,0.8167
ENHS_SYN_0342,Subject A,59,56,3,0.9492
ENHS_SYN_0342,Subject B,60,57,3,0.95
ENHS_SYN_0342,Subject C,60,55,5,0.9167
ENHS_SYN_0342,Subject D,60,56,4,0.9333
ENHS_SYN_0342,Subject E,60,55,5,0.9167
ENHS_SYN_0343,Subject A,60,44,16,0.7333
ENHS_SYN_0343,Subject B,60,46,14,0.7667
ENHS_SYN_0343,Subject C,60,50,10,0.8333
ENHS_SYN_0343,Subject D,60,37,23,0.6167
ENHS_SYN_0343,Subject E,60,42,18,0.7
ENHS_SYN_0344,Subject A,60,53,7,0.8833
ENHS_SYN_0344,Subject B,60,44,16,0.7333
ENHS_SYN_0344,Subject C,60,39,21,0.65
ENHS_SYN_0344,Subject D,60,47,13,0.7833
ENHS_SYN_0344,Subject E,60,49,11,0.8167
ENHS_SYN_0345,Subject A,60,54,6,0.9
ENHS_SYN_0345,Subject B,60,52,8,0.8667
ENHS_SYN_0345,Subject C,60,54,6,0.9
ENHS_SYN_0345,Subject D,60,57,3,0.95
ENHS_SYN_0345,Subject E,60,54,6,0.9
ENHS_SYN_0346,Subject A,60,57,3,0.95
ENHS_SYN_0346,Subject B,60,59,1,0.9833
ENHS_SYN_0346,Subject C,60,55,5,0.9167
ENHS_SYN_0346,Subject D,60,51,9,0.85
ENHS_SYN_0346,Subject E,60,51,9,0.85
ENHS_SYN_0347,Subject A,60,56,4,0.9333
ENHS_SYN_0347,Subject B,60,47,13,0.7833
ENHS_SYN_0347,Subject C,60,49,11,0.8167
ENHS_SYN_0347,Subject D,60,49,11,0.8167
ENHS_SYN_0347,Subject E,60,48,12,0.8
ENHS_SYN_0348,Subject A,60,49,11,0.8167
ENHS_SYN_0348,Subject B,60,54,6,0.9
ENHS_SYN_0348,Subject C,60,54,6,0.9
ENHS_SYN_0348,Subject D,60,49,11,0.8167
ENHS_SYN_0348,Subject E,60,41,19,0.6833
ENHS_SYN_0349,Subject A,60,50,10,0.8333
ENHS_SYN_0349,Subject B,60,58,2,0.9667
ENHS_SYN_0349,Subject C,60,51,9,0.85
ENHS_SYN_0349,Subject D,60,56,4,0.9333
ENHS_SYN_0349,Subject E,59,52,7,0.8814
ENHS_SYN_0350,Subject A,60,53,7,0.8833
ENHS_SYN_0350,Subject B,60,49,11,0.8167
ENHS_SYN_0350,Subject C,59,51,8,0.8644
ENHS_SYN_0350,Subject D,60,53,7,0.8833
ENHS_SYN_0350,Subject E,60,50,10,0.8333
ENHS_SYN_0351,Subject A,60,56,4,0.9333
ENHS_SYN_0351,Subject B,60,58,2,0.9667
ENHS_SYN_0351,Subject C,60,54,6,0.9
ENHS_SYN_0351,Subject D,59,52,7,0.8814
ENHS_SYN_0351,Subject E,60,52,8,0.8667
ENHS_SYN_0352,Subject A,60,57,3,0.95
ENHS_SYN_0352,Subject B,60,47,13,0.7833
ENHS_SYN_0352,Subject C,60,52,8,0.8667
ENHS_SYN_0352,Subject D,59,49,10,0.8305
ENHS_SYN_0352,Subject E,60,48,12,0.8
ENHS_SYN_0353,Subject A,58,54,4,0.931
ENHS_SYN_0353,Subject B,60,51,9,0.85
ENHS_SYN_0353,Subject C,60,54,6,0.9
ENHS_SYN_0353,Subject D,60,52,8,0.8667
ENHS_SYN_0353,Subject E,60,55,5,0.9167
ENHS_SYN_0354,Subject A,60,56,4,0.9333
ENHS_SYN_0354,Subject B,60,56,4,0.9333
ENHS_SYN_0354,Subject C,60,58,2,0.9667
ENHS_SYN_0354,Subject D,60,56,4,0.9333
ENHS_SYN_0354,Subject E,59,54,5,0.9153
ENHS_SYN_0355,Subject A,60,60,0,1.0
ENHS_SYN_0355,Subject B,60,60,0,1.0
ENHS_SYN_0355,Subject C,59,59,0,1.0
ENHS_SYN_0355,Subject D,60,58,2,0.9667
ENHS_SYN_0355,Subject E,60,57,3,0.95
ENHS_SYN_0356,Subject A,60,47,13,0.7833
ENHS_SYN_0356,Subject B,59,47,12,0.7966
ENHS_SYN_0356,Subject C,60,48,12,0.8
ENHS_SYN_0356,Subject D,60,49,11,0.8167
ENHS_SYN_0356,Subject E,60,45,15,0.75
ENHS_SYN_0357,Subject A,60,42,18,0.7
ENHS_SYN_0357,Subject B,60,48,12,0.8
ENHS_SYN_0357,Subject C,60,47,13,0.7833
ENHS_SYN_0357,Subject D,60,44,16,0.7333
ENHS_SYN_0357,Subject E,60,44,16,0.7333
ENHS_SYN_0358,Subject A,60,57,3,0.95
ENHS_SYN_0358,Subject B,60,54,6,0.9
ENHS_SYN_0358,Subject C,60,53,7,0.8833
ENHS_SYN_0358,Subject D,60,54,6,0.9
ENHS_SYN_0358,Subject E,59,51,8,0.8644
ENHS_SYN_0359,Subject A,60,55,5,0.9167
ENHS_SYN_0359,Subject B,60,53,7,0.8833
ENHS_SYN_0359,Subject C,60,57,3,0.95
ENHS_SYN_0359,Subject D,60,55,5,0.9167
ENHS_SYN_0359,Subject E,60,54,6,0.9
ENHS_SYN_0360,Subject A,60,40,20,0.6667
ENHS_SYN_0360,Subject B,60,48,12,0.8
ENHS_SYN_0360,Subject C,60,34,26,0.5667
ENHS_SYN_0360,Subject D,60,43,17,0.7167
ENHS_SYN_0360,Subject E,60,46,14,0.7667
ENHS_SYN_0361,Subject A,60,60,0,1.0
ENHS_SYN_0361,Subject B,60,59,1,0.9833
ENHS_SYN_0361,Subject C,60,60,0,1.0
ENHS_SYN_0361,Subject D,60,57,3,0.95
ENHS_SYN_0361,Subject E,60,56,4,0.9333
ENHS_SYN_0362,Subject A,60,45,15,0.75
ENHS_SYN_0362,Subject B,60,48,12,0.8
ENHS_SYN_0362,Subject C,60,49,11,0.8167
ENHS_SYN_0362,Subject D,60,51,9,0.85
ENHS_SYN_0362,Subject E,60,47,13,0.7833
ENHS_SYN_0363,Subject A,60,51,9,0.85
ENHS_SYN_0363,Subject B,60,52,8,0.8667
ENHS_SYN_0363,Subject C,60,45,15,0.75
ENHS_SYN_0363,Subject D,60,50,10,0.8333
ENHS_SYN_0363,Subject E,60,45,15,0.75
ENHS_SYN_0364,Subject A,60,54,6,0.9
ENHS_SYN_0364,Subject B,60,57,3,0.95
ENHS_SYN_0364,Subject C,60,53,7,0.8833
ENHS_SYN_0364,Subject D,60,53,7,0.8833
ENHS_SYN_0364,Subject E,60,53,7,0.8833
ENHS_SYN_0365,Subject A,60,59,1,0.9833
ENHS_SYN_0365,Subject B,59,59,0,1.0
ENHS_SYN_0365,Subject C,60,58,2,0.9667
ENHS_SYN_0365,Subject D,60,56,4,0.9333
ENHS_SYN_0365,Subject E,60,55,5,0.9167
ENHS_SYN_0366,Subject A,60,56,4,0.9333
ENHS_SYN_0366,Subject B,60,52,8,0.8667
ENHS_SYN_0366,Subject C,60,52,8,0.8667
ENHS_SYN_0366,Subject D,60,52,8,0.8667
ENHS_SYN_0366,Subject E,60,54,6,0.9
ENHS_SYN_0367,Subject A,60,58,2,0.9667
ENHS_SYN_0367,Subject B,60,53,7,0.8833
ENHS_SYN_0367,Subject C,60,57,3,0.95
ENHS_SYN_0367,Subject D,60,58,2,0.9667
ENHS_SYN_0367,Subject E,60,55,5,0.9167
ENHS_SYN_0368,Subject A,60,55,5,0.9167
ENHS_SYN_0368,Subject B,60,52,8,0.8667
ENHS_SYN_0368,Subject C,60,55,5,0.9167
ENHS_SYN_0368,Subject D,60,52,8,0.8667
ENHS_SYN_0368,Subject E,60,52,8,0.8667
ENHS_SYN_0369,Subject A,60,47,13,0.7833
ENHS_SYN_0369,Subject B,60,49,11,0.8167
ENHS_SYN_0369,Subject C,60,46,14,0.7667
ENHS_SYN_0369,Subject D,60,46,14,0.7667
ENHS_SYN_0369,Subject E,60,48,12,0.8
ENHS_SYN_0370,Subject A,60,56,4,0.9333
ENHS_SYN_0370,Subject B,60,48,12,0.8
ENHS_SYN_0370,Subject C,60,50,10,0.8333
ENHS_SYN_0370,Subject D,59,47,12,0.7966
ENHS_SYN_0370,Subject E,60,46,14,0.7667
ENHS_SYN_0371,Subject A,60,42,18,0.7
ENHS_SYN_0371,Subject B,60,48,12,0.8
ENHS_SYN_0371,Subject C,60,46,14,0.7667
ENHS_SYN_0371,Subject D,60,54,6,0.9
ENHS_SYN_0371,Subject E,60,52,8,0.8667
ENHS_SYN_0372,Subject A,60,47,13,0.7833
ENHS_SYN_0372,Subject B,60,44,16,0.7333
ENHS_SYN_0372,Subject C,60,45,15,0.75
ENHS_SYN_0372,Subject D,59,47,12,0.7966
ENHS_SYN_0372,Subject E,60,46,14,0.7667
ENHS_SYN_0373,Subject A,60,60,0,1.0
ENHS_SYN_0373,Subject B,60,60,0,1.0
ENHS_SYN_0373,Subject C,60,59,1,0.9833
ENHS_SYN_0373,Subject D,60,57,3,0.95
ENHS_SYN_0373,Subject E,60,59,1,0.9833
ENHS_SYN_0374,Subject A,60,56,4,0.9333
ENHS_SYN_0374,Subject B,59,58,1,0.9831
ENHS_SYN_0374,Subject C,60,58,2,0.9667
ENHS_SYN_0374,Subject D,60,56,4,0.9333
ENHS_SYN_0374,Subject E,60,55,5,0.9167
ENHS_SYN_0375,Subject A,60,59,1,0.9833
ENHS_SYN_0375,Subject B,60,58,2,0.9667
ENHS_SYN_0375,Subject C,60,54,6,0.9
ENHS_SYN_0375,Subject D,60,55,5,0.9167
ENHS_SYN_0375,Subject E,60,52,8,0.8667
ENHS_SYN_0376,Subject A,60,50,10,0.8333
ENHS_SYN_0376,Subject B,60,43,17,0.7167
ENHS_SYN_0376,Subject C,60,50,10,0.8333
ENHS_SYN_0376,Subject D,60,42,18,0.7
ENHS_SYN_0376,Subject E,60,45,15,0.75
ENHS_SYN_0377,Subject A,60,58,2,0.9667
ENHS_SYN_0377,Subject B,60,55,5,0.9167
ENHS_SYN_0377,Subject C,60,53,7,0.8833
ENHS_SYN_0377,Subject D,60,53,7,0.8833
ENHS_SYN_0377,Subject E,60,58,2,0.9667
ENHS_SYN_0378,Subject A,60,48,12,0.8
ENHS_SYN_0378,Subject B,60,46,14,0.7667
ENHS_SYN_0378,Subject C,60,50,10,0.8333
ENHS_SYN_0378,Subject D,60,49,11,0.8167
ENHS_SYN_0378,Subject E,59,50,9,0.8475
ENHS_SYN_0379,Subject A,60,54,6,0.9
ENHS_SYN_0379,Subject B,60,53,7,0.8833
ENHS_SYN_0379,Subject C,60,57,3,0.95
ENHS_SYN_0379,Subject D,60,55,5,0.9167
ENHS_SYN_0379,Subject E,60,56,4,0.9333
ENHS_SYN_0380,Subject A,60,50,10,0.8333
ENHS_SYN_0380,Subject B,60,53,7,0.8833
ENHS_SYN_0380,Subject C,60,51,9,0.85
ENHS_SYN_0380,Subject D,60,48,12,0.8
ENHS_SYN_0380,Subject E,60,50,10,0.8333
ENHS_SYN_0381,Subject A,60,46,14,0.7667
ENHS_SYN_0381,Subject B,60,49,11,0.8167
ENHS_SYN_0381,Subject C,60,52,8,0.8667
ENHS_SYN_0381,Subject D,60,38,22,0.6333
ENHS_SYN_0381,Subject E,60,41,19,0.6833
ENHS_SYN_0382,Subject A,60,51,9,0.85
ENHS_SYN_0382,Subject B,60,58,2,0.9667
ENHS_SYN_0382,Subject C,59,53,6,0.8983
ENHS_SYN_0382,Subject D,59,56,3,0.9492
ENHS_SYN_0382,Subject E,60,58,2,0.9667
ENHS_SYN_0383,Subject A,59,52,7,0.8814
ENHS_SYN_0383,Subject B,60,57,3,0.95
ENHS_SYN_0383,Subject C,60,57,3,0.95
ENHS_SYN_0383,Subject D,60,54,6,0.9
ENHS_SYN_0383,Subject E,59,58,1,0.9831
ENHS_SYN_0384,Subject A,60,49,11,0.8167
ENHS_SYN_0384,Subject B,60,51,9,0.85
ENHS_SYN_0384,Subject C,60,45,15,0.75
ENHS_SYN_0384,Subject D,60,46,14,0.7667
ENHS_SYN_0384,Subject E,60,46,14,0.7667
ENHS_SYN_0385,Subject A,60,53,7,0.8833
ENHS_SYN_0385,Subject B,60,49,11,0.8167
ENHS_SYN_0385,Subject C,60,53,7,0.8833
ENHS_SYN_0385,Subject D,60,52,8,0.8667
ENHS_SYN_0385,Subject E,60,49,11,0.8167
ENHS_SYN_0386,Subject A,60,58,2,0.9667
ENHS_SYN_0386,Subject B,60,55,5,0.9167
ENHS_SYN_0386,Subject C,60,57,3,0.95
ENHS_SYN_0386,Subject D,60,57,3,0.95
ENHS_SYN_0386,Subject E,60,58,2,0.9667
ENHS_SYN_0387,Subject A,60,59,1,0.9833
ENHS_SYN_0387,Subject B,60,58,2,0.9667
ENHS_SYN_0387,Subject C,60,56,4,0.9333
ENHS_SYN_0387,Subject D,59,56,3,0.9492
ENHS_SYN_0387,Subject E,60,58,2,0.9667
ENHS_SYN_0388,Subject A,60,60,0,1.0
ENHS_SYN_0388,Subject B,60,60,0,1.0
ENHS_SYN_0388,Subject C,60,58,2,0.9667
ENHS_SYN_0388,Subject D,60,59,1,0.9833
ENHS_SYN_0388,Subject E,60,56,4,0.9333
ENHS_SYN_0389,Subject A,60,53,7,0.8833
ENHS_SYN_0389,Subject B,60,54,6,0.9
ENHS_SYN_0389,Subject C,59,49,10,0.8305
ENHS_SYN_0389,Subject D,60,54,6,0.9
ENHS_SYN_0389,Subject E,60,55,5,0.9167
ENHS_SYN_0390,Subject A,60,55,5,0.9167
ENHS_SYN_0390,Subject B,60,57,3,0.95
ENHS_SYN_0390,Subject C,59,52,7,0.8814
ENHS_SYN_0390,Subject D,59,53,6,0.8983
ENHS_SYN_0390,Subject E,60,58,2,0.9667
ENHS_SYN_0391,Subject A,60,50,10,0.8333
ENHS_SYN_0391,Subject B,60,51,9,0.85
ENHS_SYN_0391,Subject C,60,54,6,0.9
ENHS_SYN_0391,Subject D,60,48,12,0.8
ENHS_SYN_0391,Subject E,60,50,10,0.8333
ENHS_SYN_0392,Subject A,60,60,0,1.0
ENHS_SYN_0392,Subject B,60,57,3,0.95
ENHS_SYN_0392,Subject C,60,56,4,0.9333
ENHS_SYN_0392,Subject D,60,58,2,0.9667
ENHS_SYN_0392,Subject E,60,55,5,0.9167
ENHS_SYN_0393,Subject A,60,60,0,1.0
ENHS_SYN_0393,Subject B,60,58,2,0.9667
ENHS_SYN_0393,Subject C,60,59,1,0.9833
ENHS_SYN_0393,Subject D,60,57,3,0.95
ENHS_SYN_0393,Subject E,60,57,3,0.95
ENHS_SYN_0394,Subject A,60,46,14,0.7667
ENHS_SYN_0394,Subject B,60,45,15,0.75
ENHS_SYN_0394,Subject C,60,44,16,0.7333
ENHS_SYN_0394,Subject D,59,39,20,0.661
ENHS_SYN_0394,Subject E,60,44,16,0.7333
ENHS_SYN_0395,Subject A,60,47,13,0.7833
ENHS_SYN_0395,Subject B,60,50,10,0.8333
ENHS_SYN_0395,Subject C,60,49,11,0.8167
ENHS_SYN_0395,Subject D,60,49,11,0.8167
ENHS_SYN_0395,Subject E,60,46,14,0.7667
ENHS_SYN_0396,Subject A,60,51,9,0.85
ENHS_SYN_0396,Subject B,60,50,10,0.8333
ENHS_SYN_0396,Subject C,60,51,9,0.85
ENHS_SYN_0396,Subject D,60,48,12,0.8
ENHS_SYN_0396,Subject E,60,50,10,0.8333
ENHS_SYN_0397,Subject A,60,56,4,0.9333
ENHS_SYN_0397,Subject B,60,51,9,0.85
ENHS_SYN_0397,Subject C,60,53,7,0.8833
ENHS_SYN_0397,Subject D,60,51,9,0.85
ENHS_SYN_0397,Subject E,60,57,3,0.95
ENHS_SYN_0398,Subject A,60,58,2,0.9667
ENHS_SYN_0398,Subject B,60,53,7,0.8833
ENHS_SYN_0398,Subject C,60,54,6,0.9
ENHS_SYN_0398,Subject D,60,58,2,0.9667
ENHS_SYN_0398,Subject E,60,58,2,0.9667
ENHS_SYN_0399,Subject A,60,54,6,0.9
ENHS_SYN_0399,Subject B,60,56,4,0.9333
ENHS_SYN_0399,Subject C,59,56,3,0.9492
ENHS_SYN_0399,Subject D,60,54,6,0.9
ENHS_SYN_0399,Subject E,60,53,7,0.8833
ENHS_SYN_0400,Subject A,60,58,2,0.9667
ENHS_SYN_0400,Subject B,60,58,2,0.9667
ENHS_SYN_0400,Subject C,60,58,2,0.9667
ENHS_SYN_0400,Subject D,60,53,7,0.8833
ENHS_SYN_0400,Subject E,60,57,3,0.95
ENHS_SYN_0401,Subject A,60,47,13,0.7833
ENHS_SYN_0401,Subject B,59,44,15,0.7458
ENHS_SYN_0401,Subject C,60,45,15,0.75
ENHS_SYN_0401,Subject D,60,41,19,0.6833
ENHS_SYN_0401,Subject E,60,49,11,0.8167
ENHS_SYN_0402,Subject A,60,51,9,0.85
ENHS_SYN_0402,Subject B,60,50,10,0.8333
ENHS_SYN_0402,Subject C,60,45,15,0.75
ENHS_SYN_0402,Subject D,60,51,9,0.85
ENHS_SYN_0402,Subject E,60,51,9,0.85
ENHS_SYN_0403,Subject A,60,56,4,0.9333
ENHS_SYN_0403,Subject B,59,56,3,0.9492
ENHS_SYN_0403,Subject C,60,53,7,0.8833
ENHS_SYN_0403,Subject D,60,50,10,0.8333
ENHS_SYN_0403,Subject E,60,50,10,0.8333
ENHS_SYN_0404,Subject A,60,55,5,0.9167
ENHS_SYN_0404,Subject B,60,59,1,0.9833
ENHS_SYN_0404,Subject C,60,56,4,0.9333
ENHS_SYN_0404,Subject D,60,57,3,0.95
ENHS_SYN_0404,Subject E,60,58,2,0.9667
ENHS_SYN_0405,Subject A,60,53,7,0.8833
ENHS_SYN_0405,Subject B,60,56,4,0.9333
ENHS_SYN_0405,Subject C,60,56,4,0.9333
ENHS_SYN_0405,Subject D,60,54,6,0.9
ENHS_SYN_0405,Subject E,60,54,6,0.9
ENHS_SYN_0406,Subject A,60,39,21,0.65
ENHS_SYN_0406,Subject B,60,46,14,0.7667
ENHS_SYN_0406,Subject C,59,45,14,0.7627
ENHS_SYN_0406,Subject D,60,44,16,0.7333
ENHS_SYN_0406,Subject E,59,39,20,0.661
ENHS_SYN_0407,Subject A,60,51,9,0.85
ENHS_SYN_0407,Subject B,60,52,8,0.8667
ENHS_SYN_0407,Subject C,60,55,5,0.9167
ENHS_SYN_0407,Subject D,59,47,12,0.7966
ENHS_SYN_0407,Subject E,60,55,5,0.9167
ENHS_SYN_0408,Subject A,60,53,7,0.8833
ENHS_SYN_0408,Subject B,60,55,5,0.9167
ENHS_SYN_0408,Subject C,58,53,5,0.9138
ENHS_SYN_0408,Subject D,60,55,5,0.9167
ENHS_SYN_0408,Subject E,60,55,5,0.9167
ENHS_SYN_0409,Subject A,60,60,0,1.0
ENHS_SYN_0409,Subject B,60,57,3,0.95
ENHS_SYN_0409,Subject C,59,55,4,0.9322
ENHS_SYN_0409,Subject D,60,58,2,0.9667
ENHS_SYN_0409,Subject E,59,57,2,0.9661
ENHS_SYN_0410,Subject A,60,40,20,0.6667
ENHS_SYN_0410,Subject B,60,40,20,0.6667
ENHS_SYN_0410,Subject C,60,39,21,0.65
ENHS_SYN_0410,Subject D,60,37,23,0.6167
ENHS_SYN_0410,Subject E,60,47,13,0.7833
ENHS_SYN_0411,Subject A,60,53,7,0.8833
ENHS_SYN_0411,Subject B,60,53,7,0.8833
ENHS_SYN_0411,Subject C,60,52,8,0.8667
ENHS_SYN_0411,Subject D,60,54,6,0.9
ENHS_SYN_0411,Subject E,60,53,7,0.8833
ENHS_SYN_0412,Subject A,60,60,0,1.0
ENHS_SYN_0412,Subject B,60,58,2,0.9667
ENHS_SYN_0412,Subject C,60,57,3,0.95
ENHS_SYN_0412,Subject D,59,59,0,1.0
ENHS_SYN_0412,Subject E,60,59,1,0.9833
ENHS_SYN_0413,Subject A,60,49,11,0.8167
ENHS_SYN_0413,Subject B,60,52,8,0.8667
ENHS_SYN_0413,Subject C,60,51,9,0.85
ENHS_SYN_0413,Subject D,60,55,5,0.9167
ENHS_SYN_0413,Subject E,60,49,11,0.8167
ENHS_SYN_0414,Subject A,60,53,7,0.8833
ENHS_SYN_0414,Subject B,60,58,2,0.9667
ENHS_SYN_0414,Subject C,60,55,5,0.9167
ENHS_SYN_0414,Subject D,60,50,10,0.8333
ENHS_SYN_0414,Subject E,60,55,5,0.9167
ENHS_SYN_0415,Subject A,60,54,6,0.9
ENHS_SYN_0415,Subject B,60,52,8,0.8667
ENHS_SYN_0415,Subject C,60,53,7,0.8833
ENHS_SYN_0415,Subject D,60,51,9,0.85
ENHS_SYN_0415,Subject E,60,50,10,0.8333
ENHS_SYN_0416,Subject A,60,51,9,0.85
ENHS_SYN_0416,Subject B,60,43,17,0.7167
ENHS_SYN_0416,Subject C,60,53,7,0.8833
ENHS_SYN_0416,Subject D,60,46,14,0.7667
ENHS_SYN_0416,Subject E,60,51,9,0.85
ENHS_SYN_0417,Subject A,60,39,21,0.65
ENHS_SYN_0417,Subject B,60,43,17,0.7167
ENHS_SYN_0417,Subject C,60,42,18,0.7
ENHS_SYN_0417,Subject D,60,37,23,0.6167
ENHS_SYN_0417,Subject E,60,42,18,0.7
ENHS_SYN_0418,Subject A,60,53,7,0.8833
ENHS_SYN_0418,Subject B,60,53,7,0.8833
ENHS_SYN_0418,Subject C,60,53,7,0.8833
ENHS_SYN_0418,Subject D,60,49,11,0.8167
ENHS_SYN_0418,Subject E,60,50,10,0.8333
ENHS_SYN_0419,Subject A,60,59,1,0.9833
ENHS_SYN_0419,Subject B,60,59,1,0.9833
ENHS_SYN_0419,Subject C,60,57,3,0.95
ENHS_SYN_0419,Subject D,60,56,4,0.9333
ENHS_SYN_0419,Subject E,60,55,5,0.9167
ENHS_SYN_0420,Subject A,59,54,5,0.9153
ENHS_SYN_0420,Subject B,60,56,4,0.9333
ENHS_SYN_0420,Subject C,60,50,10,0.8333
ENHS_SYN_0420,Subject D,60,54,6,0.9
ENHS_SYN_0420,Subject E,60,54,6,0.9
ENHS_SYN_0421,Subject A,60,46,14,0.7667
ENHS_SYN_0421,Subject B,60,45,15,0.75
ENHS_SYN_0421,Subject C,60,50,10,0.8333
ENHS_SYN_0421,Subject D,60,46,14,0.7667
ENHS_SYN_0421,Subject E,60,46,14,0.7667
ENHS_SYN_0422,Subject A,60,57,3,0.95
ENHS_SYN_0422,Subject B,59,58,1,0.9831
ENHS_SYN_0422,Subject C,60,58,2,0.9667
ENHS_SYN_0422,Subject D,60,58,2,0.9667
ENHS_SYN_0422,Subject E,60,57,3,0.95
ENHS_SYN_0423,Subject A,60,55,5,0.9167
ENHS_SYN_0423,Subject B,60,51,9,0.85
ENHS_SYN_0423,Subject C,60,44,16,0.7333
ENHS_SYN_0423,Subject D,60,53,7,0.8833
ENHS_SYN_0423,Subject E,60,55,5,0.9167
ENHS_SYN_0424,Subject A,60,56,4,0.9333
ENHS_SYN_0424,Subject B,60,58,2,0.9667
ENHS_SYN_0424,Subject C,60,53,7,0.8833
ENHS_SYN_0424,Subject D,60,53,7,0.8833
ENHS_SYN_0424,Subject E,60,50,10,0.8333
ENHS_SYN_0425,Subject A,60,59,1,0.9833
ENHS_SYN_0425,Subject B,60,57,3,0.95
ENHS_SYN_0425,Subject C,60,58,2,0.9667
ENHS_SYN_0425,Subject D,60,59,1,0.9833
ENHS_SYN_0425,Subject E,60,56,4,0.9333
ENHS_SYN_0426,Subject A,60,46,14,0.7667
ENHS_SYN_0426,Subject B,60,49,11,0.8167
ENHS_SYN_0426,Subject C,60,43,17,0.7167
ENHS_SYN_0426,Subject D,59,45,14,0.7627
ENHS_SYN_0426,Subject E,60,45,15,0.75
ENHS_SYN_0427,Subject A,60,55,5,0.9167
ENHS_SYN_0427,Subject B,60,57,3,0.95
ENHS_SYN_0427,Subject C,60,57,3,0.95
ENHS_SYN_0427,Subject D,59,55,4,0.9322
ENHS_SYN_0427,Subject E,60,56,4,0.9333
ENHS_SYN_0428,Subject A,60,48,12,0.8
ENHS_SYN_0428,Subject B,60,52,8,0.8667
ENHS_SYN_0428,Subject C,60,44,16,0.7333
ENHS_SYN_0428,Subject D,59,44,15,0.7458
ENHS_SYN_0428,Subject E,60,42,18,0.7
ENHS_SYN_0429,Subject A,60,58,2,0.9667
ENHS_SYN_0429,Subject B,60,58,2,0.9667
ENHS_SYN_0429,Subject C,60,56,4,0.9333
ENHS_SYN_0429,Subject D,58,52,6,0.8966
ENHS_SYN_0429,Subject E,60,53,7,0.8833
ENHS_SYN_0430,Subject A,60,59,1,0.9833
ENHS_SYN_0430,Subject B,60,55,5,0.9167
ENHS_SYN_0430,Subject C,60,55,5,0.9167
ENHS_SYN_0430,Subject D,60,52,8,0.8667
ENHS_SYN_0430,Subject E,60,54,6,0.9
ENHS_SYN_0431,Subject A,60,46,14,0.7667
ENHS_SYN_0431,Subject B,60,48,12,0.8
ENHS_SYN_0431,Subject C,60,45,15,0.75
ENHS_SYN_0431,Subject D,60,42,18,0.7
ENHS_SYN_0431,Subject E,60,46,14,0.7667
ENHS_SYN_0432,Subject A,59,51,8,0.8644
ENHS_SYN_0432,Subject B,60,49,11,0.8167
ENHS_SYN_0432,Subject C,58,45,13,0.7759
ENHS_SYN_0432,Subject D,60,45,15,0.75
ENHS_SYN_0432,Subject E,60,49,11,0.8167
ENHS_SYN_0433,Subject A,60,54,6,0.9
ENHS_SYN_0433,Subject B,60,51,9,0.85
ENHS_SYN_0433,Subject C,60,54,6,0.9
ENHS_SYN_0433,Subject D,60,51,9,0.85
ENHS_SYN_0433,Subject E,60,54,6,0.9
ENHS_SYN_0434,Subject A,60,50,10,0.8333
ENHS_SYN_0434,Subject B,60,50,10,0.8333
ENHS_SYN_0434,Subject C,60,56,4,0.9333
ENHS_SYN_0434,Subject D,60,50,10,0.8333
ENHS_SYN_0434,Subject E,60,53,7,0.8833
ENHS_SYN_0435,Subject A,60,48,12,0.8
ENHS_SYN_0435,Subject B,59,44,15,0.7458
ENHS_SYN_0435,Subject C,59,44,15,0.7458
ENHS_SYN_0435,Subject D,60,50,10,0.8333
ENHS_SYN_0435,Subject E,59,42,17,0.7119
ENHS_SYN_0436,Subject A,60,53,7,0.8833
ENHS_SYN_0436,Subject B,60,58,2,0.9667
ENHS_SYN_0436,Subject C,60,52,8,0.8667
ENHS_SYN_0436,Subject D,60,53,7,0.8833
ENHS_SYN_0436,Subject E,60,47,13,0.7833
ENHS_SYN_0437,Subject A,60,47,13,0.7833
ENHS_SYN_0437,Subject B,60,49,11,0.8167
ENHS_SYN_0437,Subject C,60,53,7,0.8833
ENHS_SYN_0437,Subject D,60,49,11,0.8167
ENHS_SYN_0437,Subject E,60,47,13,0.7833
ENHS_SYN_0438,Subject A,60,50,10,0.8333
ENHS_SYN_0438,Subject B,60,53,7,0.8833
ENHS_SYN_0438,Subject C,60,47,13,0.7833
ENHS_SYN_0438,Subject D,60,50,10,0.8333
ENHS_SYN_0438,Subject E,60,53,7,0.8833
ENHS_SYN_0439,Subject A,60,47,13,0.7833
ENHS_SYN_0439,Subject B,60,55,5,0.9167
ENHS_SYN_0439,Subject C,60,49,11,0.8167
ENHS_SYN_0439,Subject D,60,50,10,0.8333
ENHS_SYN_0439,Subject E,60,50,10,0.8333
ENHS_SYN_0440,Subject A,60,59,1,0.9833
ENHS_SYN_0440,Subject B,60,57,3,0.95
ENHS_SYN_0440,Subject C,60,58,2,0.9667
ENHS_SYN_0440,Subject D,60,56,4,0.9333
ENHS_SYN_0440,Subject E,60,57,3,0.95
ENHS_SYN_0441,Subject A,60,50,10,0.8333
ENHS_SYN_0441,Subject B,60,51,9,0.85
ENHS_SYN_0441,Subject C,60,47,13,0.7833
ENHS_SYN_0441,Subject D,59,52,7,0.8814
ENHS_SYN_0441,Subject E,60,47,13,0.7833
ENHS_SYN_0442,Subject A,60,49,11,0.8167
ENHS_SYN_0442,Subject B,60,53,7,0.8833
ENHS_SYN_0442,Subject C,60,51,9,0.85
ENHS_SYN_0442,Subject D,60,50,10,0.8333
ENHS_SYN_0442,Subject E,60,51,9,0.85
ENHS_SYN_0443,Subject A,60,50,10,0.8333
ENHS_SYN_0443,Subject B,59,47,12,0.7966
ENHS_SYN_0443,Subject C,60,47,13,0.7833
ENHS_SYN_0443,Subject D,59,42,17,0.7119
ENHS_SYN_0443,Subject E,60,50,10,0.8333
ENHS_SYN_0444,Subject A,59,47,12,0.7966
ENHS_SYN_0444,Subject B,60,39,21,0.65
ENHS_SYN_0444,Subject C,59,40,19,0.678
ENHS_SYN_0444,Subject D,60,43,17,0.7167
ENHS_SYN_0444,Subject E,60,47,13,0.7833
ENHS_SYN_0445,Subject A,60,54,6,0.9
ENHS_SYN_0445,Subject B,60,54,6,0.9
ENHS_SYN_0445,Subject C,60,56,4,0.9333
ENHS_SYN_0445,Subject D,60,56,4,0.9333
ENHS_SYN_0445,Subject E,60,53,7,0.8833
ENHS_SYN_0446,Subject A,60,54,6,0.9
ENHS_SYN_0446,Subject B,60,48,12,0.8
ENHS_SYN_0446,Subject C,60,50,10,0.8333
ENHS_SYN_0446,Subject D,60,53,7,0.8833
ENHS_SYN_0446,Subject E,60,50,10,0.8333
ENHS_SYN_0447,Subject A,60,52,8,0.8667
ENHS_SYN_0447,Subject B,60,54,6,0.9
ENHS_SYN_0447,Subject C,60,54,6,0.9
ENHS_SYN_0447,Subject D,60,54,6,0.9
ENHS_SYN_0447,Subject E,60,54,6,0.9
ENHS_SYN_0448,Subject A,60,51,9,0.85
ENHS_SYN_0448,Subject B,60,45,15,0.75
ENHS_SYN_0448,Subject C,60,49,11,0.8167
ENHS_SYN_0448,Subject D,59,49,10,0.8305
ENHS_SYN_0448,Subject E,60,50,10,0.8333
ENHS_SYN_0449,Subject A,60,57,3,0.95
ENHS_SYN_0449,Subject B,60,53,7,0.8833
ENHS_SYN_0449,Subject C,60,55,5,0.9167
ENHS_SYN_0449,Subject D,60,52,8,0.8667
ENHS_SYN_0449,Subject E,60,51,9,0.85
ENHS_SYN_0450,Subject A,60,59,1,0.9833
ENHS_SYN_0450,Subject B,60,58,2,0.9667
ENHS_SYN_0450,Subject C,60,55,5,0.9167
ENHS_SYN_0450,Subject D,60,57,3,0.95
ENHS_SYN_0450,Subject E,60,53,7,0.8833
ENHS_SYN_0451,Subject A,60,45,15,0.75
ENHS_SYN_0451,Subject B,59,45,14,0.7627
ENHS_SYN_0451,Subject C,59,42,17,0.7119
ENHS_SYN_0451,Subject D,59,47,12,0.7966
ENHS_SYN_0451,Subject E,60,43,17,0.7167
ENHS_SYN_0452,Subject A,60,43,17,0.7167
ENHS_SYN_0452,Subject B,60,37,23,0.6167
ENHS_SYN_0452,Subject C,60,43,17,0.7167
ENHS_SYN_0452,Subject D,60,44,16,0.7333
ENHS_SYN_0452,Subject E,60,42,18,0.7
ENHS_SYN_0453,Subject A,60,55,5,0.9167
ENHS_SYN_0453,Subject B,60,51,9,0.85
ENHS_SYN_0453,Subject C,60,54,6,0.9
ENHS_SYN_0453,Subject D,60,54,6,0.9
ENHS_SYN_0453,Subject E,60,53,7,0.8833
ENHS_SYN_0454,Subject A,60,58,2,0.9667
ENHS_SYN_0454,Subject B,60,59,1,0.9833
ENHS_SYN_0454,Subject C,60,60,0,1.0
ENHS_SYN_0454,Subject D,60,59,1,0.9833
ENHS_SYN_0454,Subject E,60,57,3,0.95
ENHS_SYN_0455,Subject A,60,53,7,0.8833
ENHS_SYN_0455,Subject B,60,56,4,0.9333
ENHS_SYN_0455,Subject C,60,54,6,0.9
ENHS_SYN_0455,Subject D,60,53,7,0.8833
ENHS_SYN_0455,Subject E,60,53,7,0.8833
ENHS_SYN_0456,Subject A,60,54,6,0.9
ENHS_SYN_0456,Subject B,59,55,4,0.9322
ENHS_SYN_0456,Subject C,60,55,5,0.9167
ENHS_SYN_0456,Subject D,60,52,8,0.8667
ENHS_SYN_0456,Subject E,60,54,6,0.9
ENHS_SYN_0457,Subject A,60,56,4,0.9333
ENHS_SYN_0457,Subject B,60,56,4,0.9333
ENHS_SYN_0457,Subject C,60,56,4,0.9333
ENHS_SYN_0457,Subject D,60,54,6,0.9
ENHS_SYN_0457,Subject E,60,55,5,0.9167
ENHS_SYN_0458,Subject A,60,37,23,0.6167
ENHS_SYN_0458,Subject B,60,51,9,0.85
ENHS_SYN_0458,Subject C,60,35,25,0.5833
ENHS_SYN_0458,Subject D,60,47,13,0.7833
ENHS_SYN_0458,Subject E,60,43,17,0.7167
ENHS_SYN_0459,Subject A,60,44,16,0.7333
ENHS_SYN_0459,Subject B,60,50,10,0.8333
ENHS_SYN_0459,Subject C,60,49,11,0.8167
ENHS_SYN_0459,Subject D,60,46,14,0.7667
ENHS_SYN_0459,Subject E,60,41,19,0.6833
ENHS_SYN_0460,Subject A,60,56,4,0.9333
ENHS_SYN_0460,Subject B,60,57,3,0.95
ENHS_SYN_0460,Subject C,60,53,7,0.8833
ENHS_SYN_0460,Subject D,60,51,9,0.85
ENHS_SYN_0460,Subject E,60,53,7,0.8833
ENHS_SYN_0461,Subject A,59,46,13,0.7797
ENHS_SYN_0461,Subject B,59,48,11,0.8136
ENHS_SYN_0461,Subject C,60,43,17,0.7167
ENHS_SYN_0461,Subject D,60,53,7,0.8833
ENHS_SYN_0461,Subject E,60,46,14,0.7667
ENHS_SYN_0462,Subject A,60,54,6,0.9
ENHS_SYN_0462,Subject B,60,54,6,0.9
ENHS_SYN_0462,Subject C,60,49,11,0.8167
ENHS_SYN_0462,Subject D,60,54,6,0.9
ENHS_SYN_0462,Subject E,60,54,6,0.9
ENHS_SYN_0463,Subject A,60,56,4,0.9333
ENHS_SYN_0463,Subject B,60,56,4,0.9333
ENHS_SYN_0463,Subject C,60,56,4,0.9333
ENHS_SYN_0463,Subject D,60,56,4,0.9333
ENHS_SYN_0463,Subject E,60,55,5,0.9167
ENHS_SYN_0464,Subject A,60,51,9,0.85
ENHS_SYN_0464,Subject B,60,50,10,0.8333
ENHS_SYN_0464,Subject C,60,45,15,0.75
ENHS_SYN_0464,Subject D,60,49,11,0.8167
ENHS_SYN_0464,Subject E,60,45,15,0.75
ENHS_SYN_0465,Subject A,60,51,9,0.85
ENHS_SYN_0465,Subject B,60,50,10,0.8333
ENHS_SYN_0465,Subject C,60,54,6,0.9
ENHS_SYN_0465,Subject D,60,47,13,0.7833
ENHS_SYN_0465,Subject E,59,53,6,0.8983
ENHS_SYN_0466,Subject A,60,49,11,0.8167
ENHS_SYN_0466,Subject B,60,47,13,0.7833
ENHS_SYN_0466,Subject C,60,43,17,0.7167
ENHS_SYN_0466,Subject D,60,44,16,0.7333
ENHS_SYN_0466,Subject E,60,43,17,0.7167
ENHS_SYN_0467,Subject A,60,55,5,0.9167
ENHS_SYN_0467,Subject B,60,57,3,0.95
ENHS_SYN_0467,Subject C,60,57,3,0.95
ENHS_SYN_0467,Subject D,60,57,3,0.95
ENHS_SYN_0467,Subject E,60,57,3,0.95
ENHS_SYN_0468,Subject A,60,47,13,0.7833
ENHS_SYN_0468,Subject B,59,44,15,0.7458
ENHS_SYN_0468,Subject C,59,47,12,0.7966
ENHS_SYN_0468,Subject D,59,48,11,0.8136
ENHS_SYN_0468,Subject E,60,47,13,0.7833
ENHS_SYN_0469,Subject A,60,55,5,0.9167
ENHS_SYN_0469,Subject B,60,56,4,0.9333
ENHS_SYN_0469,Subject C,60,55,5,0.9167
ENHS_SYN_0469,Subject D,60,50,10,0.8333
ENHS_SYN_0469,Subject E,60,53,7,0.8833
ENHS_SYN_0470,Subject A,60,57,3,0.95
ENHS_SYN_0470,Subject B,60,54,6,0.9
ENHS_SYN_0470,Subject C,60,57,3,0.95
ENHS_SYN_0470,Subject D,60,55,5,0.9167
ENHS_SYN_0470,Subject E,59,56,3,0.9492
ENHS_SYN_0471,Subject A,60,48,12,0.8
ENHS_SYN_0471,Subject B,60,53,7,0.8833
ENHS_SYN_0471,Subject C,60,47,13,0.7833
ENHS_SYN_0471,Subject D,60,45,15,0.75
ENHS_SYN_0471,Subject E,60,52,8,0.8667
ENHS_SYN_0472,Subject A,60,57,3,0.95
ENHS_SYN_0472,Subject B,60,56,4,0.9333
ENHS_SYN_0472,Subject C,60,53,7,0.8833
ENHS_SYN_0472,Subject D,60,52,8,0.8667
ENHS_SYN_0472,Subject E,60,50,10,0.8333
ENHS_SYN_0473,Subject A,60,47,13,0.7833
ENHS_SYN_0473,Subject B,60,52,8,0.8667
ENHS_SYN_0473,Subject C,60,50,10,0.8333
ENHS_SYN_0473,Subject D,60,52,8,0.8667
ENHS_SYN_0473,Subject E,60,42,18,0.7
ENHS_SYN_0474,Subject A,60,55,5,0.9167
ENHS_SYN_0474,Subject B,60,58,2,0.9667
ENHS_SYN_0474,Subject C,59,56,3,0.9492
ENHS_SYN_0474,Subject D,60,54,6,0.9
ENHS_SYN_0474,Subject E,60,52,8,0.8667
ENHS_SYN_0475,Subject A,59,48,11,0.8136
ENHS_SYN_0475,Subject B,59,48,11,0.8136
ENHS_SYN_0475,Subject C,59,39,20,0.661
ENHS_SYN_0475,Subject D,60,39,21,0.65
ENHS_SYN_0475,Subject E,60,41,19,0.6833
ENHS_SYN_0476,Subject A,60,46,14,0.7667
ENHS_SYN_0476,Subject B,60,50,10,0.8333
ENHS_SYN_0476,Subject C,60,50,10,0.8333
ENHS_SYN_0476,Subject D,60,43,17,0.7167
ENHS_SYN_0476,Subject E,60,43,17,0.7167
ENHS_SYN_0477,Subject A,60,57,3,0.95
ENHS_SYN_0477,Subject B,60,57,3,0.95
ENHS_SYN_0477,Subject C,60,57,3,0.95
ENHS_SYN_0477,Subject D,60,55,5,0.9167
ENHS_SYN_0477,Subject E,60,55,5,0.9167
ENHS_SYN_0478,Subject A,60,59,1,0.9833
ENHS_SYN_0478,Subject B,60,55,5,0.9167
ENHS_SYN_0478,Subject C,60,54,6,0.9
ENHS_SYN_0478,Subject D,60,57,3,0.95
ENHS_SYN_0478,Subject E,60,53,7,0.8833
ENHS_SYN_0479,Subject A,60,55,5,0.9167
ENHS_SYN_0479,Subject B,60,54,6,0.9
ENHS_SYN_0479,Subject C,60,54,6,0.9
ENHS_SYN_0479,Subject D,59,56,3,0.9492
ENHS_SYN_0479,Subject E,60,55,5,0.9167
ENHS_SYN_0480,Subject A,59,56,3,0.9492
ENHS_SYN_0480,Subject B,60,55,5,0.9167
ENHS_SYN_0480,Subject C,60,51,9,0.85
ENHS_SYN_0480,Subject D,60,46,14,0.7667
ENHS_SYN_0480,Subject E,60,53,7,0.8833
ENHS_SYN_0481,Subject A,60,47,13,0.7833
ENHS_SYN_0481,Subject B,60,49,11,0.8167
ENHS_SYN_0481,Subject C,60,43,17,0.7167
ENHS_SYN_0481,Subject D,60,50,10,0.8333
ENHS_SYN_0481,Subject E,59,44,15,0.7458
ENHS_SYN_0482,Subject A,60,42,18,0.7
ENHS_SYN_0482,Subject B,60,51,9,0.85
ENHS_SYN_0482,Subject C,60,50,10,0.8333
ENHS_SYN_0482,Subject D,60,47,13,0.7833
ENHS_SYN_0482,Subject E,60,51,9,0.85
ENHS_SYN_0483,Subject A,59,59,0,1.0
ENHS_SYN_0483,Subject B,60,59,1,0.9833
ENHS_SYN_0483,Subject C,60,60,0,1.0
ENHS_SYN_0483,Subject D,60,59,1,0.9833
ENHS_SYN_0483,Subject E,60,60,0,1.0
ENHS_SYN_0484,Subject A,60,58,2,0.9667
ENHS_SYN_0484,Subject B,59,54,5,0.9153
ENHS_SYN_0484,Subject C,60,58,2,0.9667
ENHS_SYN_0484,Subject D,60,59,1,0.9833
ENHS_SYN_0484,Subject E,60,57,3,0.95
ENHS_SYN_0485,Subject A,60,53,7,0.8833
ENHS_SYN_0485,Subject B,60,55,5,0.9167
ENHS_SYN_0485,Subject C,60,56,4,0.9333
ENHS_SYN_0485,Subject D,60,55,5,0.9167
ENHS_SYN_0485,Subject E,60,53,7,0.8833
ENHS_SYN_0486,Subject A,60,57,3,0.95
ENHS_SYN_0486,Subject B,60,57,3,0.95
ENHS_SYN_0486,Subject C,60,59,1,0.9833
ENHS_SYN_0486,Subject D,60,49,11,0.8167
ENHS_SYN_0486,Subject E,59,53,6,0.8983
ENHS_SYN_0487,Subject A,60,60,0,1.0
ENHS_SYN_0487,Subject B,60,59,1,0.9833
ENHS_SYN_0487,Subject C,60,59,1,0.9833
ENHS_SYN_0487,Subject D,60,57,3,0.95
ENHS_SYN_0487,Subject E,60,58,2,0.9667
ENHS_SYN_0488,Subject A,60,53,7,0.8833
ENHS_SYN_0488,Subject B,60,53,7,0.8833
ENHS_SYN_0488,Subject C,60,42,18,0.7
ENHS_SYN_0488,Subject D,60,46,14,0.7667
ENHS_SYN_0488,Subject E,60,46,14,0.7667
ENHS_SYN_0489,Subject A,60,57,3,0.95
ENHS_SYN_0489,Subject B,60,58,2,0.9667
ENHS_SYN_0489,Subject C,60,55,5,0.9167
ENHS_SYN_0489,Subject D,59,57,2,0.9661
ENHS_SYN_0489,Subject E,59,57,2,0.9661
ENHS_SYN_0490,Subject A,60,48,12,0.8
ENHS_SYN_0490,Subject B,60,50,10,0.8333
ENHS_SYN_0490,Subject C,59,43,16,0.7288
ENHS_SYN_0490,Subject D,60,46,14,0.7667
ENHS_SYN_0490,Subject E,60,46,14,0.7667
ENHS_SYN_0491,Subject A,60,59,1,0.9833
ENHS_SYN_0491,Subject B,60,54,6,0.9
ENHS_SYN_0491,Subject C,60,56,4,0.9333
ENHS_SYN_0491,Subject D,60,54,6,0.9
ENHS_SYN_0491,Subject E,60,54,6,0.9
ENHS_SYN_0492,Subject A,59,54,5,0.9153
ENHS_SYN_0492,Subject B,60,58,2,0.9667
ENHS_SYN_0492,Subject C,60,48,12,0.8
ENHS_SYN_0492,Subject D,60,49,11,0.8167
ENHS_SYN_0492,Subject E,60,49,11,0.8167
ENHS_SYN_0493,Subject A,60,59,1,0.9833
ENHS_SYN_0493,Subject B,60,53,7,0.8833
ENHS_SYN_0493,Subject C,60,57,3,0.95
ENHS_SYN_0493,Subject D,60,51,9,0.85
ENHS_SYN_0493,Subject E,60,49,11,0.8167
ENHS_SYN_0494,Subject A,60,43,17,0.7167
ENHS_SYN_0494,Subject B,60,44,16,0.7333
ENHS_SYN_0494,Subject C,60,44,16,0.7333
ENHS_SYN_0494,Subject D,60,36,24,0.6
ENHS_SYN_0494,Subject E,60,42,18,0.7
ENHS_SYN_0495,Subject A,59,59,0,1.0
ENHS_SYN_0495,Subject B,60,57,3,0.95
ENHS_SYN_0495,Subject C,60,59,1,0.9833
ENHS_SYN_0495,Subject D,60,58,2,0.9667
ENHS_SYN_0495,Subject E,60,60,0,1.0
ENHS_SYN_0496,Subject A,60,51,9,0.85
ENHS_SYN_0496,Subject B,60,53,7,0.8833
ENHS_SYN_0496,Subject C,60,54,6,0.9
ENHS_SYN_0496,Subject D,59,45,14,0.7627
ENHS_SYN_0496,Subject E,60,43,17,0.7167
ENHS_SYN_0497,Subject A,60,50,10,0.8333
ENHS_SYN_0497,Subject B,60,51,9,0.85
ENHS_SYN_0497,Subject C,60,49,11,0.8167
ENHS_SYN_0497,Subject D,60,49,11,0.8167
ENHS_SYN_0497,Subject E,60,50,10,0.8333
ENHS_SYN_0498,Subject A,60,52,8,0.8667
ENHS_SYN_0498,Subject B,60,51,9,0.85
ENHS_SYN_0498,Subject C,60,50,10,0.8333
ENHS_SYN_0498,Subject D,59,44,15,0.7458
ENHS_SYN_0498,Subject E,60,53,7,0.8833
ENHS_SYN_0499,Subject A,60,46,14,0.7667
ENHS_SYN_0499,Subject B,60,43,17,0.7167
ENHS_SYN_0499,Subject C,60,38,22,0.6333
ENHS_SYN_0499,Subject D,60,43,17,0.7167
ENHS_SYN_0499,Subject E,60,43,17,0.7167
ENHS_SYN_0500,Subject A,60,56,4,0.9333
ENHS_SYN_0500,Subject B,60,58,2,0.9667
ENHS_SYN_0500,Subject C,60,57,3,0.95
ENHS_SYN_0500,Subject D,60,52,8,0.8667
ENHS_SYN_0500,Subject E,60,56,4,0.9333
ENHS_SYN_0501,Subject A,60,44,16,0.7333
ENHS_SYN_0501,Subject B,60,41,19,0.6833
ENHS_SYN_0501,Subject C,60,50,10,0.8333
ENHS_SYN_0501,Subject D,59,41,18,0.6949
ENHS_SYN_0501,Subject E,59,43,16,0.7288
ENHS_SYN_0502,Subject A,60,56,4,0.9333
ENHS_SYN_0502,Subject B,60,51,9,0.85
ENHS_SYN_0502,Subject C,60,56,4,0.9333
ENHS_SYN_0502,Subject D,60,52,8,0.8667
ENHS_SYN_0502,Subject E,60,53,7,0.8833
ENHS_SYN_0503,Subject A,60,52,8,0.8667
ENHS_SYN_0503,Subject B,60,45,15,0.75
ENHS_SYN_0503,Subject C,60,45,15,0.75
ENHS_SYN_0503,Subject D,60,50,10,0.8333
ENHS_SYN_0503,Subject E,60,50,10,0.8333
ENHS_SYN_0504,Subject A,60,43,17,0.7167
ENHS_SYN_0504,Subject B,60,44,16,0.7333
ENHS_SYN_0504,Subject C,60,47,13,0.7833
ENHS_SYN_0504,Subject D,60,45,15,0.75
ENHS_SYN_0504,Subject E,60,46,14,0.7667
ENHS_SYN_0505,Subject A,60,53,7,0.8833
ENHS_SYN_0505,Subject B,60,54,6,0.9
ENHS_SYN_0505,Subject C,60,53,7,0.8833
ENHS_SYN_0505,Subject D,60,51,9,0.85
ENHS_SYN_0505,Subject E,60,51,9,0.85
ENHS_SYN_0506,Subject A,60,58,2,0.9667
ENHS_SYN_0506,Subject B,60,58,2,0.9667
ENHS_SYN_0506,Subject C,59,59,0,1.0
ENHS_SYN_0506,Subject D,60,59,1,0.9833
ENHS_SYN_0506,Subject E,60,60,0,1.0
ENHS_SYN_0507,Subject A,60,52,8,0.8667
ENHS_SYN_0507,Subject B,60,53,7,0.8833
ENHS_SYN_0507,Subject C,60,52,8,0.8667
ENHS_SYN_0507,Subject D,60,54,6,0.9
ENHS_SYN_0507,Subject E,60,53,7,0.8833
ENHS_SYN_0508,Subject A,60,51,9,0.85
ENHS_SYN_0508,Subject B,60,53,7,0.8833
ENHS_SYN_0508,Subject C,60,53,7,0.8833
ENHS_SYN_0508,Subject D,60,51,9,0.85
ENHS_SYN_0508,Subject E,60,47,13,0.7833
ENHS_SYN_0509,Subject A,60,56,4,0.9333
ENHS_SYN_0509,Subject B,60,51,9,0.85
ENHS_SYN_0509,Subject C,60,53,7,0.8833
ENHS_SYN_0509,Subject D,60,55,5,0.9167
ENHS_SYN_0509,Subject E,60,50,10,0.8333
ENHS_SYN_0510,Subject A,60,51,9,0.85
ENHS_SYN_0510,Subject B,60,54,6,0.9
ENHS_SYN_0510,Subject C,60,49,11,0.8167
ENHS_SYN_0510,Subject D,60,47,13,0.7833
ENHS_SYN_0510,Subject E,60,52,8,0.8667
ENHS_SYN_0511,Subject A,60,46,14,0.7667
ENHS_SYN_0511,Subject B,60,44,16,0.7333
ENHS_SYN_0511,Subject C,60,42,18,0.7
ENHS_SYN_0511,Subject D,60,50,10,0.8333
ENHS_SYN_0511,Subject E,60,47,13,0.7833
ENHS_SYN_0512,Subject A,60,50,10,0.8333
ENHS_SYN_0512,Subject B,60,49,11,0.8167
ENHS_SYN_0512,Subject C,59,47,12,0.7966
ENHS_SYN_0512,Subject D,60,46,14,0.7667
ENHS_SYN_0512,Subject E,60,49,11,0.8167
ENHS_SYN_0513,Subject A,60,56,4,0.9333
ENHS_SYN_0513,Subject B,60,55,5,0.9167
ENHS_SYN_0513,Subject C,60,55,5,0.9167
ENHS_SYN_0513,Subject D,60,54,6,0.9
ENHS_SYN_0513,Subject E,60,55,5,0.9167
ENHS_SYN_0514,Subject A,60,57,3,0.95
ENHS_SYN_0514,Subject B,60,54,6,0.9
ENHS_SYN_0514,Subject C,60,51,9,0.85
ENHS_SYN_0514,Subject D,60,50,10,0.8333
ENHS_SYN_0514,Subject E,60,56,4,0.9333
ENHS_SYN_0515,Subject A,60,58,2,0.9667
ENHS_SYN_0515,Subject B,60,56,4,0.9333
ENHS_SYN_0515,Subject C,60,58,2,0.9667
ENHS_SYN_0515,Subject D,60,55,5,0.9167
ENHS_SYN_0515,Subject E,60,57,3,0.95
ENHS_SYN_0516,Subject A,59,43,16,0.7288
ENHS_SYN_0516,Subject B,60,48,12,0.8
ENHS_SYN_0516,Subject C,60,50,10,0.8333
ENHS_SYN_0516,Subject D,59,41,18,0.6949
ENHS_SYN_0516,Subject E,60,50,10,0.8333
ENHS_SYN_0517,Subject A,60,48,12,0.8
ENHS_SYN_0517,Subject B,60,48,12,0.8
ENHS_SYN_0517,Subject C,60,48,12,0.8
ENHS_SYN_0517,Subject D,60,47,13,0.7833
ENHS_SYN_0517,Subject E,60,42,18,0.7
ENHS_SYN_0518,Subject A,60,48,12,0.8
ENHS_SYN_0518,Subject B,60,54,6,0.9
ENHS_SYN_0518,Subject C,60,52,8,0.8667
ENHS_SYN_0518,Subject D,60,54,6,0.9
ENHS_SYN_0518,Subject E,60,56,4,0.9333
ENHS_SYN_0519,Subject A,60,53,7,0.8833
ENHS_SYN_0519,Subject B,60,50,10,0.8333
ENHS_SYN_0519,Subject C,60,54,6,0.9
ENHS_SYN_0519,Subject D,60,48,12,0.8
ENHS_SYN_0519,Subject E,60,50,10,0.8333
ENHS_SYN_0520,Subject A,60,46,14,0.7667
ENHS_SYN_0520,Subject B,60,49,11,0.8167
ENHS_SYN_0520,Subject C,60,47,13,0.7833
ENHS_SYN_0520,Subject D,60,51,9,0.85
ENHS_SYN_0520,Subject E,60,54,6,0.9
ENHS_SYN_0521,Subject A,60,57,3,0.95
ENHS_SYN_0521,Subject B,60,57,3,0.95
ENHS_SYN_0521,Subject C,59,51,8,0.8644
ENHS_SYN_0521,Subject D,60,54,6,0.9
ENHS_SYN_0521,Subject E,60,53,7,0.8833
ENHS_SYN_0522,Subject A,60,57,3,0.95
ENHS_SYN_0522,Subject B,60,59,1,0.9833
ENHS_SYN_0522,Subject C,60,59,1,0.9833
ENHS_SYN_0522,Subject D,60,54,6,0.9
ENHS_SYN_0522,Subject E,60,54,6,0.9
ENHS_SYN_0523,Subject A,60,51,9,0.85
ENHS_SYN_0523,Subject B,60,54,6,0.9
ENHS_SYN_0523,Subject C,60,49,11,0.8167
ENHS_SYN_0523,Subject D,60,50,10,0.8333
ENHS_SYN_0523,Subject E,60,48,12,0.8
ENHS_SYN_0524,Subject A,60,54,6,0.9
ENHS_SYN_0524,Subject B,60,47,13,0.7833
ENHS_SYN_0524,Subject C,60,52,8,0.8667
ENHS_SYN_0524,Subject D,60,51,9,0.85
ENHS_SYN_0524,Subject E,60,51,9,0.85
ENHS_SYN_0525,Subject A,60,54,6,0.9
ENHS_SYN_0525,Subject B,60,58,2,0.9667
ENHS_SYN_0525,Subject C,60,53,7,0.8833
ENHS_SYN_0525,Subject D,60,54,6,0.9
ENHS_SYN_0525,Subject E,60,56,4,0.9333
ENHS_SYN_0526,Subject A,59,47,12,0.7966
ENHS_SYN_0526,Subject B,60,52,8,0.8667
ENHS_SYN_0526,Subject C,60,50,10,0.8333
ENHS_SYN_0526,Subject D,60,54,6,0.9
ENHS_SYN_0526,Subject E,60,52,8,0.8667
ENHS_SYN_0527,Subject A,60,55,5,0.9167
ENHS_SYN_0527,Subject B,60,47,13,0.7833
ENHS_SYN_0527,Subject C,60,46,14,0.7667
ENHS_SYN_0527,Subject D,60,53,7,0.8833
ENHS_SYN_0527,Subject E,60,52,8,0.8667
ENHS_SYN_0528,Subject A,60,54,6,0.9
ENHS_SYN_0528,Subject B,60,49,11,0.8167
ENHS_SYN_0528,Subject C,60,53,7,0.8833
ENHS_SYN_0528,Subject D,60,52,8,0.8667
ENHS_SYN_0528,Subject E,60,49,11,0.8167
ENHS_SYN_0529,Subject A,60,58,2,0.9667
ENHS_SYN_0529,Subject B,60,58,2,0.9667
ENHS_SYN_0529,Subject C,60,58,2,0.9667
ENHS_SYN_0529,Subject D,59,58,1,0.9831
ENHS_SYN_0529,Subject E,60,59,1,0.9833
ENHS_SYN_0530,Subject A,60,46,14,0.7667
ENHS_SYN_0530,Subject B,59,50,9,0.8475
ENHS_SYN_0530,Subject C,60,45,15,0.75
ENHS_SYN_0530,Subject D,60,55,5,0.9167
ENHS_SYN_0530,Subject E,60,48,12,0.8
ENHS_SYN_0531,Subject A,60,55,5,0.9167
ENHS_SYN_0531,Subject B,60,52,8,0.8667
ENHS_SYN_0531,Subject C,60,50,10,0.8333
ENHS_SYN_0531,Subject D,60,48,12,0.8
ENHS_SYN_0531,Subject E,60,53,7,0.8833
ENHS_SYN_0532,Subject A,60,55,5,0.9167
ENHS_SYN_0532,Subject B,60,57,3,0.95
ENHS_SYN_0532,Subject C,60,54,6,0.9
ENHS_SYN_0532,Subject D,60,57,3,0.95
ENHS_SYN_0532,Subject E,59,55,4,0.9322
ENHS_SYN_0533,Subject A,60,51,9,0.85
ENHS_SYN_0533,Subject B,60,43,17,0.7167
ENHS_SYN_0533,Subject C,60,47,13,0.7833
ENHS_SYN_0533,Subject D,60,50,10,0.8333
ENHS_SYN_0533,Subject E,60,45,15,0.75
ENHS_SYN_0534,Subject A,60,55,5,0.9167
ENHS_SYN_0534,Subject B,60,46,14,0.7667
ENHS_SYN_0534,Subject C,60,48,12,0.8
ENHS_SYN_0534,Subject D,60,49,11,0.8167
ENHS_SYN_0534,Subject E,60,48,12,0.8
ENHS_SYN_0535,Subject A,60,53,7,0.8833
ENHS_SYN_0535,Subject B,60,53,7,0.8833
ENHS_SYN_0535,Subject C,60,52,8,0.8667
ENHS_SYN_0535,Subject D,60,49,11,0.8167
ENHS_SYN_0535,Subject E,60,51,9,0.85
ENHS_SYN_0536,Subject A,60,59,1,0.9833
ENHS_SYN_0536,Subject B,60,59,1,0.9833
ENHS_SYN_0536,Subject C,60,60,0,1.0
ENHS_SYN_0536,Subject D,60,57,3,0.95
ENHS_SYN_0536,Subject E,60,60,0,1.0
ENHS_SYN_0537,Subject A,60,45,15,0.75
ENHS_SYN_0537,Subject B,60,50,10,0.8333
ENHS_SYN_0537,Subject C,60,51,9,0.85
ENHS_SYN_0537,Subject D,60,51,9,0.85
ENHS_SYN_0537,Subject E,60,44,16,0.7333
ENHS_SYN_0538,Subject A,60,56,4,0.9333
ENHS_SYN_0538,Subject B,60,50,10,0.8333
ENHS_SYN_0538,Subject C,60,58,2,0.9667
ENHS_SYN_0538,Subject D,60,55,5,0.9167
ENHS_SYN_0538,Subject E,60,51,9,0.85
ENHS_SYN_0539,Subject A,59,53,6,0.8983
ENHS_SYN_0539,Subject B,60,44,16,0.7333
ENHS_SYN_0539,Subject C,60,43,17,0.7167
ENHS_SYN_0539,Subject D,60,45,15,0.75
ENHS_SYN_0539,Subject E,60,44,16,0.7333
ENHS_SYN_0540,Subject A,60,58,2,0.9667
ENHS_SYN_0540,Subject B,60,57,3,0.95
ENHS_SYN_0540,Subject C,60,54,6,0.9
ENHS_SYN_0540,Subject D,60,56,4,0.9333
ENHS_SYN_0540,Subject E,60,56,4,0.9333
ENHS_SYN_0541,Subject A,59,56,3,0.9492
ENHS_SYN_0541,Subject B,60,58,2,0.9667
ENHS_SYN_0541,Subject C,59,58,1,0.9831
ENHS_SYN_0541,Subject D,60,57,3,0.95
ENHS_SYN_0541,Subject E,60,55,5,0.9167
ENHS_SYN_0542,Subject A,60,47,13,0.7833
ENHS_SYN_0542,Subject B,60,49,11,0.8167
ENHS_SYN_0542,Subject C,60,40,20,0.6667
ENHS_SYN_0542,Subject D,59,44,15,0.7458
ENHS_SYN_0542,Subject E,60,47,13,0.7833
ENHS_SYN_0543,Subject A,60,56,4,0.9333
ENHS_SYN_0543,Subject B,60,57,3,0.95
ENHS_SYN_0543,Subject C,60,52,8,0.8667
ENHS_SYN_0543,Subject D,60,57,3,0.95
ENHS_SYN_0543,Subject E,60,54,6,0.9
ENHS_SYN_0544,Subject A,60,53,7,0.8833
ENHS_SYN_0544,Subject B,60,46,14,0.7667
ENHS_SYN_0544,Subject C,60,43,17,0.7167
ENHS_SYN_0544,Subject D,60,51,9,0.85
ENHS_SYN_0544,Subject E,60,52,8,0.8667
ENHS_SYN_0545,Subject A,60,54,6,0.9
ENHS_SYN_0545,Subject B,60,52,8,0.8667
ENHS_SYN_0545,Subject C,60,57,3,0.95
ENHS_SYN_0545,Subject D,60,51,9,0.85
ENHS_SYN_0545,Subject E,60,51,9,0.85
ENHS_SYN_0546,Subject A,60,59,1,0.9833
ENHS_SYN_0546,Subject B,60,58,2,0.9667
ENHS_SYN_0546,Subject C,60,54,6,0.9
ENHS_SYN_0546,Subject D,60,53,7,0.8833
ENHS_SYN_0546,Subject E,60,54,6,0.9
ENHS_SYN_0547,Subject A,60,56,4,0.9333
ENHS_SYN_0547,Subject B,60,59,1,0.9833
ENHS_SYN_0547,Subject C,60,58,2,0.9667
ENHS_SYN_0547,Subject D,60,55,5,0.9167
ENHS_SYN_0547,Subject E,60,59,1,0.9833
ENHS_SYN_0548,Subject A,60,57,3,0.95
ENHS_SYN_0548,Subject B,60,57,3,0.95
ENHS_SYN_0548,Subject C,60,58,2,0.9667
ENHS_SYN_0548,Subject D,60,58,2,0.9667
ENHS_SYN_0548,Subject E,59,56,3,0.9492
ENHS_SYN_0549,Subject A,60,56,4,0.9333
ENHS_SYN_0549,Subject B,60,54,6,0.9
ENHS_SYN_0549,Subject C,60,56,4,0.9333
ENHS_SYN_0549,Subject D,60,58,2,0.9667
ENHS_SYN_0549,Subject E,59,55,4,0.9322
ENHS_SYN_0550,Subject A,60,47,13,0.7833
ENHS_SYN_0550,Subject B,60,40,20,0.6667
ENHS_SYN_0550,Subject C,60,51,9,0.85
ENHS_SYN_0550,Subject D,60,50,10,0.8333
ENHS_SYN_0550,Subject E,60,53,7,0.8833
ENHS_SYN_0551,Subject A,60,55,5,0.9167
ENHS_SYN_0551,Subject B,60,52,8,0.8667
ENHS_SYN_0551,Subject C,60,48,12,0.8
ENHS_SYN_0551,Subject D,60,48,12,0.8
ENHS_SYN_0551,Subject E,60,53,7,0.8833
ENHS_SYN_0552,Subject A,60,60,0,1.0
ENHS_SYN_0552,Subject B,59,58,1,0.9831
ENHS_SYN_0552,Subject C,60,58,2,0.9667
ENHS_SYN_0552,Subject D,60,56,4,0.9333
ENHS_SYN_0552,Subject E,60,58,2,0.9667
ENHS_SYN_0553,Subject A,60,60,0,1.0
ENHS_SYN_0553,Subject B,60,59,1,0.9833
ENHS_SYN_0553,Subject C,60,57,3,0.95
ENHS_SYN_0553,Subject D,60,57,3,0.95
ENHS_SYN_0553,Subject E,59,58,1,0.9831
ENHS_SYN_0554,Subject A,60,59,1,0.9833
ENHS_SYN_0554,Subject B,60,59,1,0.9833
ENHS_SYN_0554,Subject C,60,55,5,0.9167
ENHS_SYN_0554,Subject D,60,57,3,0.95
ENHS_SYN_0554,Subject E,60,59,1,0.9833
ENHS_SYN_0555,Subject A,60,56,4,0.9333
ENHS_SYN_0555,Subject B,60,58,2,0.9667
ENHS_SYN_0555,Subject C,60,56,4,0.9333
ENHS_SYN_0555,Subject D,60,55,5,0.9167
ENHS_SYN_0555,Subject E,60,55,5,0.9167
ENHS_SYN_0556,Subject A,60,58,2,0.9667
ENHS_SYN_0556,Subject B,60,59,1,0.9833
ENHS_SYN_0556,Subject C,60,59,1,0.9833
ENHS_SYN_0556,Subject D,60,58,2,0.9667
ENHS_SYN_0556,Subject E,60,60,0,1.0
ENHS_SYN_0557,Subject A,60,53,7,0.8833
ENHS_SYN_0557,Subject B,60,52,8,0.8667
ENHS_SYN_0557,Subject C,60,55,5,0.9167
ENHS_SYN_0557,Subject D,60,51,9,0.85
ENHS_SYN_0557,Subject E,60,49,11,0.8167
ENHS_SYN_0558,Subject A,60,52,8,0.8667
ENHS_SYN_0558,Subject B,60,56,4,0.9333
ENHS_SYN_0558,Subject C,60,52,8,0.8667
ENHS_SYN_0558,Subject D,59,50,9,0.8475
ENHS_SYN_0558,Subject E,60,51,9,0.85
ENHS_SYN_0559,Subject A,60,60,0,1.0
ENHS_SYN_0559,Subject B,60,58,2,0.9667
ENHS_SYN_0559,Subject C,60,60,0,1.0
ENHS_SYN_0559,Subject D,60,60,0,1.0
ENHS_SYN_0559,Subject E,60,58,2,0.9667
ENHS_SYN_0560,Subject A,59,50,9,0.8475
ENHS_SYN_0560,Subject B,60,52,8,0.8667
ENHS_SYN_0560,Subject C,60,52,8,0.8667
ENHS_SYN_0560,Subject D,60,49,11,0.8167
ENHS_SYN_0560,Subject E,60,51,9,0.85
ENHS_SYN_0561,Subject A,60,46,14,0.7667
ENHS_SYN_0561,Subject B,60,48,12,0.8
ENHS_SYN_0561,Subject C,60,50,10,0.8333
ENHS_SYN_0561,Subject D,60,50,10,0.8333
ENHS_SYN_0561,Subject E,60,47,13,0.7833
ENHS_SYN_0562,Subject A,60,47,13,0.7833
ENHS_SYN_0562,Subject B,60,44,16,0.7333
ENHS_SYN_0562,Subject C,60,49,11,0.8167
ENHS_SYN_0562,Subject D,60,45,15,0.75
ENHS_SYN_0562,Subject E,60,45,15,0.75
ENHS_SYN_0563,Subject A,60,56,4,0.9333
ENHS_SYN_0563,Subject B,60,58,2,0.9667
ENHS_SYN_0563,Subject C,60,54,6,0.9
ENHS_SYN_0563,Subject D,60,57,3,0.95
ENHS_SYN_0563,Subject E,60,55,5,0.9167
ENHS_SYN_0564,Subject A,60,49,11,0.8167
ENHS_SYN_0564,Subject B,60,47,13,0.7833
ENHS_SYN_0564,Subject C,60,43,17,0.7167
ENHS_SYN_0564,Subject D,60,45,15,0.75
ENHS_SYN_0564,Subject E,60,46,14,0.7667
ENHS_SYN_0565,Subject A,60,58,2,0.9667
ENHS_SYN_0565,Subject B,60,60,0,1.0
ENHS_SYN_0565,Subject C,60,57,3,0.95
ENHS_SYN_0565,Subject D,60,59,1,0.9833
ENHS_SYN_0565,Subject E,60,55,5,0.9167
ENHS_SYN_0566,Subject A,60,56,4,0.9333
ENHS_SYN_0566,Subject B,60,54,6,0.9
ENHS_SYN_0566,Subject C,60,51,9,0.85
ENHS_SYN_0566,Subject D,60,51,9,0.85
ENHS_SYN_0566,Subject E,60,50,10,0.8333
ENHS_SYN_0567,Subject A,60,56,4,0.9333
ENHS_SYN_0567,Subject B,60,58,2,0.9667
ENHS_SYN_0567,Subject C,60,56,4,0.9333
ENHS_SYN_0567,Subject D,60,56,4,0.9333
ENHS_SYN_0567,Subject E,60,59,1,0.9833
ENHS_SYN_0568,Subject A,60,57,3,0.95
ENHS_SYN_0568,Subject B,60,56,4,0.9333
ENHS_SYN_0568,Subject C,60,59,1,0.9833
ENHS_SYN_0568,Subject D,60,55,5,0.9167
ENHS_SYN_0568,Subject E,60,55,5,0.9167
ENHS_SYN_0569,Subject A,60,58,2,0.9667
ENHS_SYN_0569,Subject B,59,57,2,0.9661
ENHS_SYN_0569,Subject C,60,55,5,0.9167
ENHS_SYN_0569,Subject D,60,55,5,0.9167
ENHS_SYN_0569,Subject E,60,53,7,0.8833
ENHS_SYN_0570,Subject A,60,59,1,0.9833
ENHS_SYN_0570,Subject B,59,57,2,0.9661
ENHS_SYN_0570,Subject C,60,57,3,0.95
ENHS_SYN_0570,Subject D,60,55,5,0.9167
ENHS_SYN_0570,Subject E,60,59,1,0.9833
ENHS_SYN_0571,Subject A,60,53,7,0.8833
ENHS_SYN_0571,Subject B,60,51,9,0.85
ENHS_SYN_0571,Subject C,60,51,9,0.85
ENHS_SYN_0571,Subject D,60,48,12,0.8
ENHS_SYN_0571,Subject E,60,45,15,0.75
ENHS_SYN_0572,Subject A,60,55,5,0.9167
ENHS_SYN_0572,Subject B,60,53,7,0.8833
ENHS_SYN_0572,Subject C,60,50,10,0.8333
ENHS_SYN_0572,Subject D,60,51,9,0.85
ENHS_SYN_0572,Subject E,60,53,7,0.8833
ENHS_SYN_0573,Subject A,59,41,18,0.6949
ENHS_SYN_0573,Subject B,60,43,17,0.7167
ENHS_SYN_0573,Subject C,60,37,23,0.6167
ENHS_SYN_0573,Subject D,60,47,13,0.7833
ENHS_SYN_0573,Subject E,60,42,18,0.7
ENHS_SYN_0574,Subject A,60,50,10,0.8333
ENHS_SYN_0574,Subject B,60,49,11,0.8167
ENHS_SYN_0574,Subject C,58,47,11,0.8103
ENHS_SYN_0574,Subject D,60,42,18,0.7
ENHS_SYN_0574,Subject E,60,47,13,0.7833
ENHS_SYN_0575,Subject A,60,53,7,0.8833
ENHS_SYN_0575,Subject B,60,55,5,0.9167
ENHS_SYN_0575,Subject C,60,55,5,0.9167
ENHS_SYN_0575,Subject D,60,46,14,0.7667
ENHS_SYN_0575,Subject E,60,51,9,0.85
ENHS_SYN_0576,Subject A,60,42,18,0.7
ENHS_SYN_0576,Subject B,60,45,15,0.75
ENHS_SYN_0576,Subject C,59,41,18,0.6949
ENHS_SYN_0576,Subject D,60,45,15,0.75
ENHS_SYN_0576,Subject E,60,43,17,0.7167
ENHS_SYN_0577,Subject A,60,51,9,0.85
ENHS_SYN_0577,Subject B,60,47,13,0.7833
ENHS_SYN_0577,Subject C,60,49,11,0.8167
ENHS_SYN_0577,Subject D,60,46,14,0.7667
ENHS_SYN_0577,Subject E,60,52,8,0.8667
ENHS_SYN_0578,Subject A,60,57,3,0.95
ENHS_SYN_0578,Subject B,60,57,3,0.95
ENHS_SYN_0578,Subject C,60,54,6,0.9
ENHS_SYN_0578,Subject D,60,58,2,0.9667
ENHS_SYN_0578,Subject E,60,56,4,0.9333
ENHS_SYN_0579,Subject A,60,51,9,0.85
ENHS_SYN_0579,Subject B,60,43,17,0.7167
ENHS_SYN_0579,Subject C,60,40,20,0.6667
ENHS_SYN_0579,Subject D,60,46,14,0.7667
ENHS_SYN_0579,Subject E,60,40,20,0.6667
ENHS_SYN_0580,Subject A,60,54,6,0.9
ENHS_SYN_0580,Subject B,60,49,11,0.8167
ENHS_SYN_0580,Subject C,60,52,8,0.8667
ENHS_SYN_0580,Subject D,60,45,15,0.75
ENHS_SYN_0580,Subject E,60,43,17,0.7167
ENHS_SYN_0581,Subject A,60,56,4,0.9333
ENHS_SYN_0581,Subject B,60,53,7,0.8833
ENHS_SYN_0581,Subject C,59,49,10,0.8305
ENHS_SYN_0581,Subject D,60,52,8,0.8667
ENHS_SYN_0581,Subject E,60,51,9,0.85
ENHS_SYN_0582,Subject A,60,52,8,0.8667
ENHS_SYN_0582,Subject B,60,51,9,0.85
ENHS_SYN_0582,Subject C,60,54,6,0.9
ENHS_SYN_0582,Subject D,60,45,15,0.75
ENHS_SYN_0582,Subject E,60,45,15,0.75
ENHS_SYN_0583,Subject A,60,57,3,0.95
ENHS_SYN_0583,Subject B,60,60,0,1.0
ENHS_SYN_0583,Subject C,59,59,0,1.0
ENHS_SYN_0583,Subject D,60,57,3,0.95
ENHS_SYN_0583,Subject E,60,55,5,0.9167
ENHS_SYN_0584,Subject A,60,57,3,0.95
ENHS_SYN_0584,Subject B,60,54,6,0.9
ENHS_SYN_0584,Subject C,60,56,4,0.9333
ENHS_SYN_0584,Subject D,60,55,5,0.9167
ENHS_SYN_0584,Subject E,60,51,9,0.85
ENHS_SYN_0585,Subject A,60,49,11,0.8167
ENHS_SYN_0585,Subject B,60,45,15,0.75
ENHS_SYN_0585,Subject C,58,45,13,0.7759
ENHS_SYN_0585,Subject D,60,38,22,0.6333
ENHS_SYN_0585,Subject E,60,43,17,0.7167
ENHS_SYN_0586,Subject A,60,53,7,0.8833
ENHS_SYN_0586,Subject B,60,50,10,0.8333
ENHS_SYN_0586,Subject C,60,48,12,0.8
ENHS_SYN_0586,Subject D,60,55,5,0.9167
ENHS_SYN_0586,Subject E,60,49,11,0.8167
ENHS_SYN_0587,Subject A,60,55,5,0.9167
ENHS_SYN_0587,Subject B,60,57,3,0.95
ENHS_SYN_0587,Subject C,60,54,6,0.9
ENHS_SYN_0587,Subject D,60,56,4,0.9333
ENHS_SYN_0587,Subject E,60,53,7,0.8833
ENHS_SYN_0588,Subject A,60,53,7,0.8833
ENHS_SYN_0588,Subject B,60,48,12,0.8
ENHS_SYN_0588,Subject C,60,47,13,0.7833
ENHS_SYN_0588,Subject D,60,54,6,0.9
ENHS_SYN_0588,Subject E,60,47,13,0.7833
ENHS_SYN_0589,Subject A,60,48,12,0.8
ENHS_SYN_0589,Subject B,60,51,9,0.85
ENHS_SYN_0589,Subject C,60,50,10,0.8333
ENHS_SYN_0589,Subject D,60,48,12,0.8
ENHS_SYN_0589,Subject E,60,47,13,0.7833
ENHS_SYN_0590,Subject A,59,50,9,0.8475
ENHS_SYN_0590,Subject B,60,43,17,0.7167
ENHS_SYN_0590,Subject C,60,48,12,0.8
ENHS_SYN_0590,Subject D,60,47,13,0.7833
ENHS_SYN_0590,Subject E,60,53,7,0.8833
ENHS_SYN_0591,Subject A,60,53,7,0.8833
ENHS_SYN_0591,Subject B,60,54,6,0.9
ENHS_SYN_0591,Subject C,60,51,9,0.85
ENHS_SYN_0591,Subject D,60,53,7,0.8833
ENHS_SYN_0591,Subject E,60,57,3,0.95
ENHS_SYN_0592,Subject A,60,53,7,0.8833
ENHS_SYN_0592,Subject B,60,50,10,0.8333
ENHS_SYN_0592,Subject C,60,48,12,0.8
ENHS_SYN_0592,Subject D,60,50,10,0.8333
ENHS_SYN_0592,Subject E,60,48,12,0.8
ENHS_SYN_0593,Subject A,60,50,10,0.8333
ENHS_SYN_0593,Subject B,60,51,9,0.85
ENHS_SYN_0593,Subject C,60,44,16,0.7333
ENHS_SYN_0593,Subject D,60,43,17,0.7167
ENHS_SYN_0593,Subject E,60,46,14,0.7667
ENHS_SYN_0594,Subject A,60,50,10,0.8333
ENHS_SYN_0594,Subject B,60,51,9,0.85
ENHS_SYN_0594,Subject C,60,52,8,0.8667
ENHS_SYN_0594,Subject D,60,58,2,0.9667
ENHS_SYN_0594,Subject E,60,55,5,0.9167
ENHS_SYN_0595,Subject A,59,52,7,0.8814
ENHS_SYN_0595,Subject B,60,54,6,0.9
ENHS_SYN_0595,Subject C,60,54,6,0.9
ENHS_SYN_0595,Subject D,60,52,8,0.8667
ENHS_SYN_0595,Subject E,60,53,7,0.8833
ENHS_SYN_0596,Subject A,60,56,4,0.9333
ENHS_SYN_0596,Subject B,60,51,9,0.85
ENHS_SYN_0596,Subject C,59,58,1,0.9831
ENHS_SYN_0596,Subject D,60,52,8,0.8667
ENHS_SYN_0596,Subject E,59,46,13,0.7797
ENHS_SYN_0597,Subject A,60,59,1,0.9833
ENHS_SYN_0597,Subject B,60,53,7,0.8833
ENHS_SYN_0597,Subject C,60,58,2,0.9667
ENHS_SYN_0597,Subject D,60,57,3,0.95
ENHS_SYN_0597,Subject E,60,56,4,0.9333
ENHS_SYN_0598,Subject A,60,58,2,0.9667
ENHS_SYN_0598,Subject B,60,58,2,0.9667
ENHS_SYN_0598,Subject C,60,60,0,1.0
ENHS_SYN_0598,Subject D,60,60,0,1.0
ENHS_SYN_0598,Subject E,60,58,2,0.9667
ENHS_SYN_0599,Subject A,60,53,7,0.8833
ENHS_SYN_0599,Subject B,60,57,3,0.95
ENHS_SYN_0599,Subject C,60,58,2,0.9667
ENHS_SYN_0599,Subject D,60,56,4,0.9333
ENHS_SYN_0599,Subject E,60,55,5,0.9167
ENHS_SYN_0600,Subject A,60,50,10,0.8333
ENHS_SYN_0600,Subject B,60,50,10,0.8333
ENHS_SYN_0600,Subject C,60,55,5,0.9167
ENHS_SYN_0600,Subject D,60,52,8,0.8667
ENHS_SYN_0600,Subject E,60,54,6,0.9
