Student_ID,Day_of_Week,Total_Sessions,Absence_Count,Absence_Rate
ENHS_SYN_0001,Friday,60,10,0.1667
ENHS_SYN_0001,Monday,60,9,0.15
ENHS_SYN_0001,Thursday,60,8,0.1333
ENHS_SYN_0001,Tuesday,60,9,0.15
ENHS_SYN_0001,Wednesday,60,5,0.0833
ENHS_SYN_0002,Friday,60,5,0.0833
ENHS_SYN_0002,Monday,60,10,0.1667
ENHS_SYN_0002,Thursday,60,8,0.1333
ENHS_SYN_0002,Tuesday,60,4,0.0667
ENHS_SYN_0002,Wednesday,60,6,0.1
ENHS_SYN_0003,Friday,60,17,0.2833
ENHS_SYN_0003,Monday,59,7,0.1186
ENHS_SYN_0003,Thursday,60,19,0.3167
ENHS_SYN_0003,Tuesday,60,12,0.2
ENHS_SYN_0003,Wednesday,60,18,0.3
ENHS_SYN_0004,Friday,60,10,0.1667
ENHS_SYN_0004,Monday,59,11,0.1864
ENHS_SYN_0004,Thursday,60,7,0.1167
ENHS_SYN_0004,Tuesday,60,10,0.1667
ENHS_SYN_0004,Wednesday,60,8,0.1333
ENHS_SYN_0005,Friday,60,20,0.3333
ENHS_SYN_0005,Monday,60,13,0.2167
ENHS_SYN_0005,Thursday,60,11,0.1833
ENHS_SYN_0005,Tuesday,60,15,0.25
ENHS_SYN_0005,Wednesday,60,12,0.2
ENHS_SYN_0006,Friday,60,14,0.2333
ENHS_SYN_0006,Monday,60,11,0.1833
ENHS_SYN_0006,Thursday,60,10,0.1667
ENHS_SYN_0006,Tuesday,60,15,0.25
ENHS_SYN_0006,Wednesday,59,19,0.322
ENHS_SYN_0007,Friday,59,19,0.322
ENHS_SYN_0007,Monday,60,12,0.2
ENHS_SYN_0007,Thursday,60,11,0.1833
ENHS_SYN_0007,Tuesday,60,11,0.1833
ENHS_SYN_0007,Wednesday,60,7,0.1167
ENHS_SYN_0008,Friday,60,3,0.05
ENHS_SYN_0008,Monday,59,7,0.1186
ENHS_SYN_0008,Thursday,60,6,0.1
ENHS_SYN_0008,Tuesday,60,2,0.0333
ENHS_SYN_0008,Wednesday,60,3,0.05
ENHS_SYN_0009,Friday,60,13,0.2167
ENHS_SYN_0009,Monday,60,14,0.2333
ENHS_SYN_0009,Thursday,60,26,0.4333
ENHS_SYN_0009,Tuesday,60,13,0.2167
ENHS_SYN_0009,Wednesday,60,9,0.15
ENHS_SYN_0010,Friday,60,6,0.1
ENHS_SYN_0010,Monday,60,10,0.1667
ENHS_SYN_0010,Thursday,59,5,0.0847
ENHS_SYN_0010,Tuesday,60,3,0.05
ENHS_SYN_0010,Wednesday,60,6,0.1
ENHS_SYN_0011,Friday,59,5,0.0847
ENHS_SYN_0011,Monday,60,4,0.0667
ENHS_SYN_0011,Thursday,59,7,0.1186
ENHS_SYN_0011,Tuesday,60,3,0.05
ENHS_SYN_0011,Wednesday,60,5,0.0833
ENHS_SYN_0012,Friday,60,12,0.2
ENHS_SYN_0012,Monday,59,12,0.2034
ENHS_SYN_0012,Thursday,60,8,0.1333
ENHS_SYN_0012,Tuesday,60,13,0.2167
ENHS_SYN_0012,Wednesday,60,11,0.1833
ENHS_SYN_0013,Friday,60,7,0.1167
ENHS_SYN_0013,Monday,60,9,0.15
ENHS_SYN_0013,Thursday,60,5,0.0833
ENHS_SYN_0013,Tuesday,60,5,0.0833
ENHS_SYN_0013,Wednesday,60,10,0.1667
ENHS_SYN_0014,Friday,60,6,0.1
ENHS_SYN_0014,Monday,60,5,0.0833
ENHS_SYN_0014,Thursday,60,11,0.1833
ENHS_SYN_0014,Tuesday,59,4,0.0678
ENHS_SYN_0014,Wednesday,60,2,0.0333
ENHS_SYN_0015,Friday,60,4,0.0667
ENHS_SYN_0015,Monday,60,8,0.1333
ENHS_SYN_0015,Thursday,60,5,0.0833
ENHS_SYN_0015,Tuesday,60,4,0.0667
ENHS_SYN_0015,Wednesday,60,1,0.0167
ENHS_SYN_0016,Friday,60,1,0.0167
ENHS_SYN_0016,Monday,60,0,0.0
ENHS_SYN_0016,Thursday,59,3,0.0508
ENHS_SYN_0016,Tuesday,60,2,0.0333
ENHS_SYN_0016,Wednesday,60,2,0.0333
ENHS_SYN_0017,Friday,59,5,0.0847
ENHS_SYN_0017,Monday,60,5,0.0833
ENHS_SYN_0017,Thursday,60,6,0.1
ENHS_SYN_0017,Tuesday,60,9,0.15
ENHS_SYN_0017,Wednesday,60,3,0.05
ENHS_SYN_0018,Friday,60,6,0.1
ENHS_SYN_0018,Monday,60,2,0.0333
ENHS_SYN_0018,Thursday,60,3,0.05
ENHS_SYN_0018,Tuesday,60,6,0.1
ENHS_SYN_0018,Wednesday,60,4,0.0667
ENHS_SYN_0019,Friday,60,15,0.25
ENHS_SYN_0019,Monday,59,12,0.2034
ENHS_SYN_0019,Thursday,60,12,0.2
ENHS_SYN_0019,Tuesday,59,11,0.1864
ENHS_SYN_0019,Wednesday,60,11,0.1833
ENHS_SYN_0020,Friday,60,9,0.15
ENHS_SYN_0020,Monday,60,7,0.1167
ENHS_SYN_0020,Thursday,60,4,0.0667
ENHS_SYN_0020,Tuesday,59,3,0.0508
ENHS_SYN_0020,Wednesday,60,4,0.0667
ENHS_SYN_0021,Friday,60,12,0.2
ENHS_SYN_0021,Monday,60,7,0.1167
ENHS_SYN_0021,Thursday,60,6,0.1
ENHS_SYN_0021,Tuesday,60,9,0.15
ENHS_SYN_0021,Wednesday,60,7,0.1167
ENHS_SYN_0022,Friday,60,8,0.1333
ENHS_SYN_0022,Monday,59,11,0.1864
ENHS_SYN_0022,Thursday,60,12,0.2
ENHS_SYN_0022,Tuesday,60,14,0.2333
ENHS_SYN_0022,Wednesday,60,13,0.2167
ENHS_SYN_0023,Friday,60,10,0.1667
ENHS_SYN_0023,Monday,60,14,0.2333
ENHS_SYN_0023,Thursday,60,8,0.1333
ENHS_SYN_0023,Tuesday,60,13,0.2167
ENHS_SYN_0023,Wednesday,60,12,0.2
ENHS_SYN_0024,Friday,60,9,0.15
ENHS_SYN_0024,Monday,60,3,0.05
ENHS_SYN_0024,Thursday,60,9,0.15
ENHS_SYN_0024,Tuesday,60,5,0.0833
ENHS_SYN_0024,Wednesday,60,8,0.1333
ENHS_SYN_0025,Friday,60,10,0.1667
ENHS_SYN_0025,Monday,60,4,0.0667
ENHS_SYN_0025,Thursday,60,6,0.1
ENHS_SYN_0025,Tuesday,59,4,0.0678
ENHS_SYN_0025,Wednesday,60,11,0.1833
ENHS_SYN_0026,Friday,59,12,0.2034
ENHS_SYN_0026,Monday,60,16,0.2667
ENHS_SYN_0026,Thursday,60,13,0.2167
ENHS_SYN_0026,Tuesday,60,11,0.1833
ENHS_SYN_0026,Wednesday,60,18,0.3
ENHS_SYN_0027,Friday,60,12,0.2
ENHS_SYN_0027,Monday,60,9,0.15
ENHS_SYN_0027,Thursday,60,15,0.25
ENHS_SYN_0027,Tuesday,60,11,0.1833
ENHS_SYN_0027,Wednesday,60,10,0.1667
ENHS_SYN_0028,Friday,60,8,0.1333
ENHS_SYN_0028,Monday,60,12,0.2
ENHS_SYN_0028,Thursday,60,17,0.2833
ENHS_SYN_0028,Tuesday,60,9,0.15
ENHS_SYN_0028,Wednesday,59,9,0.1525
ENHS_SYN_0029,Friday,60,9,0.15
ENHS_SYN_0029,Monday,60,4,0.0667
ENHS_SYN_0029,Thursday,60,6,0.1
ENHS_SYN_0029,Tuesday,60,6,0.1
ENHS_SYN_0029,Wednesday,60,16,0.2667
ENHS_SYN_0030,Friday,60,2,0.0333
ENHS_SYN_0030,Monday,60,4,0.0667
ENHS_SYN_0030,Thursday,60,1,0.0167
ENHS_SYN_0030,Tuesday,60,2,0.0333
ENHS_SYN_0030,Wednesday,60,2,0.0333
ENHS_SYN_0031,Friday,60,7,0.1167
ENHS_SYN_0031,Monday,60,11,0.1833
ENHS_SYN_0031,Thursday,60,8,0.1333
ENHS_SYN_0031,Tuesday,60,5,0.0833
ENHS_SYN_0031,Wednesday,60,1,0.0167
ENHS_SYN_0032,Friday,60,10,0.1667
ENHS_SYN_0032,Monday,60,9,0.15
ENHS_SYN_0032,Thursday,60,6,0.1
ENHS_SYN_0032,Tuesday,60,9,0.15
ENHS_SYN_0032,Wednesday,60,9,0.15
ENHS_SYN_0033,Friday,60,20,0.3333
ENHS_SYN_0033,Monday,60,9,0.15
ENHS_SYN_0033,Thursday,60,17,0.2833
ENHS_SYN_0033,Tuesday,60,15,0.25
ENHS_SYN_0033,Wednesday,60,7,0.1167
ENHS_SYN_0034,Friday,60,8,0.1333
ENHS_SYN_0034,Monday,60,8,0.1333
ENHS_SYN_0034,Thursday,60,8,0.1333
ENHS_SYN_0034,Tuesday,60,8,0.1333
ENHS_SYN_0034,Wednesday,60,6,0.1
ENHS_SYN_0035,Friday,60,10,0.1667
ENHS_SYN_0035,Monday,59,12,0.2034
ENHS_SYN_0035,Thursday,60,13,0.2167
ENHS_SYN_0035,Tuesday,60,11,0.1833
ENHS_SYN_0035,Wednesday,60,10,0.1667
ENHS_SYN_0036,Friday,60,8,0.1333
ENHS_SYN_0036,Monday,59,7,0.1186
ENHS_SYN_0036,Thursday,60,3,0.05
ENHS_SYN_0036,Tuesday,60,4,0.0667
ENHS_SYN_0036,Wednesday,60,3,0.05
ENHS_SYN_0037,Friday,60,3,0.05
ENHS_SYN_0037,Monday,60,4,0.0667
ENHS_SYN_0037,Thursday,60,1,0.0167
ENHS_SYN_0037,Tuesday,60,2,0.0333
ENHS_SYN_0037,Wednesday,60,2,0.0333
ENHS_SYN_0038,Friday,60,11,0.1833
ENHS_SYN_0038,Monday,60,8,0.1333
ENHS_SYN_0038,Thursday,60,18,0.3
ENHS_SYN_0038,Tuesday,60,15,0.25
ENHS_SYN_0038,Wednesday,59,10,0.1695
ENHS_SYN_0039,Friday,60,7,0.1167
ENHS_SYN_0039,Monday,60,6,0.1
ENHS_SYN_0039,Thursday,60,5,0.0833
ENHS_SYN_0039,Tuesday,60,4,0.0667
ENHS_SYN_0039,Wednesday,60,5,0.0833
ENHS_SYN_0040,Friday,60,7,0.1167
ENHS_SYN_0040,Monday,60,4,0.0667
ENHS_SYN_0040,Thursday,59,4,0.0678
ENHS_SYN_0040,Tuesday,59,8,0.1356
ENHS_SYN_0040,Wednesday,60,2,0.0333
ENHS_SYN_0041,Friday,60,15,0.25
ENHS_SYN_0041,Monday,60,8,0.1333
ENHS_SYN_0041,Thursday,60,11,0.1833
ENHS_SYN_0041,Tuesday,60,17,0.2833
ENHS_SYN_0041,Wednesday,60,19,0.3167
ENHS_SYN_0042,Friday,60,5,0.0833
ENHS_SYN_0042,Monday,60,4,0.0667
ENHS_SYN_0042,Thursday,60,4,0.0667
ENHS_SYN_0042,Tuesday,60,2,0.0333
ENHS_SYN_0042,Wednesday,60,2,0.0333
ENHS_SYN_0043,Friday,60,10,0.1667
ENHS_SYN_0043,Monday,60,8,0.1333
ENHS_SYN_0043,Thursday,60,13,0.2167
ENHS_SYN_0043,Tuesday,60,7,0.1167
ENHS_SYN_0043,Wednesday,60,14,0.2333
ENHS_SYN_0044,Friday,60,17,0.2833
ENHS_SYN_0044,Monday,60,19,0.3167
ENHS_SYN_0044,Thursday,60,13,0.2167
ENHS_SYN_0044,Tuesday,60,11,0.1833
ENHS_SYN_0044,Wednesday,60,14,0.2333
ENHS_SYN_0045,Friday,60,14,0.2333
ENHS_SYN_0045,Monday,60,7,0.1167
ENHS_SYN_0045,Thursday,60,7,0.1167
ENHS_SYN_0045,Tuesday,60,15,0.25
ENHS_SYN_0045,Wednesday,60,6,0.1
ENHS_SYN_0046,Friday,60,7,0.1167
ENHS_SYN_0046,Monday,60,4,0.0667
ENHS_SYN_0046,Thursday,60,2,0.0333
ENHS_SYN_0046,Tuesday,60,4,0.0667
ENHS_SYN_0046,Wednesday,60,7,0.1167
ENHS_SYN_0047,Friday,60,17,0.2833
ENHS_SYN_0047,Monday,60,20,0.3333
ENHS_SYN_0047,Thursday,60,12,0.2
ENHS_SYN_0047,Tuesday,60,12,0.2
ENHS_SYN_0047,Wednesday,60,20,0.3333
ENHS_SYN_0048,Friday,60,8,0.1333
ENHS_SYN_0048,Monday,60,16,0.2667
ENHS_SYN_0048,Thursday,60,18,0.3
ENHS_SYN_0048,Tuesday,60,19,0.3167
ENHS_SYN_0048,Wednesday,60,15,0.25
ENHS_SYN_0049,Friday,60,15,0.25
ENHS_SYN_0049,Monday,60,10,0.1667
ENHS_SYN_0049,Thursday,60,12,0.2
ENHS_SYN_0049,Tuesday,60,6,0.1
ENHS_SYN_0049,Wednesday,60,9,0.15
ENHS_SYN_0050,Friday,60,17,0.2833
ENHS_SYN_0050,Monday,60,18,0.3
ENHS_SYN_0050,Thursday,59,10,0.1695
ENHS_SYN_0050,Tuesday,60,13,0.2167
ENHS_SYN_0050,Wednesday,60,10,0.1667
ENHS_SYN_0051,Friday,60,10,0.1667
ENHS_SYN_0051,Monday,60,7,0.1167
ENHS_SYN_0051,Thursday,60,8,0.1333
ENHS_SYN_0051,Tuesday,60,4,0.0667
ENHS_SYN_0051,Wednesday,60,4,0.0667
ENHS_SYN_0052,Friday,60,4,0.0667
ENHS_SYN_0052,Monday,60,6,0.1
ENHS_SYN_0052,Thursday,60,4,0.0667
ENHS_SYN_0052,Tuesday,60,5,0.0833
ENHS_SYN_0052,Wednesday,60,7,0.1167
ENHS_SYN_0053,Friday,60,12,0.2
ENHS_SYN_0053,Monday,60,9,0.15
ENHS_SYN_0053,Thursday,60,12,0.2
ENHS_SYN_0053,Tuesday,60,13,0.2167
ENHS_SYN_0053,Wednesday,60,10,0.1667
ENHS_SYN_0054,Friday,60,15,0.25
ENHS_SYN_0054,Monday,60,18,0.3
ENHS_SYN_0054,Thursday,60,16,0.2667
ENHS_SYN_0054,Tuesday,60,17,0.2833
ENHS_SYN_0054,Wednesday,60,15,0.25
ENHS_SYN_0055,Friday,60,7,0.1167
ENHS_SYN_0055,Monday,59,9,0.1525
ENHS_SYN_0055,Thursday,60,7,0.1167
ENHS_SYN_0055,Tuesday,60,9,0.15
ENHS_SYN_0055,Wednesday,59,3,0.0508
ENHS_SYN_0056,Friday,60,3,0.05
ENHS_SYN_0056,Monday,60,3,0.05
ENHS_SYN_0056,Thursday,60,0,0.0
ENHS_SYN_0056,Tuesday,60,2,0.0333
ENHS_SYN_0056,Wednesday,60,2,0.0333
ENHS_SYN_0057,Friday,60,14,0.2333
ENHS_SYN_0057,Monday,60,11,0.1833
ENHS_SYN_0057,Thursday,60,6,0.1
ENHS_SYN_0057,Tuesday,60,6,0.1
ENHS_SYN_0057,Wednesday,60,4,0.0667
ENHS_SYN_0058,Friday,60,3,0.05
ENHS_SYN_0058,Monday,60,3,0.05
ENHS_SYN_0058,Thursday,60,2,0.0333
ENHS_SYN_0058,Tuesday,60,6,0.1
ENHS_SYN_0058,Wednesday,60,4,0.0667
ENHS_SYN_0059,Friday,60,5,0.0833
ENHS_SYN_0059,Monday,60,4,0.0667
ENHS_SYN_0059,Thursday,60,0,0.0
ENHS_SYN_0059,Tuesday,60,3,0.05
ENHS_SYN_0059,Wednesday,60,1,0.0167
ENHS_SYN_0060,Friday,60,17,0.2833
ENHS_SYN_0060,Monday,60,14,0.2333
ENHS_SYN_0060,Thursday,60,11,0.1833
ENHS_SYN_0060,Tuesday,60,9,0.15
ENHS_SYN_0060,Wednesday,60,7,0.1167
ENHS_SYN_0061,Friday,60,5,0.0833
ENHS_SYN_0061,Monday,60,6,0.1
ENHS_SYN_0061,Thursday,60,5,0.0833
ENHS_SYN_0061,Tuesday,60,1,0.0167
ENHS_SYN_0061,Wednesday,60,4,0.0667
ENHS_SYN_0062,Friday,60,4,0.0667
ENHS_SYN_0062,Monday,60,7,0.1167
ENHS_SYN_0062,Thursday,59,5,0.0847
ENHS_SYN_0062,Tuesday,60,9,0.15
ENHS_SYN_0062,Wednesday,60,4,0.0667
ENHS_SYN_0063,Friday,60,2,0.0333
ENHS_SYN_0063,Monday,60,5,0.0833
ENHS_SYN_0063,Thursday,60,4,0.0667
ENHS_SYN_0063,Tuesday,60,2,0.0333
ENHS_SYN_0063,Wednesday,60,2,0.0333
ENHS_SYN_0064,Friday,60,8,0.1333
ENHS_SYN_0064,Monday,60,9,0.15
ENHS_SYN_0064,Thursday,60,5,0.0833
ENHS_SYN_0064,Tuesday,60,5,0.0833
ENHS_SYN_0064,Wednesday,60,9,0.15
ENHS_SYN_0065,Friday,60,8,0.1333
ENHS_SYN_0065,Monday,60,5,0.0833
ENHS_SYN_0065,Thursday,60,3,0.05
ENHS_SYN_0065,Tuesday,60,5,0.0833
ENHS_SYN_0065,Wednesday,60,5,0.0833
ENHS_SYN_0066,Friday,60,5,0.0833
ENHS_SYN_0066,Monday,60,7,0.1167
ENHS_SYN_0066,Thursday,60,3,0.05
ENHS_SYN_0066,Tuesday,60,7,0.1167
ENHS_SYN_0066,Wednesday,60,4,0.0667
ENHS_SYN_0067,Friday,59,7,0.1186
ENHS_SYN_0067,Monday,60,12,0.2
ENHS_SYN_0067,Thursday,60,7,0.1167
ENHS_SYN_0067,Tuesday,60,12,0.2
ENHS_SYN_0067,Wednesday,60,15,0.25
ENHS_SYN_0068,Friday,59,4,0.0678
ENHS_SYN_0068,Monday,60,12,0.2
ENHS_SYN_0068,Thursday,60,7,0.1167
ENHS_SYN_0068,Tuesday,60,9,0.15
ENHS_SYN_0068,Wednesday,60,9,0.15
ENHS_SYN_0069,Friday,58,14,0.2414
ENHS_SYN_0069,Monday,59,17,0.2881
ENHS_SYN_0069,Thursday,60,14,0.2333
ENHS_SYN_0069,Tuesday,60,17,0.2833
ENHS_SYN_0069,Wednesday,60,14,0.2333
ENHS_SYN_0070,Friday,60,17,0.2833
ENHS_SYN_0070,Monday,60,7,0.1167
ENHS_SYN_0070,Thursday,60,8,0.1333
ENHS_SYN_0070,Tuesday,60,8,0.1333
ENHS_SYN_0070,Wednesday,60,12,0.2
ENHS_SYN_0071,Friday,60,2,0.0333
ENHS_SYN_0071,Monday,60,3,0.05
ENHS_SYN_0071,Thursday,60,4,0.0667
ENHS_SYN_0071,Tuesday,60,0,0.0
ENHS_SYN_0071,Wednesday,60,1,0.0167
ENHS_SYN_0072,Friday,60,2,0.0333
ENHS_SYN_0072,Monday,59,1,0.0169
ENHS_SYN_0072,Thursday,60,2,0.0333
ENHS_SYN_0072,Tuesday,60,5,0.0833
ENHS_SYN_0072,Wednesday,60,2,0.0333
ENHS_SYN_0073,Friday,59,7,0.1186
ENHS_SYN_0073,Monday,60,5,0.0833
ENHS_SYN_0073,Thursday,60,2,0.0333
ENHS_SYN_0073,Tuesday,60,12,0.2
ENHS_SYN_0073,Wednesday,60,3,0.05
ENHS_SYN_0074,Friday,60,14,0.2333
ENHS_SYN_0074,Monday,60,15,0.25
ENHS_SYN_0074,Thursday,60,12,0.2
ENHS_SYN_0074,Tuesday,60,10,0.1667
ENHS_SYN_0074,Wednesday,60,13,0.2167
ENHS_SYN_0075,Friday,60,4,0.0667
ENHS_SYN_0075,Monday,60,3,0.05
ENHS_SYN_0075,Thursday,60,4,0.0667
ENHS_SYN_0075,Tuesday,60,1,0.0167
ENHS_SYN_0075,Wednesday,60,4,0.0667
ENHS_SYN_0076,Friday,60,4,0.0667
ENHS_SYN_0076,Monday,60,9,0.15
ENHS_SYN_0076,Thursday,60,2,0.0333
ENHS_SYN_0076,Tuesday,60,3,0.05
ENHS_SYN_0076,Wednesday,59,1,0.0169
ENHS_SYN_0077,Friday,60,9,0.15
ENHS_SYN_0077,Monday,60,11,0.1833
ENHS_SYN_0077,Thursday,60,9,0.15
ENHS_SYN_0077,Tuesday,60,5,0.0833
ENHS_SYN_0077,Wednesday,60,10,0.1667
ENHS_SYN_0078,Friday,59,7,0.1186
ENHS_SYN_0078,Monday,60,3,0.05
ENHS_SYN_0078,Thursday,60,5,0.0833
ENHS_SYN_0078,Tuesday,60,4,0.0667
ENHS_SYN_0078,Wednesday,60,3,0.05
ENHS_SYN_0079,Friday,60,9,0.15
ENHS_SYN_0079,Monday,60,8,0.1333
ENHS_SYN_0079,Thursday,60,9,0.15
ENHS_SYN_0079,Tuesday,60,7,0.1167
ENHS_SYN_0079,Wednesday,60,5,0.0833
ENHS_SYN_0080,Friday,60,5,0.0833
ENHS_SYN_0080,Monday,60,7,0.1167
ENHS_SYN_0080,Thursday,59,8,0.1356
ENHS_SYN_0080,Tuesday,60,4,0.0667
ENHS_SYN_0080,Wednesday,60,7,0.1167
ENHS_SYN_0081,Friday,60,4,0.0667
ENHS_SYN_0081,Monday,60,3,0.05
ENHS_SYN_0081,Thursday,60,7,0.1167
ENHS_SYN_0081,Tuesday,60,5,0.0833
ENHS_SYN_0081,Wednesday,60,3,0.05
ENHS_SYN_0082,Friday,59,9,0.1525
ENHS_SYN_0082,Monday,60,13,0.2167
ENHS_SYN_0082,Thursday,60,7,0.1167
ENHS_SYN_0082,Tuesday,60,5,0.0833
ENHS_SYN_0082,Wednesday,60,7,0.1167
ENHS_SYN_0083,Friday,60,5,0.0833
ENHS_SYN_0083,Monday,60,1,0.0167
ENHS_SYN_0083,Thursday,60,0,0.0
ENHS_SYN_0083,Tuesday,60,2,0.0333
ENHS_SYN_0083,Wednesday,60,4,0.0667
ENHS_SYN_0084,Friday,60,9,0.15
ENHS_SYN_0084,Monday,60,5,0.0833
ENHS_SYN_0084,Thursday,60,9,0.15
ENHS_SYN_0084,Tuesday,60,11,0.1833
ENHS_SYN_0084,Wednesday,60,4,0.0667
ENHS_SYN_0085,Friday,60,11,0.1833
ENHS_SYN_0085,Monday,60,15,0.25
ENHS_SYN_0085,Thursday,60,10,0.1667
ENHS_SYN_0085,Tuesday,60,9,0.15
ENHS_SYN_0085,Wednesday,60,12,0.2
ENHS_SYN_0086,Friday,60,5,0.0833
ENHS_SYN_0086,Monday,59,11,0.1864
ENHS_SYN_0086,Thursday,60,4,0.0667
ENHS_SYN_0086,Tuesday,60,4,0.0667
ENHS_SYN_0086,Wednesday,59,5,0.0847
ENHS_SYN_0087,Friday,60,4,0.0667
ENHS_SYN_0087,Monday,60,5,0.0833
ENHS_SYN_0087,Thursday,60,5,0.0833
ENHS_SYN_0087,Tuesday,60,4,0.0667
ENHS_SYN_0087,Wednesday,60,5,0.0833
ENHS_SYN_0088,Friday,60,2,0.0333
ENHS_SYN_0088,Monday,59,2,0.0339
ENHS_SYN_0088,Thursday,60,6,0.1
ENHS_SYN_0088,Tuesday,60,2,0.0333
ENHS_SYN_0088,Wednesday,60,0,0.0
ENHS_SYN_0089,Friday,60,4,0.0667
ENHS_SYN_0089,Monday,60,11,0.1833
ENHS_SYN_0089,Thursday,60,3,0.05
ENHS_SYN_0089,Tuesday,60,12,0.2
ENHS_SYN_0089,Wednesday,60,7,0.1167
ENHS_SYN_0090,Friday,60,4,0.0667
ENHS_SYN_0090,Monday,60,4,0.0667
ENHS_SYN_0090,Thursday,60,2,0.0333
ENHS_SYN_0090,Tuesday,60,1,0.0167
ENHS_SYN_0090,Wednesday,60,1,0.0167
ENHS_SYN_0091,Friday,60,12,0.2
ENHS_SYN_0091,Monday,60,7,0.1167
ENHS_SYN_0091,Thursday,60,3,0.05
ENHS_SYN_0091,Tuesday,60,3,0.05
ENHS_SYN_0091,Wednesday,60,4,0.0667
ENHS_SYN_0092,Friday,60,12,0.2
ENHS_SYN_0092,Monday,60,8,0.1333
ENHS_SYN_0092,Thursday,60,7,0.1167
ENHS_SYN_0092,Tuesday,59,8,0.1356
ENHS_SYN_0092,Wednesday,60,6,0.1
ENHS_SYN_0093,Friday,60,2,0.0333
ENHS_SYN_0093,Monday,58,4,0.069
ENHS_SYN_0093,Thursday,60,0,0.0
ENHS_SYN_0093,Tuesday,60,2,0.0333
ENHS_SYN_0093,Wednesday,60,1,0.0167
ENHS_SYN_0094,Friday,60,14,0.2333
ENHS_SYN_0094,Monday,60,13,0.2167
ENHS_SYN_0094,Thursday,60,20,0.3333
ENHS_SYN_0094,Tuesday,60,16,0.2667
ENHS_SYN_0094,Wednesday,60,13,0.2167
ENHS_SYN_0095,Friday,60,4,0.0667
ENHS_SYN_0095,Monday,60,4,0.0667
ENHS_SYN_0095,Thursday,60,7,0.1167
ENHS_SYN_0095,Tuesday,60,6,0.1
ENHS_SYN_0095,Wednesday,60,5,0.0833
ENHS_SYN_0096,Friday,59,7,0.1186
ENHS_SYN_0096,Monday,60,8,0.1333
ENHS_SYN_0096,Thursday,60,7,0.1167
ENHS_SYN_0096,Tuesday,58,13,0.2241
ENHS_SYN_0096,Wednesday,60,16,0.2667
ENHS_SYN_0097,Friday,60,7,0.1167
ENHS_SYN_0097,Monday,60,7,0.1167
ENHS_SYN_0097,Thursday,60,9,0.15
ENHS_SYN_0097,Tuesday,60,3,0.05
ENHS_SYN_0097,Wednesday,60,4,0.0667
ENHS_SYN_0098,Friday,60,14,0.2333
ENHS_SYN_0098,Monday,60,9,0.15
ENHS_SYN_0098,Thursday,60,11,0.1833
ENHS_SYN_0098,Tuesday,60,5,0.0833
ENHS_SYN_0098,Wednesday,60,8,0.1333
ENHS_SYN_0099,Friday,59,9,0.1525
ENHS_SYN_0099,Monday,60,7,0.1167
ENHS_SYN_0099,Thursday,60,8,0.1333
ENHS_SYN_0099,Tuesday,60,7,0.1167
ENHS_SYN_0099,Wednesday,60,12,0.2
ENHS_SYN_0100,Friday,59,16,0.2712
ENHS_SYN_0100,Monday,60,9,0.15
ENHS_SYN_0100,Thursday,60,6,0.1
ENHS_SYN_0100,Tuesday,60,14,0.2333
ENHS_SYN_0100,Wednesday,60,7,0.1167
ENHS_SYN_0101,Friday,60,12,0.2
ENHS_SYN_0101,Monday,60,17,0.2833
ENHS_SYN_0101,Thursday,60,14,0.2333
ENHS_SYN_0101,Tuesday,60,16,0.2667
ENHS_SYN_0101,Wednesday,60,15,0.25
ENHS_SYN_0102,Friday,60,13,0.2167
ENHS_SYN_0102,Monday,60,10,0.1667
ENHS_SYN_0102,Thursday,60,12,0.2
ENHS_SYN_0102,Tuesday,60,9,0.15
ENHS_SYN_0102,Wednesday,60,7,0.1167
ENHS_SYN_0103,Friday,60,9,0.15
ENHS_SYN_0103,Monday,59,10,0.1695
ENHS_SYN_0103,Thursday,60,14,0.2333
ENHS_SYN_0103,Tuesday,60,8,0.1333
ENHS_SYN_0103,Wednesday,60,15,0.25
ENHS_SYN_0104,Friday,60,7,0.1167
ENHS_SYN_0104,Monday,60,6,0.1
ENHS_SYN_0104,Thursday,59,5,0.0847
ENHS_SYN_0104,Tuesday,59,7,0.1186
ENHS_SYN_0104,Wednesday,60,6,0.1
ENHS_SYN_0105,Friday,59,12,0.2034
ENHS_SYN_0105,Monday,60,7,0.1167
ENHS_SYN_0105,Thursday,60,8,0.1333
ENHS_SYN_0105,Tuesday,59,12,0.2034
ENHS_SYN_0105,Wednesday,60,11,0.1833
ENHS_SYN_0106,Friday,60,3,0.05
ENHS_SYN_0106,Monday,60,5,0.0833
ENHS_SYN_0106,Thursday,59,4,0.0678
ENHS_SYN_0106,Tuesday,60,6,0.1
ENHS_SYN_0106,Wednesday,60,11,0.1833
ENHS_SYN_0107,Friday,60,10,0.1667
ENHS_SYN_0107,Monday,60,5,0.0833
ENHS_SYN_0107,Thursday,60,6,0.1
ENHS_SYN_0107,Tuesday,60,3,0.05
ENHS_SYN_0107,Wednesday,60,7,0.1167
ENHS_SYN_0108,Friday,60,6,0.1
ENHS_SYN_0108,Monday,60,7,0.1167
ENHS_SYN_0108,Thursday,60,6,0.1
ENHS_SYN_0108,Tuesday,60,10,0.1667
ENHS_SYN_0108,Wednesday,60,7,0.1167
ENHS_SYN_0109,Friday,60,6,0.1
ENHS_SYN_0109,Monday,60,6,0.1
ENHS_SYN_0109,Thursday,60,4,0.0667
ENHS_SYN_0109,Tuesday,60,1,0.0167
ENHS_SYN_0109,Wednesday,60,7,0.1167
ENHS_SYN_0110,Friday,60,14,0.2333
ENHS_SYN_0110,Monday,60,15,0.25
ENHS_SYN_0110,Thursday,60,7,0.1167
ENHS_SYN_0110,Tuesday,60,11,0.1833
ENHS_SYN_0110,Wednesday,60,18,0.3
ENHS_SYN_0111,Friday,60,14,0.2333
ENHS_SYN_0111,Monday,60,15,0.25
ENHS_SYN_0111,Thursday,60,17,0.2833
ENHS_SYN_0111,Tuesday,60,9,0.15
ENHS_SYN_0111,Wednesday,60,12,0.2
ENHS_SYN_0112,Friday,60,3,0.05
ENHS_SYN_0112,Monday,60,4,0.0667
ENHS_SYN_0112,Thursday,60,2,0.0333
ENHS_SYN_0112,Tuesday,60,3,0.05
ENHS_SYN_0112,Wednesday,60,3,0.05
ENHS_SYN_0113,Friday,60,4,0.0667
ENHS_SYN_0113,Monday,60,4,0.0667
ENHS_SYN_0113,Thursday,60,10,0.1667
ENHS_SYN_0113,Tuesday,60,4,0.0667
ENHS_SYN_0113,Wednesday,60,4,0.0667
ENHS_SYN_0114,Friday,60,2,0.0333
ENHS_SYN_0114,Monday,59,4,0.0678
ENHS_SYN_0114,Thursday,59,0,0.0
ENHS_SYN_0114,Tuesday,60,2,0.0333
ENHS_SYN_0114,Wednesday,60,0,0.0
ENHS_SYN_0115,Friday,60,2,0.0333
ENHS_SYN_0115,Monday,60,2,0.0333
ENHS_SYN_0115,Thursday,60,1,0.0167
ENHS_SYN_0115,Tuesday,59,1,0.0169
ENHS_SYN_0115,Wednesday,60,2,0.0333
ENHS_SYN_0116,Friday,60,5,0.0833
ENHS_SYN_0116,Monday,60,7,0.1167
ENHS_SYN_0116,Thursday,60,5,0.0833
ENHS_SYN_0116,Tuesday,60,3,0.05
ENHS_SYN_0116,Wednesday,60,7,0.1167
ENHS_SYN_0117,Friday,60,2,0.0333
ENHS_SYN_0117,Monday,60,6,0.1
ENHS_SYN_0117,Thursday,60,4,0.0667
ENHS_SYN_0117,Tuesday,60,3,0.05
ENHS_SYN_0117,Wednesday,60,6,0.1
ENHS_SYN_0118,Friday,60,10,0.1667
ENHS_SYN_0118,Monday,60,17,0.2833
ENHS_SYN_0118,Thursday,60,8,0.1333
ENHS_SYN_0118,Tuesday,60,18,0.3
ENHS_SYN_0118,Wednesday,60,19,0.3167
ENHS_SYN_0119,Friday,60,3,0.05
ENHS_SYN_0119,Monday,60,5,0.0833
ENHS_SYN_0119,Thursday,60,7,0.1167
ENHS_SYN_0119,Tuesday,60,4,0.0667
ENHS_SYN_0119,Wednesday,60,6,0.1
ENHS_SYN_0120,Friday,60,4,0.0667
ENHS_SYN_0120,Monday,60,4,0.0667
ENHS_SYN_0120,Thursday,60,8,0.1333
ENHS_SYN_0120,Tuesday,59,9,0.1525
ENHS_SYN_0120,Wednesday,60,5,0.0833
ENHS_SYN_0121,Friday,60,2,0.0333
ENHS_SYN_0121,Monday,60,6,0.1
ENHS_SYN_0121,Thursday,59,2,0.0339
ENHS_SYN_0121,Tuesday,60,3,0.05
ENHS_SYN_0121,Wednesday,60,1,0.0167
ENHS_SYN_0122,Friday,60,6,0.1
ENHS_SYN_0122,Monday,60,6,0.1
ENHS_SYN_0122,Thursday,58,6,0.1034
ENHS_SYN_0122,Tuesday,60,3,0.05
ENHS_SYN_0122,Wednesday,60,2,0.0333
ENHS_SYN_0123,Friday,60,11,0.1833
ENHS_SYN_0123,Monday,60,9,0.15
ENHS_SYN_0123,Thursday,59,9,0.1525
ENHS_SYN_0123,Tuesday,59,10,0.1695
ENHS_SYN_0123,Wednesday,60,8,0.1333
ENHS_SYN_0124,Friday,60,0,0.0
ENHS_SYN_0124,Monday,60,1,0.0167
ENHS_SYN_0124,Thursday,60,1,0.0167
ENHS_SYN_0124,Tuesday,60,2,0.0333
ENHS_SYN_0124,Wednesday,59,2,0.0339
ENHS_SYN_0125,Friday,60,1,0.0167
ENHS_SYN_0125,Monday,60,3,0.05
ENHS_SYN_0125,Thursday,60,1,0.0167
ENHS_SYN_0125,Tuesday,60,3,0.05
ENHS_SYN_0125,Wednesday,59,0,0.0
ENHS_SYN_0126,Friday,60,9,0.15
ENHS_SYN_0126,Monday,60,18,0.3
ENHS_SYN_0126,Thursday,60,16,0.2667
ENHS_SYN_0126,Tuesday,60,17,0.2833
ENHS_SYN_0126,Wednesday,60,19,0.3167
ENHS_SYN_0127,Friday,60,19,0.3167
ENHS_SYN_0127,Monday,60,18,0.3
ENHS_SYN_0127,Thursday,59,18,0.3051
ENHS_SYN_0127,Tuesday,60,14,0.2333
ENHS_SYN_0127,Wednesday,60,16,0.2667
ENHS_SYN_0128,Friday,60,12,0.2
ENHS_SYN_0128,Monday,60,17,0.2833
ENHS_SYN_0128,Thursday,60,14,0.2333
ENHS_SYN_0128,Tuesday,60,12,0.2
ENHS_SYN_0128,Wednesday,60,13,0.2167
ENHS_SYN_0129,Friday,60,11,0.1833
ENHS_SYN_0129,Monday,60,8,0.1333
ENHS_SYN_0129,Thursday,60,5,0.0833
ENHS_SYN_0129,Tuesday,60,8,0.1333
ENHS_SYN_0129,Wednesday,60,8,0.1333
ENHS_SYN_0130,Friday,60,4,0.0667
ENHS_SYN_0130,Monday,60,1,0.0167
ENHS_SYN_0130,Thursday,60,3,0.05
ENHS_SYN_0130,Tuesday,60,10,0.1667
ENHS_SYN_0130,Wednesday,60,7,0.1167
ENHS_SYN_0131,Friday,60,12,0.2
ENHS_SYN_0131,Monday,60,8,0.1333
ENHS_SYN_0131,Thursday,59,15,0.2542
ENHS_SYN_0131,Tuesday,60,15,0.25
ENHS_SYN_0131,Wednesday,60,10,0.1667
ENHS_SYN_0132,Friday,60,9,0.15
ENHS_SYN_0132,Monday,60,9,0.15
ENHS_SYN_0132,Thursday,60,10,0.1667
ENHS_SYN_0132,Tuesday,60,13,0.2167
ENHS_SYN_0132,Wednesday,60,9,0.15
ENHS_SYN_0133,Friday,60,8,0.1333
ENHS_SYN_0133,Monday,60,5,0.0833
ENHS_SYN_0133,Thursday,60,4,0.0667
ENHS_SYN_0133,Tuesday,59,5,0.0847
ENHS_SYN_0133,Wednesday,60,4,0.0667
ENHS_SYN_0134,Friday,60,5,0.0833
ENHS_SYN_0134,Monday,60,8,0.1333
ENHS_SYN_0134,Thursday,59,5,0.0847
ENHS_SYN_0134,Tuesday,60,5,0.0833
ENHS_SYN_0134,Wednesday,60,6,0.1
ENHS_SYN_0135,Friday,60,4,0.0667
ENHS_SYN_0135,Monday,60,7,0.1167
ENHS_SYN_0135,Thursday,60,10,0.1667
ENHS_SYN_0135,Tuesday,60,9,0.15
ENHS_SYN_0135,Wednesday,60,10,0.1667
ENHS_SYN_0136,Friday,60,5,0.0833
ENHS_SYN_0136,Monday,60,9,0.15
ENHS_SYN_0136,Thursday,60,8,0.1333
ENHS_SYN_0136,Tuesday,60,2,0.0333
ENHS_SYN_0136,Wednesday,60,3,0.05
ENHS_SYN_0137,Friday,59,7,0.1186
ENHS_SYN_0137,Monday,60,7,0.1167
ENHS_SYN_0137,Thursday,60,7,0.1167
ENHS_SYN_0137,Tuesday,60,6,0.1
ENHS_SYN_0137,Wednesday,60,3,0.05
ENHS_SYN_0138,Friday,59,18,0.3051
ENHS_SYN_0138,Monday,60,20,0.3333
ENHS_SYN_0138,Thursday,59,15,0.2542
ENHS_SYN_0138,Tuesday,60,14,0.2333
ENHS_SYN_0138,Wednesday,60,18,0.3
ENHS_SYN_0139,Friday,60,10,0.1667
ENHS_SYN_0139,Monday,59,10,0.1695
ENHS_SYN_0139,Thursday,60,7,0.1167
ENHS_SYN_0139,Tuesday,60,5,0.0833
ENHS_SYN_0139,Wednesday,60,5,0.0833
ENHS_SYN_0140,Friday,60,4,0.0667
ENHS_SYN_0140,Monday,60,4,0.0667
ENHS_SYN_0140,Thursday,60,0,0.0
ENHS_SYN_0140,Tuesday,60,3,0.05
ENHS_SYN_0140,Wednesday,60,4,0.0667
ENHS_SYN_0141,Friday,60,4,0.0667
ENHS_SYN_0141,Monday,60,4,0.0667
ENHS_SYN_0141,Thursday,60,6,0.1
ENHS_SYN_0141,Tuesday,60,4,0.0667
ENHS_SYN_0141,Wednesday,60,9,0.15
ENHS_SYN_0142,Friday,60,8,0.1333
ENHS_SYN_0142,Monday,59,14,0.2373
ENHS_SYN_0142,Thursday,60,17,0.2833
ENHS_SYN_0142,Tuesday,60,11,0.1833
ENHS_SYN_0142,Wednesday,60,6,0.1
ENHS_SYN_0143,Friday,60,9,0.15
ENHS_SYN_0143,Monday,59,3,0.0508
ENHS_SYN_0143,Thursday,59,14,0.2373
ENHS_SYN_0143,Tuesday,60,9,0.15
ENHS_SYN_0143,Wednesday,60,8,0.1333
ENHS_SYN_0144,Friday,60,8,0.1333
ENHS_SYN_0144,Monday,60,14,0.2333
ENHS_SYN_0144,Thursday,60,14,0.2333
ENHS_SYN_0144,Tuesday,60,16,0.2667
ENHS_SYN_0144,Wednesday,59,3,0.0508
ENHS_SYN_0145,Friday,60,2,0.0333
ENHS_SYN_0145,Monday,60,2,0.0333
ENHS_SYN_0145,Thursday,60,7,0.1167
ENHS_SYN_0145,Tuesday,60,5,0.0833
ENHS_SYN_0145,Wednesday,60,1,0.0167
ENHS_SYN_0146,Friday,60,1,0.0167
ENHS_SYN_0146,Monday,59,3,0.0508
ENHS_SYN_0146,Thursday,60,2,0.0333
ENHS_SYN_0146,Tuesday,60,2,0.0333
ENHS_SYN_0146,Wednesday,59,3,0.0508
ENHS_SYN_0147,Friday,60,7,0.1167
ENHS_SYN_0147,Monday,60,11,0.1833
ENHS_SYN_0147,Thursday,60,7,0.1167
ENHS_SYN_0147,Tuesday,60,10,0.1667
ENHS_SYN_0147,Wednesday,60,6,0.1
ENHS_SYN_0148,Friday,60,11,0.1833
ENHS_SYN_0148,Monday,60,16,0.2667
ENHS_SYN_0148,Thursday,60,9,0.15
ENHS_SYN_0148,Tuesday,60,11,0.1833
ENHS_SYN_0148,Wednesday,60,9,0.15
ENHS_SYN_0149,Friday,60,4,0.0667
ENHS_SYN_0149,Monday,60,6,0.1
ENHS_SYN_0149,Thursday,59,5,0.0847
ENHS_SYN_0149,Tuesday,59,4,0.0678
ENHS_SYN_0149,Wednesday,60,8,0.1333
ENHS_SYN_0150,Friday,60,21,0.35
ENHS_SYN_0150,Monday,60,18,0.3
ENHS_SYN_0150,Thursday,60,18,0.3
ENHS_SYN_0150,Tuesday,60,14,0.2333
ENHS_SYN_0150,Wednesday,60,11,0.1833
ENHS_SYN_0151,Friday,60,13,0.2167
ENHS_SYN_0151,Monday,60,6,0.1
ENHS_SYN_0151,Thursday,60,5,0.0833
ENHS_SYN_0151,Tuesday,59,10,0.1695
ENHS_SYN_0151,Wednesday,60,10,0.1667
ENHS_SYN_0152,Friday,60,11,0.1833
ENHS_SYN_0152,Monday,60,16,0.2667
ENHS_SYN_0152,Thursday,60,10,0.1667
ENHS_SYN_0152,Tuesday,60,13,0.2167
ENHS_SYN_0152,Wednesday,60,7,0.1167
ENHS_SYN_0153,Friday,60,4,0.0667
ENHS_SYN_0153,Monday,60,8,0.1333
ENHS_SYN_0153,Thursday,60,7,0.1167
ENHS_SYN_0153,Tuesday,60,6,0.1
ENHS_SYN_0153,Wednesday,60,3,0.05
ENHS_SYN_0154,Friday,60,14,0.2333
ENHS_SYN_0154,Monday,60,10,0.1667
ENHS_SYN_0154,Thursday,60,14,0.2333
ENHS_SYN_0154,Tuesday,60,8,0.1333
ENHS_SYN_0154,Wednesday,60,7,0.1167
ENHS_SYN_0155,Friday,60,13,0.2167
ENHS_SYN_0155,Monday,60,7,0.1167
ENHS_SYN_0155,Thursday,60,10,0.1667
ENHS_SYN_0155,Tuesday,60,12,0.2
ENHS_SYN_0155,Wednesday,60,11,0.1833
ENHS_SYN_0156,Friday,59,5,0.0847
ENHS_SYN_0156,Monday,59,2,0.0339
ENHS_SYN_0156,Thursday,60,5,0.0833
ENHS_SYN_0156,Tuesday,59,5,0.0847
ENHS_SYN_0156,Wednesday,60,6,0.1
ENHS_SYN_0157,Friday,60,5,0.0833
ENHS_SYN_0157,Monday,60,5,0.0833
ENHS_SYN_0157,Thursday,59,7,0.1186
ENHS_SYN_0157,Tuesday,60,3,0.05
ENHS_SYN_0157,Wednesday,60,2,0.0333
ENHS_SYN_0158,Friday,60,12,0.2
ENHS_SYN_0158,Monday,59,8,0.1356
ENHS_SYN_0158,Thursday,60,7,0.1167
ENHS_SYN_0158,Tuesday,60,5,0.0833
ENHS_SYN_0158,Wednesday,60,8,0.1333
ENHS_SYN_0159,Friday,60,7,0.1167
ENHS_SYN_0159,Monday,60,3,0.05
ENHS_SYN_0159,Thursday,60,6,0.1
ENHS_SYN_0159,Tuesday,60,8,0.1333
ENHS_SYN_0159,Wednesday,60,4,0.0667
ENHS_SYN_0160,Friday,60,10,0.1667
ENHS_SYN_0160,Monday,60,7,0.1167
ENHS_SYN_0160,Thursday,60,8,0.1333
ENHS_SYN_0160,Tuesday,60,14,0.2333
ENHS_SYN_0160,Wednesday,60,12,0.2
ENHS_SYN_0161,Friday,60,4,0.0667
ENHS_SYN_0161,Monday,60,1,0.0167
ENHS_SYN_0161,Thursday,59,2,0.0339
ENHS_SYN_0161,Tuesday,60,4,0.0667
ENHS_SYN_0161,Wednesday,60,3,0.05
ENHS_SYN_0162,Friday,60,18,0.3
ENHS_SYN_0162,Monday,60,14,0.2333
ENHS_SYN_0162,Thursday,60,23,0.3833
ENHS_SYN_0162,Tuesday,60,19,0.3167
ENHS_SYN_0162,Wednesday,60,16,0.2667
ENHS_SYN_0163,Friday,60,8,0.1333
ENHS_SYN_0163,Monday,60,5,0.0833
ENHS_SYN_0163,Thursday,60,6,0.1
ENHS_SYN_0163,Tuesday,60,2,0.0333
ENHS_SYN_0163,Wednesday,60,5,0.0833
ENHS_SYN_0164,Friday,60,4,0.0667
ENHS_SYN_0164,Monday,60,4,0.0667
ENHS_SYN_0164,Thursday,60,2,0.0333
ENHS_SYN_0164,Tuesday,60,3,0.05
ENHS_SYN_0164,Wednesday,60,3,0.05
ENHS_SYN_0165,Friday,60,14,0.2333
ENHS_SYN_0165,Monday,60,12,0.2
ENHS_SYN_0165,Thursday,60,9,0.15
ENHS_SYN_0165,Tuesday,60,11,0.1833
ENHS_SYN_0165,Wednesday,60,16,0.2667
ENHS_SYN_0166,Friday,60,7,0.1167
ENHS_SYN_0166,Monday,60,5,0.0833
ENHS_SYN_0166,Thursday,60,5,0.0833
ENHS_SYN_0166,Tuesday,60,1,0.0167
ENHS_SYN_0166,Wednesday,60,6,0.1
ENHS_SYN_0167,Friday,60,7,0.1167
ENHS_SYN_0167,Monday,59,4,0.0678
ENHS_SYN_0167,Thursday,60,5,0.0833
ENHS_SYN_0167,Tuesday,60,4,0.0667
ENHS_SYN_0167,Wednesday,60,3,0.05
ENHS_SYN_0168,Friday,60,14,0.2333
ENHS_SYN_0168,Monday,60,15,0.25
ENHS_SYN_0168,Thursday,60,16,0.2667
ENHS_SYN_0168,Tuesday,59,13,0.2203
ENHS_SYN_0168,Wednesday,59,17,0.2881
ENHS_SYN_0169,Friday,60,9,0.15
ENHS_SYN_0169,Monday,60,12,0.2
ENHS_SYN_0169,Thursday,59,5,0.0847
ENHS_SYN_0169,Tuesday,60,12,0.2
ENHS_SYN_0169,Wednesday,60,13,0.2167
ENHS_SYN_0170,Friday,59,4,0.0678
ENHS_SYN_0170,Monday,60,5,0.0833
ENHS_SYN_0170,Thursday,60,1,0.0167
ENHS_SYN_0170,Tuesday,60,5,0.0833
ENHS_SYN_0170,Wednesday,59,2,0.0339
ENHS_SYN_0171,Friday,60,3,0.05
ENHS_SYN_0171,Monday,60,7,0.1167
ENHS_SYN_0171,Thursday,60,6,0.1
ENHS_SYN_0171,Tuesday,60,6,0.1
ENHS_SYN_0171,Wednesday,60,13,0.2167
ENHS_SYN_0172,Friday,60,20,0.3333
ENHS_SYN_0172,Monday,60,16,0.2667
ENHS_SYN_0172,Thursday,60,12,0.2
ENHS_SYN_0172,Tuesday,60,12,0.2
ENHS_SYN_0172,Wednesday,60,9,0.15
ENHS_SYN_0173,Friday,60,17,0.2833
ENHS_SYN_0173,Monday,60,16,0.2667
ENHS_SYN_0173,Thursday,60,11,0.1833
ENHS_SYN_0173,Tuesday,60,17,0.2833
ENHS_SYN_0173,Wednesday,60,12,0.2
ENHS_SYN_0174,Friday,60,8,0.1333
ENHS_SYN_0174,Monday,60,4,0.0667
ENHS_SYN_0174,Thursday,60,11,0.1833
ENHS_SYN_0174,Tuesday,60,8,0.1333
ENHS_SYN_0174,Wednesday,60,6,0.1
ENHS_SYN_0175,Friday,60,14,0.2333
ENHS_SYN_0175,Monday,60,15,0.25
ENHS_SYN_0175,Thursday,60,8,0.1333
ENHS_SYN_0175,Tuesday,60,14,0.2333
ENHS_SYN_0175,Wednesday,60,8,0.1333
ENHS_SYN_0176,Friday,60,7,0.1167
ENHS_SYN_0176,Monday,60,5,0.0833
ENHS_SYN_0176,Thursday,60,9,0.15
ENHS_SYN_0176,Tuesday,60,5,0.0833
ENHS_SYN_0176,Wednesday,60,1,0.0167
ENHS_SYN_0177,Friday,60,7,0.1167
ENHS_SYN_0177,Monday,60,11,0.1833
ENHS_SYN_0177,Thursday,60,11,0.1833
ENHS_SYN_0177,Tuesday,60,10,0.1667
ENHS_SYN_0177,Wednesday,60,7,0.1167
ENHS_SYN_0178,Friday,60,8,0.1333
ENHS_SYN_0178,Monday,60,8,0.1333
ENHS_SYN_0178,Thursday,60,12,0.2
ENHS_SYN_0178,Tuesday,60,8,0.1333
ENHS_SYN_0178,Wednesday,60,3,0.05
ENHS_SYN_0179,Friday,59,12,0.2034
ENHS_SYN_0179,Monday,60,11,0.1833
ENHS_SYN_0179,Thursday,60,4,0.0667
ENHS_SYN_0179,Tuesday,60,6,0.1
ENHS_SYN_0179,Wednesday,60,8,0.1333
ENHS_SYN_0180,Friday,59,9,0.1525
ENHS_SYN_0180,Monday,60,4,0.0667
ENHS_SYN_0180,Thursday,60,7,0.1167
ENHS_SYN_0180,Tuesday,59,12,0.2034
ENHS_SYN_0180,Wednesday,60,10,0.1667
ENHS_SYN_0181,Friday,60,4,0.0667
ENHS_SYN_0181,Monday,60,2,0.0333
ENHS_SYN_0181,Thursday,60,2,0.0333
ENHS_SYN_0181,Tuesday,60,2,0.0333
ENHS_SYN_0181,Wednesday,59,0,0.0
ENHS_SYN_0182,Friday,60,16,0.2667
ENHS_SYN_0182,Monday,60,14,0.2333
ENHS_SYN_0182,Thursday,60,12,0.2
ENHS_SYN_0182,Tuesday,60,13,0.2167
ENHS_SYN_0182,Wednesday,60,15,0.25
ENHS_SYN_0183,Friday,60,7,0.1167
ENHS_SYN_0183,Monday,60,3,0.05
ENHS_SYN_0183,Thursday,60,1,0.0167
ENHS_SYN_0183,Tuesday,60,2,0.0333
ENHS_SYN_0183,Wednesday,60,3,0.05
ENHS_SYN_0184,Friday,60,17,0.2833
ENHS_SYN_0184,Monday,60,16,0.2667
ENHS_SYN_0184,Thursday,60,14,0.2333
ENHS_SYN_0184,Tuesday,60,15,0.25
ENHS_SYN_0184,Wednesday,60,20,0.3333
ENHS_SYN_0185,Friday,60,15,0.25
ENHS_SYN_0185,Monday,60,12,0.2
ENHS_SYN_0185,Thursday,60,13,0.2167
ENHS_SYN_0185,Tuesday,60,8,0.1333
ENHS_SYN_0185,Wednesday,59,15,0.2542
ENHS_SYN_0186,Friday,60,9,0.15
ENHS_SYN_0186,Monday,60,12,0.2
ENHS_SYN_0186,Thursday,60,9,0.15
ENHS_SYN_0186,Tuesday,60,11,0.1833
ENHS_SYN_0186,Wednesday,60,11,0.1833
ENHS_SYN_0187,Friday,60,2,0.0333
ENHS_SYN_0187,Monday,60,3,0.05
ENHS_SYN_0187,Thursday,60,7,0.1167
ENHS_SYN_0187,Tuesday,60,3,0.05
ENHS_SYN_0187,Wednesday,60,3,0.05
ENHS_SYN_0188,Friday,60,8,0.1333
ENHS_SYN_0188,Monday,60,3,0.05
ENHS_SYN_0188,Thursday,60,7,0.1167
ENHS_SYN_0188,Tuesday,60,10,0.1667
ENHS_SYN_0188,Wednesday,60,6,0.1
ENHS_SYN_0189,Friday,60,17,0.2833
ENHS_SYN_0189,Monday,60,13,0.2167
ENHS_SYN_0189,Thursday,60,17,0.2833
ENHS_SYN_0189,Tuesday,60,14,0.2333
ENHS_SYN_0189,Wednesday,60,16,0.2667
ENHS_SYN_0190,Friday,60,19,0.3167
ENHS_SYN_0190,Monday,60,10,0.1667
ENHS_SYN_0190,Thursday,60,14,0.2333
ENHS_SYN_0190,Tuesday,60,12,0.2
ENHS_SYN_0190,Wednesday,60,12,0.2
ENHS_SYN_0191,Friday,60,4,0.0667
ENHS_SYN_0191,Monday,59,2,0.0339
ENHS_SYN_0191,Thursday,60,0,0.0
ENHS_SYN_0191,Tuesday,60,1,0.0167
ENHS_SYN_0191,Wednesday,60,3,0.05
ENHS_SYN_0192,Friday,60,4,0.0667
ENHS_SYN_0192,Monday,60,5,0.0833
ENHS_SYN_0192,Thursday,59,5,0.0847
ENHS_SYN_0192,Tuesday,60,6,0.1
ENHS_SYN_0192,Wednesday,60,5,0.0833
ENHS_SYN_0193,Friday,60,5,0.0833
ENHS_SYN_0193,Monday,60,8,0.1333
ENHS_SYN_0193,Thursday,60,5,0.0833
ENHS_SYN_0193,Tuesday,60,6,0.1
ENHS_SYN_0193,Wednesday,60,11,0.1833
ENHS_SYN_0194,Friday,60,10,0.1667
ENHS_SYN_0194,Monday,60,2,0.0333
ENHS_SYN_0194,Thursday,60,6,0.1
ENHS_SYN_0194,Tuesday,60,2,0.0333
ENHS_SYN_0194,Wednesday,60,5,0.0833
ENHS_SYN_0195,Friday,60,17,0.2833
ENHS_SYN_0195,Monday,60,9,0.15
ENHS_SYN_0195,Thursday,60,12,0.2
ENHS_SYN_0195,Tuesday,60,9,0.15
ENHS_SYN_0195,Wednesday,59,8,0.1356
ENHS_SYN_0196,Friday,60,9,0.15
ENHS_SYN_0196,Monday,60,5,0.0833
ENHS_SYN_0196,Thursday,60,7,0.1167
ENHS_SYN_0196,Tuesday,60,6,0.1
ENHS_SYN_0196,Wednesday,60,5,0.0833
ENHS_SYN_0197,Friday,60,7,0.1167
ENHS_SYN_0197,Monday,60,4,0.0667
ENHS_SYN_0197,Thursday,60,2,0.0333
ENHS_SYN_0197,Tuesday,60,5,0.0833
ENHS_SYN_0197,Wednesday,60,5,0.0833
ENHS_SYN_0198,Friday,60,8,0.1333
ENHS_SYN_0198,Monday,60,10,0.1667
ENHS_SYN_0198,Thursday,60,14,0.2333
ENHS_SYN_0198,Tuesday,60,11,0.1833
ENHS_SYN_0198,Wednesday,60,10,0.1667
ENHS_SYN_0199,Friday,60,6,0.1
ENHS_SYN_0199,Monday,60,5,0.0833
ENHS_SYN_0199,Thursday,60,3,0.05
ENHS_SYN_0199,Tuesday,60,3,0.05
ENHS_SYN_0199,Wednesday,60,3,0.05
ENHS_SYN_0200,Friday,60,9,0.15
ENHS_SYN_0200,Monday,60,11,0.1833
ENHS_SYN_0200,Thursday,60,5,0.0833
ENHS_SYN_0200,Tuesday,60,4,0.0667
ENHS_SYN_0200,Wednesday,60,9,0.15
ENHS_SYN_0201,Friday,60,7,0.1167
ENHS_SYN_0201,Monday,60,5,0.0833
ENHS_SYN_0201,Thursday,60,3,0.05
ENHS_SYN_0201,Tuesday,60,5,0.0833
ENHS_SYN_0201,Wednesday,60,6,0.1
ENHS_SYN_0202,Friday,60,6,0.1
ENHS_SYN_0202,Monday,60,4,0.0667
ENHS_SYN_0202,Thursday,59,5,0.0847
ENHS_SYN_0202,Tuesday,60,1,0.0167
ENHS_SYN_0202,Wednesday,59,0,0.0
ENHS_SYN_0203,Friday,60,5,0.0833
ENHS_SYN_0203,Monday,60,2,0.0333
ENHS_SYN_0203,Thursday,60,2,0.0333
ENHS_SYN_0203,Tuesday,60,0,0.0
ENHS_SYN_0203,Wednesday,60,1,0.0167
ENHS_SYN_0204,Friday,60,14,0.2333
ENHS_SYN_0204,Monday,60,22,0.3667
ENHS_SYN_0204,Thursday,60,18,0.3
ENHS_SYN_0204,Tuesday,60,11,0.1833
ENHS_SYN_0204,Wednesday,60,14,0.2333
ENHS_SYN_0205,Friday,60,7,0.1167
ENHS_SYN_0205,Monday,60,12,0.2
ENHS_SYN_0205,Thursday,60,5,0.0833
ENHS_SYN_0205,Tuesday,60,5,0.0833
ENHS_SYN_0205,Wednesday,60,2,0.0333
ENHS_SYN_0206,Friday,59,9,0.1525
ENHS_SYN_0206,Monday,60,11,0.1833
ENHS_SYN_0206,Thursday,60,9,0.15
ENHS_SYN_0206,Tuesday,60,13,0.2167
ENHS_SYN_0206,Wednesday,60,10,0.1667
ENHS_SYN_0207,Friday,60,14,0.2333
ENHS_SYN_0207,Monday,59,12,0.2034
ENHS_SYN_0207,Thursday,60,9,0.15
ENHS_SYN_0207,Tuesday,59,7,0.1186
ENHS_SYN_0207,Wednesday,60,6,0.1
ENHS_SYN_0208,Friday,60,18,0.3
ENHS_SYN_0208,Monday,60,15,0.25
ENHS_SYN_0208,Thursday,60,22,0.3667
ENHS_SYN_0208,Tuesday,60,19,0.3167
ENHS_SYN_0208,Wednesday,60,16,0.2667
ENHS_SYN_0209,Friday,60,8,0.1333
ENHS_SYN_0209,Monday,60,10,0.1667
ENHS_SYN_0209,Thursday,60,2,0.0333
ENHS_SYN_0209,Tuesday,60,5,0.0833
ENHS_SYN_0209,Wednesday,60,8,0.1333
ENHS_SYN_0210,Friday,60,2,0.0333
ENHS_SYN_0210,Monday,60,4,0.0667
ENHS_SYN_0210,Thursday,60,4,0.0667
ENHS_SYN_0210,Tuesday,60,2,0.0333
ENHS_SYN_0210,Wednesday,60,7,0.1167
ENHS_SYN_0211,Friday,60,2,0.0333
ENHS_SYN_0211,Monday,60,0,0.0
ENHS_SYN_0211,Thursday,60,2,0.0333
ENHS_SYN_0211,Tuesday,60,5,0.0833
ENHS_SYN_0211,Wednesday,60,2,0.0333
ENHS_SYN_0212,Friday,60,15,0.25
ENHS_SYN_0212,Monday,60,15,0.25
ENHS_SYN_0212,Thursday,60,13,0.2167
ENHS_SYN_0212,Tuesday,60,13,0.2167
ENHS_SYN_0212,Wednesday,60,12,0.2
ENHS_SYN_0213,Friday,60,8,0.1333
ENHS_SYN_0213,Monday,60,6,0.1
ENHS_SYN_0213,Thursday,60,8,0.1333
ENHS_SYN_0213,Tuesday,60,13,0.2167
ENHS_SYN_0213,Wednesday,59,10,0.1695
ENHS_SYN_0214,Friday,59,17,0.2881
ENHS_SYN_0214,Monday,60,18,0.3
ENHS_SYN_0214,Thursday,60,15,0.25
ENHS_SYN_0214,Tuesday,60,21,0.35
ENHS_SYN_0214,Wednesday,60,17,0.2833
ENHS_SYN_0215,Friday,59,1,0.0169
ENHS_SYN_0215,Monday,60,3,0.05
ENHS_SYN_0215,Thursday,60,0,0.0
ENHS_SYN_0215,Tuesday,59,0,0.0
ENHS_SYN_0215,Wednesday,60,0,0.0
ENHS_SYN_0216,Friday,59,4,0.0678
ENHS_SYN_0216,Monday,60,3,0.05
ENHS_SYN_0216,Thursday,60,2,0.0333
ENHS_SYN_0216,Tuesday,60,4,0.0667
ENHS_SYN_0216,Wednesday,60,3,0.05
ENHS_SYN_0217,Friday,60,13,0.2167
ENHS_SYN_0217,Monday,60,17,0.2833
ENHS_SYN_0217,Thursday,60,11,0.1833
ENHS_SYN_0217,Tuesday,60,18,0.3
ENHS_SYN_0217,Wednesday,60,11,0.1833
ENHS_SYN_0218,Friday,60,2,0.0333
ENHS_SYN_0218,Monday,60,7,0.1167
ENHS_SYN_0218,Thursday,60,3,0.05
ENHS_SYN_0218,Tuesday,59,3,0.0508
ENHS_SYN_0218,Wednesday,60,2,0.0333
ENHS_SYN_0219,Friday,60,12,0.2
ENHS_SYN_0219,Monday,60,18,0.3
ENHS_SYN_0219,Thursday,60,13,0.2167
ENHS_SYN_0219,Tuesday,60,18,0.3
ENHS_SYN_0219,Wednesday,60,13,0.2167
ENHS_SYN_0220,Friday,60,11,0.1833
ENHS_SYN_0220,Monday,60,8,0.1333
ENHS_SYN_0220,Thursday,60,11,0.1833
ENHS_SYN_0220,Tuesday,60,9,0.15
ENHS_SYN_0220,Wednesday,60,6,0.1
ENHS_SYN_0221,Friday,60,2,0.0333
ENHS_SYN_0221,Monday,60,7,0.1167
ENHS_SYN_0221,Thursday,60,7,0.1167
ENHS_SYN_0221,Tuesday,60,3,0.05
ENHS_SYN_0221,Wednesday,60,4,0.0667
ENHS_SYN_0222,Friday,60,14,0.2333
ENHS_SYN_0222,Monday,60,9,0.15
ENHS_SYN_0222,Thursday,59,7,0.1186
ENHS_SYN_0222,Tuesday,60,14,0.2333
ENHS_SYN_0222,Wednesday,60,9,0.15
ENHS_SYN_0223,Friday,60,1,0.0167
ENHS_SYN_0223,Monday,60,5,0.0833
ENHS_SYN_0223,Thursday,60,2,0.0333
ENHS_SYN_0223,Tuesday,60,0,0.0
ENHS_SYN_0223,Wednesday,58,2,0.0345
ENHS_SYN_0224,Friday,60,15,0.25
ENHS_SYN_0224,Monday,59,14,0.2373
ENHS_SYN_0224,Thursday,60,11,0.1833
ENHS_SYN_0224,Tuesday,59,11,0.1864
ENHS_SYN_0224,Wednesday,60,10,0.1667
ENHS_SYN_0225,Friday,60,9,0.15
ENHS_SYN_0225,Monday,60,6,0.1
ENHS_SYN_0225,Thursday,60,3,0.05
ENHS_SYN_0225,Tuesday,60,12,0.2
ENHS_SYN_0225,Wednesday,60,5,0.0833
ENHS_SYN_0226,Friday,60,6,0.1
ENHS_SYN_0226,Monday,60,5,0.0833
ENHS_SYN_0226,Thursday,59,2,0.0339
ENHS_SYN_0226,Tuesday,60,7,0.1167
ENHS_SYN_0226,Wednesday,60,3,0.05
ENHS_SYN_0227,Friday,60,16,0.2667
ENHS_SYN_0227,Monday,60,13,0.2167
ENHS_SYN_0227,Thursday,60,11,0.1833
ENHS_SYN_0227,Tuesday,60,15,0.25
ENHS_SYN_0227,Wednesday,60,9,0.15
ENHS_SYN_0228,Friday,60,7,0.1167
ENHS_SYN_0228,Monday,60,8,0.1333
ENHS_SYN_0228,Thursday,60,7,0.1167
ENHS_SYN_0228,Tuesday,60,4,0.0667
ENHS_SYN_0228,Wednesday,60,7,0.1167
ENHS_SYN_0229,Friday,60,7,0.1167
ENHS_SYN_0229,Monday,60,10,0.1667
ENHS_SYN_0229,Thursday,59,4,0.0678
ENHS_SYN_0229,Tuesday,60,7,0.1167
ENHS_SYN_0229,Wednesday,60,8,0.1333
ENHS_SYN_0230,Friday,60,15,0.25
ENHS_SYN_0230,Monday,60,17,0.2833
ENHS_SYN_0230,Thursday,60,13,0.2167
ENHS_SYN_0230,Tuesday,60,13,0.2167
ENHS_SYN_0230,Wednesday,60,20,0.3333
ENHS_SYN_0231,Friday,59,10,0.1695
ENHS_SYN_0231,Monday,60,10,0.1667
ENHS_SYN_0231,Thursday,60,10,0.1667
ENHS_SYN_0231,Tuesday,60,6,0.1
ENHS_SYN_0231,Wednesday,60,7,0.1167
ENHS_SYN_0232,Friday,60,6,0.1
ENHS_SYN_0232,Monday,59,2,0.0339
ENHS_SYN_0232,Thursday,60,3,0.05
ENHS_SYN_0232,Tuesday,60,2,0.0333
ENHS_SYN_0232,Wednesday,60,6,0.1
ENHS_SYN_0233,Friday,60,7,0.1167
ENHS_SYN_0233,Monday,60,9,0.15
ENHS_SYN_0233,Thursday,60,9,0.15
ENHS_SYN_0233,Tuesday,60,6,0.1
ENHS_SYN_0233,Wednesday,59,5,0.0847
ENHS_SYN_0234,Friday,59,18,0.3051
ENHS_SYN_0234,Monday,59,13,0.2203
ENHS_SYN_0234,Thursday,60,16,0.2667
ENHS_SYN_0234,Tuesday,60,13,0.2167
ENHS_SYN_0234,Wednesday,60,9,0.15
ENHS_SYN_0235,Friday,60,10,0.1667
ENHS_SYN_0235,Monday,60,9,0.15
ENHS_SYN_0235,Thursday,60,9,0.15
ENHS_SYN_0235,Tuesday,60,9,0.15
ENHS_SYN_0235,Wednesday,60,7,0.1167
ENHS_SYN_0236,Friday,60,7,0.1167
ENHS_SYN_0236,Monday,60,3,0.05
ENHS_SYN_0236,Thursday,60,4,0.0667
ENHS_SYN_0236,Tuesday,60,3,0.05
ENHS_SYN_0236,Wednesday,60,4,0.0667
ENHS_SYN_0237,Friday,60,7,0.1167
ENHS_SYN_0237,Monday,60,7,0.1167
ENHS_SYN_0237,Thursday,60,7,0.1167
ENHS_SYN_0237,Tuesday,60,9,0.15
ENHS_SYN_0237,Wednesday,60,6,0.1
ENHS_SYN_0238,Friday,60,16,0.2667
ENHS_SYN_0238,Monday,60,19,0.3167
ENHS_SYN_0238,Thursday,60,13,0.2167
ENHS_SYN_0238,Tuesday,60,16,0.2667
ENHS_SYN_0238,Wednesday,60,12,0.2
ENHS_SYN_0239,Friday,60,16,0.2667
ENHS_SYN_0239,Monday,59,17,0.2881
ENHS_SYN_0239,Thursday,60,14,0.2333
ENHS_SYN_0239,Tuesday,60,7,0.1167
ENHS_SYN_0239,Wednesday,60,16,0.2667
ENHS_SYN_0240,Friday,60,5,0.0833
ENHS_SYN_0240,Monday,60,1,0.0167
ENHS_SYN_0240,Thursday,60,6,0.1
ENHS_SYN_0240,Tuesday,60,4,0.0667
ENHS_SYN_0240,Wednesday,60,2,0.0333
ENHS_SYN_0241,Friday,60,3,0.05
ENHS_SYN_0241,Monday,60,4,0.0667
ENHS_SYN_0241,Thursday,60,5,0.0833
ENHS_SYN_0241,Tuesday,60,6,0.1
ENHS_SYN_0241,Wednesday,60,2,0.0333
ENHS_SYN_0242,Friday,59,11,0.1864
ENHS_SYN_0242,Monday,60,11,0.1833
ENHS_SYN_0242,Thursday,60,8,0.1333
ENHS_SYN_0242,Tuesday,60,8,0.1333
ENHS_SYN_0242,Wednesday,60,8,0.1333
ENHS_SYN_0243,Friday,60,5,0.0833
ENHS_SYN_0243,Monday,60,4,0.0667
ENHS_SYN_0243,Thursday,60,6,0.1
ENHS_SYN_0243,Tuesday,59,3,0.0508
ENHS_SYN_0243,Wednesday,60,4,0.0667
ENHS_SYN_0244,Friday,60,6,0.1
ENHS_SYN_0244,Monday,60,7,0.1167
ENHS_SYN_0244,Thursday,60,4,0.0667
ENHS_SYN_0244,Tuesday,60,5,0.0833
ENHS_SYN_0244,Wednesday,60,3,0.05
ENHS_SYN_0245,Friday,60,8,0.1333
ENHS_SYN_0245,Monday,60,7,0.1167
ENHS_SYN_0245,Thursday,60,7,0.1167
ENHS_SYN_0245,Tuesday,60,10,0.1667
ENHS_SYN_0245,Wednesday,60,8,0.1333
ENHS_SYN_0246,Friday,60,7,0.1167
ENHS_SYN_0246,Monday,60,3,0.05
ENHS_SYN_0246,Thursday,60,9,0.15
ENHS_SYN_0246,Tuesday,59,4,0.0678
ENHS_SYN_0246,Wednesday,58,6,0.1034
ENHS_SYN_0247,Friday,59,10,0.1695
ENHS_SYN_0247,Monday,60,7,0.1167
ENHS_SYN_0247,Thursday,60,8,0.1333
ENHS_SYN_0247,Tuesday,60,6,0.1
ENHS_SYN_0247,Wednesday,60,8,0.1333
ENHS_SYN_0248,Friday,60,11,0.1833
ENHS_SYN_0248,Monday,60,11,0.1833
ENHS_SYN_0248,Thursday,60,12,0.2
ENHS_SYN_0248,Tuesday,60,16,0.2667
ENHS_SYN_0248,Wednesday,60,12,0.2
ENHS_SYN_0249,Friday,60,4,0.0667
ENHS_SYN_0249,Monday,60,3,0.05
ENHS_SYN_0249,Thursday,60,2,0.0333
ENHS_SYN_0249,Tuesday,60,2,0.0333
ENHS_SYN_0249,Wednesday,60,5,0.0833
ENHS_SYN_0250,Friday,60,2,0.0333
ENHS_SYN_0250,Monday,60,6,0.1
ENHS_SYN_0250,Thursday,60,2,0.0333
ENHS_SYN_0250,Tuesday,60,2,0.0333
ENHS_SYN_0250,Wednesday,60,5,0.0833
ENHS_SYN_0251,Friday,59,3,0.0508
ENHS_SYN_0251,Monday,60,3,0.05
ENHS_SYN_0251,Thursday,59,2,0.0339
ENHS_SYN_0251,Tuesday,60,4,0.0667
ENHS_SYN_0251,Wednesday,60,7,0.1167
ENHS_SYN_0252,Friday,60,7,0.1167
ENHS_SYN_0252,Monday,60,7,0.1167
ENHS_SYN_0252,Thursday,60,9,0.15
ENHS_SYN_0252,Tuesday,60,7,0.1167
ENHS_SYN_0252,Wednesday,59,7,0.1186
ENHS_SYN_0253,Friday,60,8,0.1333
ENHS_SYN_0253,Monday,60,2,0.0333
ENHS_SYN_0253,Thursday,60,3,0.05
ENHS_SYN_0253,Tuesday,60,5,0.0833
ENHS_SYN_0253,Wednesday,59,0,0.0
ENHS_SYN_0254,Friday,60,10,0.1667
ENHS_SYN_0254,Monday,60,6,0.1
ENHS_SYN_0254,Thursday,60,7,0.1167
ENHS_SYN_0254,Tuesday,60,9,0.15
ENHS_SYN_0254,Wednesday,60,5,0.0833
ENHS_SYN_0255,Friday,60,13,0.2167
ENHS_SYN_0255,Monday,60,16,0.2667
ENHS_SYN_0255,Thursday,60,11,0.1833
ENHS_SYN_0255,Tuesday,60,14,0.2333
ENHS_SYN_0255,Wednesday,60,16,0.2667
ENHS_SYN_0256,Friday,60,4,0.0667
ENHS_SYN_0256,Monday,60,10,0.1667
ENHS_SYN_0256,Thursday,60,8,0.1333
ENHS_SYN_0256,Tuesday,60,11,0.1833
ENHS_SYN_0256,Wednesday,60,11,0.1833
ENHS_SYN_0257,Friday,60,11,0.1833
ENHS_SYN_0257,Monday,60,14,0.2333
ENHS_SYN_0257,Thursday,60,15,0.25
ENHS_SYN_0257,Tuesday,60,9,0.15
ENHS_SYN_0257,Wednesday,60,19,0.3167
ENHS_SYN_0258,Friday,60,10,0.1667
ENHS_SYN_0258,Monday,60,8,0.1333
ENHS_SYN_0258,Thursday,60,9,0.15
ENHS_SYN_0258,Tuesday,60,11,0.1833
ENHS_SYN_0258,Wednesday,60,14,0.2333
ENHS_SYN_0259,Friday,60,3,0.05
ENHS_SYN_0259,Monday,60,8,0.1333
ENHS_SYN_0259,Thursday,59,1,0.0169
ENHS_SYN_0259,Tuesday,60,5,0.0833
ENHS_SYN_0259,Wednesday,60,5,0.0833
ENHS_SYN_0260,Friday,60,12,0.2
ENHS_SYN_0260,Monday,60,15,0.25
ENHS_SYN_0260,Thursday,60,15,0.25
ENHS_SYN_0260,Tuesday,60,8,0.1333
ENHS_SYN_0260,Wednesday,60,11,0.1833
ENHS_SYN_0261,Friday,60,14,0.2333
ENHS_SYN_0261,Monday,60,14,0.2333
ENHS_SYN_0261,Thursday,60,15,0.25
ENHS_SYN_0261,Tuesday,60,13,0.2167
ENHS_SYN_0261,Wednesday,60,11,0.1833
ENHS_SYN_0262,Friday,59,9,0.1525
ENHS_SYN_0262,Monday,60,9,0.15
ENHS_SYN_0262,Thursday,60,3,0.05
ENHS_SYN_0262,Tuesday,59,5,0.0847
ENHS_SYN_0262,Wednesday,60,10,0.1667
ENHS_SYN_0263,Friday,60,7,0.1167
ENHS_SYN_0263,Monday,60,12,0.2
ENHS_SYN_0263,Thursday,60,9,0.15
ENHS_SYN_0263,Tuesday,60,6,0.1
ENHS_SYN_0263,Wednesday,60,10,0.1667
ENHS_SYN_0264,Friday,60,21,0.35
ENHS_SYN_0264,Monday,60,22,0.3667
ENHS_SYN_0264,Thursday,60,20,0.3333
ENHS_SYN_0264,Tuesday,59,12,0.2034
ENHS_SYN_0264,Wednesday,60,19,0.3167
ENHS_SYN_0265,Friday,60,13,0.2167
ENHS_SYN_0265,Monday,60,10,0.1667
ENHS_SYN_0265,Thursday,60,14,0.2333
ENHS_SYN_0265,Tuesday,60,12,0.2
ENHS_SYN_0265,Wednesday,60,12,0.2
ENHS_SYN_0266,Friday,60,7,0.1167
ENHS_SYN_0266,Monday,60,5,0.0833
ENHS_SYN_0266,Thursday,59,2,0.0339
ENHS_SYN_0266,Tuesday,60,5,0.0833
ENHS_SYN_0266,Wednesday,60,4,0.0667
ENHS_SYN_0267,Friday,60,21,0.35
ENHS_SYN_0267,Monday,60,18,0.3
ENHS_SYN_0267,Thursday,60,16,0.2667
ENHS_SYN_0267,Tuesday,60,13,0.2167
ENHS_SYN_0267,Wednesday,60,16,0.2667
ENHS_SYN_0268,Friday,60,9,0.15
ENHS_SYN_0268,Monday,60,11,0.1833
ENHS_SYN_0268,Thursday,60,9,0.15
ENHS_SYN_0268,Tuesday,60,12,0.2
ENHS_SYN_0268,Wednesday,60,8,0.1333
ENHS_SYN_0269,Friday,60,14,0.2333
ENHS_SYN_0269,Monday,59,9,0.1525
ENHS_SYN_0269,Thursday,60,9,0.15
ENHS_SYN_0269,Tuesday,60,7,0.1167
ENHS_SYN_0269,Wednesday,60,11,0.1833
ENHS_SYN_0270,Friday,59,4,0.0678
ENHS_SYN_0270,Monday,60,3,0.05
ENHS_SYN_0270,Thursday,60,4,0.0667
ENHS_SYN_0270,Tuesday,60,1,0.0167
ENHS_SYN_0270,Wednesday,60,3,0.05
ENHS_SYN_0271,Friday,60,8,0.1333
ENHS_SYN_0271,Monday,60,6,0.1
ENHS_SYN_0271,Thursday,60,5,0.0833
ENHS_SYN_0271,Tuesday,60,9,0.15
ENHS_SYN_0271,Wednesday,60,4,0.0667
ENHS_SYN_0272,Friday,60,3,0.05
ENHS_SYN_0272,Monday,60,4,0.0667
ENHS_SYN_0272,Thursday,60,9,0.15
ENHS_SYN_0272,Tuesday,60,5,0.0833
ENHS_SYN_0272,Wednesday,60,4,0.0667
ENHS_SYN_0273,Friday,60,3,0.05
ENHS_SYN_0273,Monday,60,5,0.0833
ENHS_SYN_0273,Thursday,60,2,0.0333
ENHS_SYN_0273,Tuesday,60,7,0.1167
ENHS_SYN_0273,Wednesday,60,3,0.05
ENHS_SYN_0274,Friday,60,8,0.1333
ENHS_SYN_0274,Monday,60,17,0.2833
ENHS_SYN_0274,Thursday,60,12,0.2
ENHS_SYN_0274,Tuesday,60,12,0.2
ENHS_SYN_0274,Wednesday,60,10,0.1667
ENHS_SYN_0275,Friday,60,9,0.15
ENHS_SYN_0275,Monday,60,14,0.2333
ENHS_SYN_0275,Thursday,60,8,0.1333
ENHS_SYN_0275,Tuesday,60,15,0.25
ENHS_SYN_0275,Wednesday,60,10,0.1667
ENHS_SYN_0276,Friday,60,7,0.1167
ENHS_SYN_0276,Monday,60,4,0.0667
ENHS_SYN_0276,Thursday,60,3,0.05
ENHS_SYN_0276,Tuesday,60,6,0.1
ENHS_SYN_0276,Wednesday,60,5,0.0833
ENHS_SYN_0277,Friday,60,3,0.05
ENHS_SYN_0277,Monday,60,5,0.0833
ENHS_SYN_0277,Thursday,60,3,0.05
ENHS_SYN_0277,Tuesday,60,2,0.0333
ENHS_SYN_0277,Wednesday,60,4,0.0667
ENHS_SYN_0278,Friday,60,6,0.1
ENHS_SYN_0278,Monday,60,9,0.15
ENHS_SYN_0278,Thursday,60,7,0.1167
ENHS_SYN_0278,Tuesday,60,4,0.0667
ENHS_SYN_0278,Wednesday,60,10,0.1667
ENHS_SYN_0279,Friday,60,4,0.0667
ENHS_SYN_0279,Monday,60,4,0.0667
ENHS_SYN_0279,Thursday,60,9,0.15
ENHS_SYN_0279,Tuesday,60,7,0.1167
ENHS_SYN_0279,Wednesday,60,10,0.1667
ENHS_SYN_0280,Friday,60,2,0.0333
ENHS_SYN_0280,Monday,59,2,0.0339
ENHS_SYN_0280,Thursday,60,2,0.0333
ENHS_SYN_0280,Tuesday,60,0,0.0
ENHS_SYN_0280,Wednesday,60,2,0.0333
ENHS_SYN_0281,Friday,60,3,0.05
ENHS_SYN_0281,Monday,60,3,0.05
ENHS_SYN_0281,Thursday,60,6,0.1
ENHS_SYN_0281,Tuesday,60,6,0.1
ENHS_SYN_0281,Wednesday,60,5,0.0833
ENHS_SYN_0282,Friday,60,4,0.0667
ENHS_SYN_0282,Monday,60,9,0.15
ENHS_SYN_0282,Thursday,60,7,0.1167
ENHS_SYN_0282,Tuesday,60,6,0.1
ENHS_SYN_0282,Wednesday,60,8,0.1333
ENHS_SYN_0283,Friday,60,8,0.1333
ENHS_SYN_0283,Monday,60,2,0.0333
ENHS_SYN_0283,Thursday,59,4,0.0678
ENHS_SYN_0283,Tuesday,60,1,0.0167
ENHS_SYN_0283,Wednesday,60,1,0.0167
ENHS_SYN_0284,Friday,60,8,0.1333
ENHS_SYN_0284,Monday,60,4,0.0667
ENHS_SYN_0284,Thursday,60,13,0.2167
ENHS_SYN_0284,Tuesday,60,6,0.1
ENHS_SYN_0284,Wednesday,60,9,0.15
ENHS_SYN_0285,Friday,60,9,0.15
ENHS_SYN_0285,Monday,60,7,0.1167
ENHS_SYN_0285,Thursday,59,9,0.1525
ENHS_SYN_0285,Tuesday,60,8,0.1333
ENHS_SYN_0285,Wednesday,60,11,0.1833
ENHS_SYN_0286,Friday,60,3,0.05
ENHS_SYN_0286,Monday,60,2,0.0333
ENHS_SYN_0286,Thursday,60,1,0.0167
ENHS_SYN_0286,Tuesday,60,3,0.05
ENHS_SYN_0286,Wednesday,60,3,0.05
ENHS_SYN_0287,Friday,60,3,0.05
ENHS_SYN_0287,Monday,60,4,0.0667
ENHS_SYN_0287,Thursday,60,1,0.0167
ENHS_SYN_0287,Tuesday,60,4,0.0667
ENHS_SYN_0287,Wednesday,60,3,0.05
ENHS_SYN_0288,Friday,60,9,0.15
ENHS_SYN_0288,Monday,60,11,0.1833
ENHS_SYN_0288,Thursday,60,10,0.1667
ENHS_SYN_0288,Tuesday,60,13,0.2167
ENHS_SYN_0288,Wednesday,60,14,0.2333
ENHS_SYN_0289,Friday,60,7,0.1167
ENHS_SYN_0289,Monday,60,4,0.0667
ENHS_SYN_0289,Thursday,60,7,0.1167
ENHS_SYN_0289,Tuesday,59,7,0.1186
ENHS_SYN_0289,Wednesday,60,7,0.1167
ENHS_SYN_0290,Friday,60,3,0.05
ENHS_SYN_0290,Monday,60,2,0.0333
ENHS_SYN_0290,Thursday,60,5,0.0833
ENHS_SYN_0290,Tuesday,60,6,0.1
ENHS_SYN_0290,Wednesday,60,6,0.1
ENHS_SYN_0291,Friday,59,3,0.0508
ENHS_SYN_0291,Monday,59,2,0.0339
ENHS_SYN_0291,Thursday,60,4,0.0667
ENHS_SYN_0291,Tuesday,60,2,0.0333
ENHS_SYN_0291,Wednesday,60,2,0.0333
ENHS_SYN_0292,Friday,60,9,0.15
ENHS_SYN_0292,Monday,60,9,0.15
ENHS_SYN_0292,Thursday,60,11,0.1833
ENHS_SYN_0292,Tuesday,60,12,0.2
ENHS_SYN_0292,Wednesday,60,10,0.1667
ENHS_SYN_0293,Friday,60,7,0.1167
ENHS_SYN_0293,Monday,60,8,0.1333
ENHS_SYN_0293,Thursday,59,8,0.1356
ENHS_SYN_0293,Tuesday,60,6,0.1
ENHS_SYN_0293,Wednesday,60,9,0.15
ENHS_SYN_0294,Friday,60,12,0.2
ENHS_SYN_0294,Monday,60,13,0.2167
ENHS_SYN_0294,Thursday,60,13,0.2167
ENHS_SYN_0294,Tuesday,60,18,0.3
ENHS_SYN_0294,Wednesday,60,10,0.1667
ENHS_SYN_0295,Friday,60,5,0.0833
ENHS_SYN_0295,Monday,60,4,0.0667
ENHS_SYN_0295,Thursday,60,0,0.0
ENHS_SYN_0295,Tuesday,59,3,0.0508
ENHS_SYN_0295,Wednesday,60,4,0.0667
ENHS_SYN_0296,Friday,59,5,0.0847
ENHS_SYN_0296,Monday,60,8,0.1333
ENHS_SYN_0296,Thursday,60,3,0.05
ENHS_SYN_0296,Tuesday,60,4,0.0667
ENHS_SYN_0296,Wednesday,60,2,0.0333
ENHS_SYN_0297,Friday,60,10,0.1667
ENHS_SYN_0297,Monday,60,1,0.0167
ENHS_SYN_0297,Thursday,60,4,0.0667
ENHS_SYN_0297,Tuesday,60,5,0.0833
ENHS_SYN_0297,Wednesday,60,5,0.0833
ENHS_SYN_0298,Friday,59,5,0.0847
ENHS_SYN_0298,Monday,60,4,0.0667
ENHS_SYN_0298,Thursday,60,5,0.0833
ENHS_SYN_0298,Tuesday,59,4,0.0678
ENHS_SYN_0298,Wednesday,60,4,0.0667
ENHS_SYN_0299,Friday,60,6,0.1
ENHS_SYN_0299,Monday,60,5,0.0833
ENHS_SYN_0299,Thursday,60,3,0.05
ENHS_SYN_0299,Tuesday,60,2,0.0333
ENHS_SYN_0299,Wednesday,60,4,0.0667
ENHS_SYN_0300,Friday,60,24,0.4
ENHS_SYN_0300,Monday,60,15,0.25
ENHS_SYN_0300,Thursday,60,11,0.1833
ENHS_SYN_0300,Tuesday,60,15,0.25
ENHS_SYN_0300,Wednesday,60,10,0.1667
ENHS_SYN_0301,Friday,60,7,0.1167
ENHS_SYN_0301,Monday,60,3,0.05
ENHS_SYN_0301,Thursday,60,5,0.0833
ENHS_SYN_0301,Tuesday,60,7,0.1167
ENHS_SYN_0301,Wednesday,60,7,0.1167
ENHS_SYN_0302,Friday,58,10,0.1724
ENHS_SYN_0302,Monday,60,9,0.15
ENHS_SYN_0302,Thursday,60,6,0.1
ENHS_SYN_0302,Tuesday,60,17,0.2833
ENHS_SYN_0302,Wednesday,60,11,0.1833
ENHS_SYN_0303,Friday,60,3,0.05
ENHS_SYN_0303,Monday,60,7,0.1167
ENHS_SYN_0303,Thursday,60,10,0.1667
ENHS_SYN_0303,Tuesday,60,15,0.25
ENHS_SYN_0303,Wednesday,60,6,0.1
ENHS_SYN_0304,Friday,60,8,0.1333
ENHS_SYN_0304,Monday,60,4,0.0667
ENHS_SYN_0304,Thursday,60,7,0.1167
ENHS_SYN_0304,Tuesday,60,5,0.0833
ENHS_SYN_0304,Wednesday,60,9,0.15
ENHS_SYN_0305,Friday,60,12,0.2
ENHS_SYN_0305,Monday,60,9,0.15
ENHS_SYN_0305,Thursday,60,12,0.2
ENHS_SYN_0305,Tuesday,60,10,0.1667
ENHS_SYN_0305,Wednesday,60,7,0.1167
ENHS_SYN_0306,Friday,59,17,0.2881
ENHS_SYN_0306,Monday,60,19,0.3167
ENHS_SYN_0306,Thursday,60,13,0.2167
ENHS_SYN_0306,Tuesday,60,10,0.1667
ENHS_SYN_0306,Wednesday,60,14,0.2333
ENHS_SYN_0307,Friday,60,4,0.0667
ENHS_SYN_0307,Monday,59,6,0.1017
ENHS_SYN_0307,Thursday,60,6,0.1
ENHS_SYN_0307,Tuesday,60,5,0.0833
ENHS_SYN_0307,Wednesday,60,6,0.1
ENHS_SYN_0308,Friday,60,3,0.05
ENHS_SYN_0308,Monday,60,2,0.0333
ENHS_SYN_0308,Thursday,60,1,0.0167
ENHS_SYN_0308,Tuesday,60,3,0.05
ENHS_SYN_0308,Wednesday,59,1,0.0169
ENHS_SYN_0309,Friday,60,4,0.0667
ENHS_SYN_0309,Monday,60,7,0.1167
ENHS_SYN_0309,Thursday,60,7,0.1167
ENHS_SYN_0309,Tuesday,60,6,0.1
ENHS_SYN_0309,Wednesday,60,6,0.1
ENHS_SYN_0310,Friday,60,10,0.1667
ENHS_SYN_0310,Monday,60,17,0.2833
ENHS_SYN_0310,Thursday,60,11,0.1833
ENHS_SYN_0310,Tuesday,60,8,0.1333
ENHS_SYN_0310,Wednesday,60,12,0.2
ENHS_SYN_0311,Friday,60,12,0.2
ENHS_SYN_0311,Monday,60,6,0.1
ENHS_SYN_0311,Thursday,60,5,0.0833
ENHS_SYN_0311,Tuesday,60,5,0.0833
ENHS_SYN_0311,Wednesday,60,8,0.1333
ENHS_SYN_0312,Friday,60,12,0.2
ENHS_SYN_0312,Monday,60,5,0.0833
ENHS_SYN_0312,Thursday,60,11,0.1833
ENHS_SYN_0312,Tuesday,60,13,0.2167
ENHS_SYN_0312,Wednesday,60,12,0.2
ENHS_SYN_0313,Friday,60,9,0.15
ENHS_SYN_0313,Monday,60,8,0.1333
ENHS_SYN_0313,Thursday,60,14,0.2333
ENHS_SYN_0313,Tuesday,59,8,0.1356
ENHS_SYN_0313,Wednesday,60,11,0.1833
ENHS_SYN_0314,Friday,60,7,0.1167
ENHS_SYN_0314,Monday,59,1,0.0169
ENHS_SYN_0314,Thursday,60,7,0.1167
ENHS_SYN_0314,Tuesday,60,4,0.0667
ENHS_SYN_0314,Wednesday,60,0,0.0
ENHS_SYN_0315,Friday,60,6,0.1
ENHS_SYN_0315,Monday,60,6,0.1
ENHS_SYN_0315,Thursday,60,3,0.05
ENHS_SYN_0315,Tuesday,60,3,0.05
ENHS_SYN_0315,Wednesday,60,1,0.0167
ENHS_SYN_0316,Friday,60,4,0.0667
ENHS_SYN_0316,Monday,60,5,0.0833
ENHS_SYN_0316,Thursday,60,3,0.05
ENHS_SYN_0316,Tuesday,60,1,0.0167
ENHS_SYN_0316,Wednesday,60,5,0.0833
ENHS_SYN_0317,Friday,60,3,0.05
ENHS_SYN_0317,Monday,60,5,0.0833
ENHS_SYN_0317,Thursday,60,3,0.05
ENHS_SYN_0317,Tuesday,60,2,0.0333
ENHS_SYN_0317,Wednesday,60,5,0.0833
ENHS_SYN_0318,Friday,60,3,0.05
ENHS_SYN_0318,Monday,60,3,0.05
ENHS_SYN_0318,Thursday,59,1,0.0169
ENHS_SYN_0318,Tuesday,60,0,0.0
ENHS_SYN_0318,Wednesday,60,2,0.0333
ENHS_SYN_0319,Friday,60,17,0.2833
ENHS_SYN_0319,Monday,60,10,0.1667
ENHS_SYN_0319,Thursday,60,10,0.1667
ENHS_SYN_0319,Tuesday,60,14,0.2333
ENHS_SYN_0319,Wednesday,60,15,0.25
ENHS_SYN_0320,Friday,60,12,0.2
ENHS_SYN_0320,Monday,60,5,0.0833
ENHS_SYN_0320,Thursday,60,11,0.1833
ENHS_SYN_0320,Tuesday,59,7,0.1186
ENHS_SYN_0320,Wednesday,60,6,0.1
ENHS_SYN_0321,Friday,59,2,0.0339
ENHS_SYN_0321,Monday,60,4,0.0667
ENHS_SYN_0321,Thursday,59,1,0.0169
ENHS_SYN_0321,Tuesday,60,3,0.05
ENHS_SYN_0321,Wednesday,60,1,0.0167
ENHS_SYN_0322,Friday,60,6,0.1
ENHS_SYN_0322,Monday,60,2,0.0333
ENHS_SYN_0322,Thursday,60,1,0.0167
ENHS_SYN_0322,Tuesday,60,6,0.1
ENHS_SYN_0322,Wednesday,59,0,0.0
ENHS_SYN_0323,Friday,60,11,0.1833
ENHS_SYN_0323,Monday,60,10,0.1667
ENHS_SYN_0323,Thursday,60,9,0.15
ENHS_SYN_0323,Tuesday,60,7,0.1167
ENHS_SYN_0323,Wednesday,60,7,0.1167
ENHS_SYN_0324,Friday,60,24,0.4
ENHS_SYN_0324,Monday,60,17,0.2833
ENHS_SYN_0324,Thursday,60,15,0.25
ENHS_SYN_0324,Tuesday,60,17,0.2833
ENHS_SYN_0324,Wednesday,60,12,0.2
ENHS_SYN_0325,Friday,59,8,0.1356
ENHS_SYN_0325,Monday,60,5,0.0833
ENHS_SYN_0325,Thursday,59,2,0.0339
ENHS_SYN_0325,Tuesday,60,10,0.1667
ENHS_SYN_0325,Wednesday,60,5,0.0833
ENHS_SYN_0326,Friday,60,5,0.0833
ENHS_SYN_0326,Monday,60,10,0.1667
ENHS_SYN_0326,Thursday,60,3,0.05
ENHS_SYN_0326,Tuesday,60,8,0.1333
ENHS_SYN_0326,Wednesday,59,3,0.0508
ENHS_SYN_0327,Friday,60,6,0.1
ENHS_SYN_0327,Monday,60,9,0.15
ENHS_SYN_0327,Thursday,60,6,0.1
ENHS_SYN_0327,Tuesday,60,9,0.15
ENHS_SYN_0327,Wednesday,60,10,0.1667
ENHS_SYN_0328,Friday,60,2,0.0333
ENHS_SYN_0328,Monday,60,6,0.1
ENHS_SYN_0328,Thursday,60,5,0.0833
ENHS_SYN_0328,Tuesday,60,0,0.0
ENHS_SYN_0328,Wednesday,60,3,0.05
ENHS_SYN_0329,Friday,60,12,0.2
ENHS_SYN_0329,Monday,59,13,0.2203
ENHS_SYN_0329,Thursday,59,11,0.1864
ENHS_SYN_0329,Tuesday,60,15,0.25
ENHS_SYN_0329,Wednesday,58,11,0.1897
ENHS_SYN_0330,Friday,60,15,0.25
ENHS_SYN_0330,Monday,60,11,0.1833
ENHS_SYN_0330,Thursday,60,15,0.25
ENHS_SYN_0330,Tuesday,59,13,0.2203
ENHS_SYN_0330,Wednesday,60,13,0.2167
ENHS_SYN_0331,Friday,60,17,0.2833
ENHS_SYN_0331,Monday,59,10,0.1695
ENHS_SYN_0331,Thursday,60,17,0.2833
ENHS_SYN_0331,Tuesday,60,17,0.2833
ENHS_SYN_0331,Wednesday,59,13,0.2203
ENHS_SYN_0332,Friday,60,16,0.2667
ENHS_SYN_0332,Monday,60,11,0.1833
ENHS_SYN_0332,Thursday,60,10,0.1667
ENHS_SYN_0332,Tuesday,60,9,0.15
ENHS_SYN_0332,Wednesday,60,13,0.2167
ENHS_SYN_0333,Friday,60,5,0.0833
ENHS_SYN_0333,Monday,60,5,0.0833
ENHS_SYN_0333,Thursday,60,9,0.15
ENHS_SYN_0333,Tuesday,60,7,0.1167
ENHS_SYN_0333,Wednesday,60,7,0.1167
ENHS_SYN_0334,Friday,59,13,0.2203
ENHS_SYN_0334,Monday,60,18,0.3
ENHS_SYN_0334,Thursday,60,16,0.2667
ENHS_SYN_0334,Tuesday,60,18,0.3
ENHS_SYN_0334,Wednesday,60,18,0.3
ENHS_SYN_0335,Friday,60,1,0.0167
ENHS_SYN_0335,Monday,60,1,0.0167
ENHS_SYN_0335,Thursday,60,1,0.0167
ENHS_SYN_0335,Tuesday,60,4,0.0667
ENHS_SYN_0335,Wednesday,60,1,0.0167
ENHS_SYN_0336,Friday,59,4,0.0678
ENHS_SYN_0336,Monday,60,6,0.1
ENHS_SYN_0336,Thursday,60,5,0.0833
ENHS_SYN_0336,Tuesday,60,1,0.0167
ENHS_SYN_0336,Wednesday,60,3,0.05
ENHS_SYN_0337,Friday,60,6,0.1
ENHS_SYN_0337,Monday,59,9,0.1525
ENHS_SYN_0337,Thursday,60,5,0.0833
ENHS_SYN_0337,Tuesday,60,7,0.1167
ENHS_SYN_0337,Wednesday,60,3,0.05
ENHS_SYN_0338,Friday,60,6,0.1
ENHS_SYN_0338,Monday,60,1,0.0167
ENHS_SYN_0338,Thursday,60,5,0.0833
ENHS_SYN_0338,Tuesday,60,7,0.1167
ENHS_SYN_0338,Wednesday,60,5,0.0833
ENHS_SYN_0339,Friday,60,12,0.2
ENHS_SYN_0339,Monday,60,11,0.1833
ENHS_SYN_0339,Thursday,60,4,0.0667
ENHS_SYN_0339,Tuesday,60,8,0.1333
ENHS_SYN_0339,Wednesday,60,9,0.15
ENHS_SYN_0340,Friday,60,5,0.0833
ENHS_SYN_0340,Monday,60,6,0.1
ENHS_SYN_0340,Thursday,60,11,0.1833
ENHS_SYN_0340,Tuesday,60,7,0.1167
ENHS_SYN_0340,Wednesday,60,5,0.0833
ENHS_SYN_0341,Friday,59,18,0.3051
ENHS_SYN_0341,Monday,60,16,0.2667
ENHS_SYN_0341,Thursday,60,11,0.1833
ENHS_SYN_0341,Tuesday,60,16,0.2667
ENHS_SYN_0341,Wednesday,60,11,0.1833
ENHS_SYN_0342,Friday,59,6,0.1017
ENHS_SYN_0342,Monday,60,4,0.0667
ENHS_SYN_0342,Thursday,60,2,0.0333
ENHS_SYN_0342,Tuesday,60,5,0.0833
ENHS_SYN_0342,Wednesday,60,3,0.05
ENHS_SYN_0343,Friday,60,19,0.3167
ENHS_SYN_0343,Monday,60,12,0.2
ENHS_SYN_0343,Thursday,60,14,0.2333
ENHS_SYN_0343,Tuesday,60,14,0.2333
ENHS_SYN_0343,Wednesday,60,22,0.3667
ENHS_SYN_0344,Friday,60,12,0.2
ENHS_SYN_0344,Monday,60,17,0.2833
ENHS_SYN_0344,Thursday,60,10,0.1667
ENHS_SYN_0344,Tuesday,60,17,0.2833
ENHS_SYN_0344,Wednesday,60,12,0.2
ENHS_SYN_0345,Friday,60,7,0.1167
ENHS_SYN_0345,Monday,60,3,0.05
ENHS_SYN_0345,Thursday,60,5,0.0833
ENHS_SYN_0345,Tuesday,60,7,0.1167
ENHS_SYN_0345,Wednesday,60,7,0.1167
ENHS_SYN_0346,Friday,60,7,0.1167
ENHS_SYN_0346,Monday,60,6,0.1
ENHS_SYN_0346,Thursday,60,6,0.1
ENHS_SYN_0346,Tuesday,60,5,0.0833
ENHS_SYN_0346,Wednesday,60,3,0.05
ENHS_SYN_0347,Friday,60,14,0.2333
ENHS_SYN_0347,Monday,60,10,0.1667
ENHS_SYN_0347,Thursday,60,7,0.1167
ENHS_SYN_0347,Tuesday,60,9,0.15
ENHS_SYN_0347,Wednesday,60,11,0.1833
ENHS_SYN_0348,Friday,60,13,0.2167
ENHS_SYN_0348,Monday,60,11,0.1833
ENHS_SYN_0348,Thursday,60,5,0.0833
ENHS_SYN_0348,Tuesday,60,14,0.2333
ENHS_SYN_0348,Wednesday,60,10,0.1667
ENHS_SYN_0349,Friday,60,7,0.1167
ENHS_SYN_0349,Monday,60,6,0.1
ENHS_SYN_0349,Thursday,59,6,0.1017
ENHS_SYN_0349,Tuesday,60,7,0.1167
ENHS_SYN_0349,Wednesday,60,6,0.1
ENHS_SYN_0350,Friday,59,12,0.2034
ENHS_SYN_0350,Monday,60,10,0.1667
ENHS_SYN_0350,Thursday,60,6,0.1
ENHS_SYN_0350,Tuesday,60,6,0.1
ENHS_SYN_0350,Wednesday,60,9,0.15
ENHS_SYN_0351,Friday,60,5,0.0833
ENHS_SYN_0351,Monday,60,8,0.1333
ENHS_SYN_0351,Thursday,59,5,0.0847
ENHS_SYN_0351,Tuesday,60,4,0.0667
ENHS_SYN_0351,Wednesday,60,5,0.0833
ENHS_SYN_0352,Friday,60,9,0.15
ENHS_SYN_0352,Monday,60,8,0.1333
ENHS_SYN_0352,Thursday,60,10,0.1667
ENHS_SYN_0352,Tuesday,60,11,0.1833
ENHS_SYN_0352,Wednesday,59,8,0.1356
ENHS_SYN_0353,Friday,59,8,0.1356
ENHS_SYN_0353,Monday,59,5,0.0847
ENHS_SYN_0353,Thursday,60,7,0.1167
ENHS_SYN_0353,Tuesday,60,7,0.1167
ENHS_SYN_0353,Wednesday,60,5,0.0833
ENHS_SYN_0354,Friday,60,2,0.0333
ENHS_SYN_0354,Monday,60,8,0.1333
ENHS_SYN_0354,Thursday,59,5,0.0847
ENHS_SYN_0354,Tuesday,60,1,0.0167
ENHS_SYN_0354,Wednesday,60,3,0.05
ENHS_SYN_0355,Friday,60,3,0.05
ENHS_SYN_0355,Monday,60,1,0.0167
ENHS_SYN_0355,Thursday,59,0,0.0
ENHS_SYN_0355,Tuesday,60,0,0.0
ENHS_SYN_0355,Wednesday,60,1,0.0167
ENHS_SYN_0356,Friday,60,15,0.25
ENHS_SYN_0356,Monday,60,12,0.2
ENHS_SYN_0356,Thursday,60,14,0.2333
ENHS_SYN_0356,Tuesday,60,12,0.2
ENHS_SYN_0356,Wednesday,59,10,0.1695
ENHS_SYN_0357,Friday,60,18,0.3
ENHS_SYN_0357,Monday,60,10,0.1667
ENHS_SYN_0357,Thursday,60,17,0.2833
ENHS_SYN_0357,Tuesday,60,13,0.2167
ENHS_SYN_0357,Wednesday,60,17,0.2833
ENHS_SYN_0358,Friday,60,2,0.0333
ENHS_SYN_0358,Monday,59,5,0.0847
ENHS_SYN_0358,Thursday,60,6,0.1
ENHS_SYN_0358,Tuesday,60,7,0.1167
ENHS_SYN_0358,Wednesday,60,10,0.1667
ENHS_SYN_0359,Friday,60,6,0.1
ENHS_SYN_0359,Monday,60,5,0.0833
ENHS_SYN_0359,Thursday,60,4,0.0667
ENHS_SYN_0359,Tuesday,60,7,0.1167
ENHS_SYN_0359,Wednesday,60,4,0.0667
ENHS_SYN_0360,Friday,60,20,0.3333
ENHS_SYN_0360,Monday,60,15,0.25
ENHS_SYN_0360,Thursday,60,13,0.2167
ENHS_SYN_0360,Tuesday,60,17,0.2833
ENHS_SYN_0360,Wednesday,60,24,0.4
ENHS_SYN_0361,Friday,60,1,0.0167
ENHS_SYN_0361,Monday,60,1,0.0167
ENHS_SYN_0361,Thursday,60,2,0.0333
ENHS_SYN_0361,Tuesday,60,1,0.0167
ENHS_SYN_0361,Wednesday,60,3,0.05
ENHS_SYN_0362,Friday,60,12,0.2
ENHS_SYN_0362,Monday,60,16,0.2667
ENHS_SYN_0362,Thursday,60,10,0.1667
ENHS_SYN_0362,Tuesday,60,9,0.15
ENHS_SYN_0362,Wednesday,60,13,0.2167
ENHS_SYN_0363,Friday,60,8,0.1333
ENHS_SYN_0363,Monday,60,18,0.3
ENHS_SYN_0363,Thursday,60,15,0.25
ENHS_SYN_0363,Tuesday,60,9,0.15
ENHS_SYN_0363,Wednesday,60,7,0.1167
ENHS_SYN_0364,Friday,60,11,0.1833
ENHS_SYN_0364,Monday,60,5,0.0833
ENHS_SYN_0364,Thursday,60,3,0.05
ENHS_SYN_0364,Tuesday,60,4,0.0667
ENHS_SYN_0364,Wednesday,60,7,0.1167
ENHS_SYN_0365,Friday,60,5,0.0833
ENHS_SYN_0365,Monday,59,0,0.0
ENHS_SYN_0365,Thursday,60,0,0.0
ENHS_SYN_0365,Tuesday,60,4,0.0667
ENHS_SYN_0365,Wednesday,60,3,0.05
ENHS_SYN_0366,Friday,60,9,0.15
ENHS_SYN_0366,Monday,60,9,0.15
ENHS_SYN_0366,Thursday,60,5,0.0833
ENHS_SYN_0366,Tuesday,60,7,0.1167
ENHS_SYN_0366,Wednesday,60,4,0.0667
ENHS_SYN_0367,Friday,60,4,0.0667
ENHS_SYN_0367,Monday,60,5,0.0833
ENHS_SYN_0367,Thursday,60,5,0.0833
ENHS_SYN_0367,Tuesday,60,2,0.0333
ENHS_SYN_0367,Wednesday,60,3,0.05
ENHS_SYN_0368,Friday,60,11,0.1833
ENHS_SYN_0368,Monday,60,3,0.05
ENHS_SYN_0368,Thursday,60,7,0.1167
ENHS_SYN_0368,Tuesday,60,5,0.0833
ENHS_SYN_0368,Wednesday,60,8,0.1333
ENHS_SYN_0369,Friday,60,10,0.1667
ENHS_SYN_0369,Monday,60,15,0.25
ENHS_SYN_0369,Thursday,60,19,0.3167
ENHS_SYN_0369,Tuesday,60,8,0.1333
ENHS_SYN_0369,Wednesday,60,12,0.2
ENHS_SYN_0370,Friday,60,13,0.2167
ENHS_SYN_0370,Monday,60,10,0.1667
ENHS_SYN_0370,Thursday,60,8,0.1333
ENHS_SYN_0370,Tuesday,59,8,0.1356
ENHS_SYN_0370,Wednesday,60,13,0.2167
ENHS_SYN_0371,Friday,60,13,0.2167
ENHS_SYN_0371,Monday,60,14,0.2333
ENHS_SYN_0371,Thursday,60,10,0.1667
ENHS_SYN_0371,Tuesday,60,15,0.25
ENHS_SYN_0371,Wednesday,60,6,0.1
ENHS_SYN_0372,Friday,60,13,0.2167
ENHS_SYN_0372,Monday,59,13,0.2203
ENHS_SYN_0372,Thursday,60,17,0.2833
ENHS_SYN_0372,Tuesday,60,10,0.1667
ENHS_SYN_0372,Wednesday,60,17,0.2833
ENHS_SYN_0373,Friday,60,0,0.0
ENHS_SYN_0373,Monday,60,2,0.0333
ENHS_SYN_0373,Thursday,60,1,0.0167
ENHS_SYN_0373,Tuesday,60,2,0.0333
ENHS_SYN_0373,Wednesday,60,0,0.0
ENHS_SYN_0374,Friday,60,3,0.05
ENHS_SYN_0374,Monday,59,4,0.0678
ENHS_SYN_0374,Thursday,60,2,0.0333
ENHS_SYN_0374,Tuesday,60,5,0.0833
ENHS_SYN_0374,Wednesday,60,2,0.0333
ENHS_SYN_0375,Friday,60,5,0.0833
ENHS_SYN_0375,Monday,60,4,0.0667
ENHS_SYN_0375,Thursday,60,5,0.0833
ENHS_SYN_0375,Tuesday,60,7,0.1167
ENHS_SYN_0375,Wednesday,60,1,0.0167
ENHS_SYN_0376,Friday,60,16,0.2667
ENHS_SYN_0376,Monday,60,14,0.2333
ENHS_SYN_0376,Thursday,60,13,0.2167
ENHS_SYN_0376,Tuesday,60,11,0.1833
ENHS_SYN_0376,Wednesday,60,16,0.2667
ENHS_SYN_0377,Friday,60,2,0.0333
ENHS_SYN_0377,Monday,60,4,0.0667
ENHS_SYN_0377,Thursday,60,4,0.0667
ENHS_SYN_0377,Tuesday,60,6,0.1
ENHS_SYN_0377,Wednesday,60,7,0.1167
ENHS_SYN_0378,Friday,60,16,0.2667
ENHS_SYN_0378,Monday,60,12,0.2
ENHS_SYN_0378,Thursday,59,9,0.1525
ENHS_SYN_0378,Tuesday,60,6,0.1
ENHS_SYN_0378,Wednesday,60,13,0.2167
ENHS_SYN_0379,Friday,60,7,0.1167
ENHS_SYN_0379,Monday,60,5,0.0833
ENHS_SYN_0379,Thursday,60,6,0.1
ENHS_SYN_0379,Tuesday,60,6,0.1
ENHS_SYN_0379,Wednesday,60,1,0.0167
ENHS_SYN_0380,Friday,60,9,0.15
ENHS_SYN_0380,Monday,60,6,0.1
ENHS_SYN_0380,Thursday,60,9,0.15
ENHS_SYN_0380,Tuesday,60,15,0.25
ENHS_SYN_0380,Wednesday,60,9,0.15
ENHS_SYN_0381,Friday,60,19,0.3167
ENHS_SYN_0381,Monday,60,14,0.2333
ENHS_SYN_0381,Thursday,60,19,0.3167
ENHS_SYN_0381,Tuesday,60,12,0.2
ENHS_SYN_0381,Wednesday,60,10,0.1667
ENHS_SYN_0382,Friday,60,5,0.0833
ENHS_SYN_0382,Monday,59,8,0.1356
ENHS_SYN_0382,Thursday,60,1,0.0167
ENHS_SYN_0382,Tuesday,60,4,0.0667
ENHS_SYN_0382,Wednesday,59,4,0.0678
ENHS_SYN_0383,Friday,59,5,0.0847
ENHS_SYN_0383,Monday,60,6,0.1
ENHS_SYN_0383,Thursday,59,3,0.0508
ENHS_SYN_0383,Tuesday,60,2,0.0333
ENHS_SYN_0383,Wednesday,60,4,0.0667
ENHS_SYN_0384,Friday,60,16,0.2667
ENHS_SYN_0384,Monday,60,11,0.1833
ENHS_SYN_0384,Thursday,60,11,0.1833
ENHS_SYN_0384,Tuesday,60,16,0.2667
ENHS_SYN_0384,Wednesday,60,9,0.15
ENHS_SYN_0385,Friday,60,10,0.1667
ENHS_SYN_0385,Monday,60,12,0.2
ENHS_SYN_0385,Thursday,60,7,0.1167
ENHS_SYN_0385,Tuesday,60,12,0.2
ENHS_SYN_0385,Wednesday,60,3,0.05
ENHS_SYN_0386,Friday,60,0,0.0
ENHS_SYN_0386,Monday,60,7,0.1167
ENHS_SYN_0386,Thursday,60,4,0.0667
ENHS_SYN_0386,Tuesday,60,4,0.0667
ENHS_SYN_0386,Wednesday,60,0,0.0
ENHS_SYN_0387,Friday,59,5,0.0847
ENHS_SYN_0387,Monday,60,2,0.0333
ENHS_SYN_0387,Thursday,60,2,0.0333
ENHS_SYN_0387,Tuesday,60,2,0.0333
ENHS_SYN_0387,Wednesday,60,1,0.0167
ENHS_SYN_0388,Friday,60,3,0.05
ENHS_SYN_0388,Monday,60,0,0.0
ENHS_SYN_0388,Thursday,60,0,0.0
ENHS_SYN_0388,Tuesday,60,1,0.0167
ENHS_SYN_0388,Wednesday,60,3,0.05
ENHS_SYN_0389,Friday,60,4,0.0667
ENHS_SYN_0389,Monday,60,8,0.1333
ENHS_SYN_0389,Thursday,60,9,0.15
ENHS_SYN_0389,Tuesday,59,6,0.1017
ENHS_SYN_0389,Wednesday,60,7,0.1167
ENHS_SYN_0390,Friday,60,4,0.0667
ENHS_SYN_0390,Monday,59,7,0.1186
ENHS_SYN_0390,Thursday,60,5,0.0833
ENHS_SYN_0390,Tuesday,60,3,0.05
ENHS_SYN_0390,Wednesday,59,4,0.0678
ENHS_SYN_0391,Friday,60,10,0.1667
ENHS_SYN_0391,Monday,60,10,0.1667
ENHS_SYN_0391,Thursday,60,8,0.1333
ENHS_SYN_0391,Tuesday,60,10,0.1667
ENHS_SYN_0391,Wednesday,60,9,0.15
ENHS_SYN_0392,Friday,60,4,0.0667
ENHS_SYN_0392,Monday,60,2,0.0333
ENHS_SYN_0392,Thursday,60,3,0.05
ENHS_SYN_0392,Tuesday,60,2,0.0333
ENHS_SYN_0392,Wednesday,60,3,0.05
ENHS_SYN_0393,Friday,60,3,0.05
ENHS_SYN_0393,Monday,60,1,0.0167
ENHS_SYN_0393,Thursday,60,2,0.0333
ENHS_SYN_0393,Tuesday,60,0,0.0
ENHS_SYN_0393,Wednesday,60,3,0.05
ENHS_SYN_0394,Friday,60,19,0.3167
ENHS_SYN_0394,Monday,60,20,0.3333
ENHS_SYN_0394,Thursday,59,14,0.2373
ENHS_SYN_0394,Tuesday,60,11,0.1833
ENHS_SYN_0394,Wednesday,60,17,0.2833
ENHS_SYN_0395,Friday,60,14,0.2333
ENHS_SYN_0395,Monday,60,11,0.1833
ENHS_SYN_0395,Thursday,60,10,0.1667
ENHS_SYN_0395,Tuesday,60,14,0.2333
ENHS_SYN_0395,Wednesday,60,10,0.1667
ENHS_SYN_0396,Friday,60,11,0.1833
ENHS_SYN_0396,Monday,60,11,0.1833
ENHS_SYN_0396,Thursday,60,9,0.15
ENHS_SYN_0396,Tuesday,60,9,0.15
ENHS_SYN_0396,Wednesday,60,10,0.1667
ENHS_SYN_0397,Friday,60,7,0.1167
ENHS_SYN_0397,Monday,60,8,0.1333
ENHS_SYN_0397,Thursday,60,7,0.1167
ENHS_SYN_0397,Tuesday,60,4,0.0667
ENHS_SYN_0397,Wednesday,60,6,0.1
ENHS_SYN_0398,Friday,60,4,0.0667
ENHS_SYN_0398,Monday,60,3,0.05
ENHS_SYN_0398,Thursday,60,1,0.0167
ENHS_SYN_0398,Tuesday,60,5,0.0833
ENHS_SYN_0398,Wednesday,60,6,0.1
ENHS_SYN_0399,Friday,60,6,0.1
ENHS_SYN_0399,Monday,60,3,0.05
ENHS_SYN_0399,Thursday,59,3,0.0508
ENHS_SYN_0399,Tuesday,60,6,0.1
ENHS_SYN_0399,Wednesday,60,8,0.1333
ENHS_SYN_0400,Friday,60,3,0.05
ENHS_SYN_0400,Monday,60,4,0.0667
ENHS_SYN_0400,Thursday,60,1,0.0167
ENHS_SYN_0400,Tuesday,60,3,0.05
ENHS_SYN_0400,Wednesday,60,5,0.0833
ENHS_SYN_0401,Friday,60,17,0.2833
ENHS_SYN_0401,Monday,60,13,0.2167
ENHS_SYN_0401,Thursday,60,16,0.2667
ENHS_SYN_0401,Tuesday,59,12,0.2034
ENHS_SYN_0401,Wednesday,60,15,0.25
ENHS_SYN_0402,Friday,60,13,0.2167
ENHS_SYN_0402,Monday,60,11,0.1833
ENHS_SYN_0402,Thursday,60,10,0.1667
ENHS_SYN_0402,Tuesday,60,10,0.1667
ENHS_SYN_0402,Wednesday,60,8,0.1333
ENHS_SYN_0403,Friday,60,7,0.1167
ENHS_SYN_0403,Monday,60,9,0.15
ENHS_SYN_0403,Thursday,60,8,0.1333
ENHS_SYN_0403,Tuesday,59,6,0.1017
ENHS_SYN_0403,Wednesday,60,4,0.0667
ENHS_SYN_0404,Friday,60,5,0.0833
ENHS_SYN_0404,Monday,60,3,0.05
ENHS_SYN_0404,Thursday,60,2,0.0333
ENHS_SYN_0404,Tuesday,60,4,0.0667
ENHS_SYN_0404,Wednesday,60,1,0.0167
ENHS_SYN_0405,Friday,60,6,0.1
ENHS_SYN_0405,Monday,60,5,0.0833
ENHS_SYN_0405,Thursday,60,9,0.15
ENHS_SYN_0405,Tuesday,60,3,0.05
ENHS_SYN_0405,Wednesday,60,4,0.0667
ENHS_SYN_0406,Friday,60,14,0.2333
ENHS_SYN_0406,Monday,60,19,0.3167
ENHS_SYN_0406,Thursday,60,18,0.3
ENHS_SYN_0406,Tuesday,58,17,0.2931
ENHS_SYN_0406,Wednesday,60,17,0.2833
ENHS_SYN_0407,Friday,60,8,0.1333
ENHS_SYN_0407,Monday,60,13,0.2167
ENHS_SYN_0407,Thursday,59,6,0.1017
ENHS_SYN_0407,Tuesday,60,7,0.1167
ENHS_SYN_0407,Wednesday,60,5,0.0833
ENHS_SYN_0408,Friday,60,8,0.1333
ENHS_SYN_0408,Monday,59,5,0.0847
ENHS_SYN_0408,Thursday,60,4,0.0667
ENHS_SYN_0408,Tuesday,59,4,0.0678
ENHS_SYN_0408,Wednesday,60,6,0.1
ENHS_SYN_0409,Friday,60,3,0.05
ENHS_SYN_0409,Monday,60,5,0.0833
ENHS_SYN_0409,Thursday,60,0,0.0
ENHS_SYN_0409,Tuesday,59,1,0.0169
ENHS_SYN_0409,Wednesday,59,2,0.0339
ENHS_SYN_0410,Friday,60,19,0.3167
ENHS_SYN_0410,Monday,60,24,0.4
ENHS_SYN_0410,Thursday,60,20,0.3333
ENHS_SYN_0410,Tuesday,60,12,0.2
ENHS_SYN_0410,Wednesday,60,22,0.3667
ENHS_SYN_0411,Friday,60,3,0.05
ENHS_SYN_0411,Monday,60,2,0.0333
ENHS_SYN_0411,Thursday,60,12,0.2
ENHS_SYN_0411,Tuesday,60,11,0.1833
ENHS_SYN_0411,Wednesday,60,7,0.1167
ENHS_SYN_0412,Friday,60,1,0.0167
ENHS_SYN_0412,Monday,60,2,0.0333
ENHS_SYN_0412,Thursday,60,1,0.0167
ENHS_SYN_0412,Tuesday,59,0,0.0
ENHS_SYN_0412,Wednesday,60,2,0.0333
ENHS_SYN_0413,Friday,60,12,0.2
ENHS_SYN_0413,Monday,60,14,0.2333
ENHS_SYN_0413,Thursday,60,4,0.0667
ENHS_SYN_0413,Tuesday,60,8,0.1333
ENHS_SYN_0413,Wednesday,60,6,0.1
ENHS_SYN_0414,Friday,60,4,0.0667
ENHS_SYN_0414,Monday,60,2,0.0333
ENHS_SYN_0414,Thursday,60,8,0.1333
ENHS_SYN_0414,Tuesday,60,6,0.1
ENHS_SYN_0414,Wednesday,60,9,0.15
ENHS_SYN_0415,Friday,60,8,0.1333
ENHS_SYN_0415,Monday,60,9,0.15
ENHS_SYN_0415,Thursday,60,10,0.1667
ENHS_SYN_0415,Tuesday,60,9,0.15
ENHS_SYN_0415,Wednesday,60,4,0.0667
ENHS_SYN_0416,Friday,60,13,0.2167
ENHS_SYN_0416,Monday,60,6,0.1
ENHS_SYN_0416,Thursday,60,10,0.1667
ENHS_SYN_0416,Tuesday,60,13,0.2167
ENHS_SYN_0416,Wednesday,60,14,0.2333
ENHS_SYN_0417,Friday,60,17,0.2833
ENHS_SYN_0417,Monday,60,25,0.4167
ENHS_SYN_0417,Thursday,60,16,0.2667
ENHS_SYN_0417,Tuesday,60,20,0.3333
ENHS_SYN_0417,Wednesday,60,19,0.3167
ENHS_SYN_0418,Friday,60,9,0.15
ENHS_SYN_0418,Monday,60,10,0.1667
ENHS_SYN_0418,Thursday,60,11,0.1833
ENHS_SYN_0418,Tuesday,60,5,0.0833
ENHS_SYN_0418,Wednesday,60,7,0.1167
ENHS_SYN_0419,Friday,60,5,0.0833
ENHS_SYN_0419,Monday,60,3,0.05
ENHS_SYN_0419,Thursday,60,3,0.05
ENHS_SYN_0419,Tuesday,60,2,0.0333
ENHS_SYN_0419,Wednesday,60,1,0.0167
ENHS_SYN_0420,Friday,60,4,0.0667
ENHS_SYN_0420,Monday,60,7,0.1167
ENHS_SYN_0420,Thursday,60,5,0.0833
ENHS_SYN_0420,Tuesday,60,7,0.1167
ENHS_SYN_0420,Wednesday,59,8,0.1356
ENHS_SYN_0421,Friday,60,16,0.2667
ENHS_SYN_0421,Monday,60,11,0.1833
ENHS_SYN_0421,Thursday,60,11,0.1833
ENHS_SYN_0421,Tuesday,60,13,0.2167
ENHS_SYN_0421,Wednesday,60,16,0.2667
ENHS_SYN_0422,Friday,60,5,0.0833
ENHS_SYN_0422,Monday,60,2,0.0333
ENHS_SYN_0422,Thursday,59,1,0.0169
ENHS_SYN_0422,Tuesday,60,2,0.0333
ENHS_SYN_0422,Wednesday,60,1,0.0167
ENHS_SYN_0423,Friday,60,9,0.15
ENHS_SYN_0423,Monday,60,8,0.1333
ENHS_SYN_0423,Thursday,60,10,0.1667
ENHS_SYN_0423,Tuesday,60,6,0.1
ENHS_SYN_0423,Wednesday,60,9,0.15
ENHS_SYN_0424,Friday,60,6,0.1
ENHS_SYN_0424,Monday,60,9,0.15
ENHS_SYN_0424,Thursday,60,4,0.0667
ENHS_SYN_0424,Tuesday,60,6,0.1
ENHS_SYN_0424,Wednesday,60,5,0.0833
ENHS_SYN_0425,Friday,60,2,0.0333
ENHS_SYN_0425,Monday,60,4,0.0667
ENHS_SYN_0425,Thursday,60,2,0.0333
ENHS_SYN_0425,Tuesday,60,3,0.05
ENHS_SYN_0425,Wednesday,60,0,0.0
ENHS_SYN_0426,Friday,60,14,0.2333
ENHS_SYN_0426,Monday,60,15,0.25
ENHS_SYN_0426,Thursday,60,14,0.2333
ENHS_SYN_0426,Tuesday,59,16,0.2712
ENHS_SYN_0426,Wednesday,60,12,0.2
ENHS_SYN_0427,Friday,60,3,0.05
ENHS_SYN_0427,Monday,60,8,0.1333
ENHS_SYN_0427,Thursday,60,2,0.0333
ENHS_SYN_0427,Tuesday,59,3,0.0508
ENHS_SYN_0427,Wednesday,60,3,0.05
ENHS_SYN_0428,Friday,60,15,0.25
ENHS_SYN_0428,Monday,60,12,0.2
ENHS_SYN_0428,Thursday,59,18,0.3051
ENHS_SYN_0428,Tuesday,60,13,0.2167
ENHS_SYN_0428,Wednesday,60,11,0.1833
ENHS_SYN_0429,Friday,60,5,0.0833
ENHS_SYN_0429,Monday,60,7,0.1167
ENHS_SYN_0429,Thursday,59,4,0.0678
ENHS_SYN_0429,Tuesday,59,3,0.0508
ENHS_SYN_0429,Wednesday,60,2,0.0333
ENHS_SYN_0430,Friday,60,6,0.1
ENHS_SYN_0430,Monday,60,2,0.0333
ENHS_SYN_0430,Thursday,60,4,0.0667
ENHS_SYN_0430,Tuesday,60,8,0.1333
ENHS_SYN_0430,Wednesday,60,5,0.0833
ENHS_SYN_0431,Friday,60,16,0.2667
ENHS_SYN_0431,Monday,60,18,0.3
ENHS_SYN_0431,Thursday,60,11,0.1833
ENHS_SYN_0431,Tuesday,60,13,0.2167
ENHS_SYN_0431,Wednesday,60,15,0.25
ENHS_SYN_0432,Friday,59,13,0.2203
ENHS_SYN_0432,Monday,59,11,0.1864
ENHS_SYN_0432,Thursday,59,10,0.1695
ENHS_SYN_0432,Tuesday,60,12,0.2
ENHS_SYN_0432,Wednesday,60,12,0.2
ENHS_SYN_0433,Friday,60,6,0.1
ENHS_SYN_0433,Monday,60,10,0.1667
ENHS_SYN_0433,Thursday,60,8,0.1333
ENHS_SYN_0433,Tuesday,60,7,0.1167
ENHS_SYN_0433,Wednesday,60,5,0.0833
ENHS_SYN_0434,Friday,60,5,0.0833
ENHS_SYN_0434,Monday,60,9,0.15
ENHS_SYN_0434,Thursday,60,7,0.1167
ENHS_SYN_0434,Tuesday,60,12,0.2
ENHS_SYN_0434,Wednesday,60,8,0.1333
ENHS_SYN_0435,Friday,60,14,0.2333
ENHS_SYN_0435,Monday,60,15,0.25
ENHS_SYN_0435,Thursday,59,11,0.1864
ENHS_SYN_0435,Tuesday,59,20,0.339
ENHS_SYN_0435,Wednesday,59,9,0.1525
ENHS_SYN_0436,Friday,60,5,0.0833
ENHS_SYN_0436,Monday,60,6,0.1
ENHS_SYN_0436,Thursday,60,9,0.15
ENHS_SYN_0436,Tuesday,60,8,0.1333
ENHS_SYN_0436,Wednesday,60,9,0.15
ENHS_SYN_0437,Friday,60,14,0.2333
ENHS_SYN_0437,Monday,60,11,0.1833
ENHS_SYN_0437,Thursday,60,9,0.15
ENHS_SYN_0437,Tuesday,60,10,0.1667
ENHS_SYN_0437,Wednesday,60,11,0.1833
ENHS_SYN_0438,Friday,60,10,0.1667
ENHS_SYN_0438,Monday,60,9,0.15
ENHS_SYN_0438,Thursday,60,7,0.1167
ENHS_SYN_0438,Tuesday,60,10,0.1667
ENHS_SYN_0438,Wednesday,60,11,0.1833
ENHS_SYN_0439,Friday,60,12,0.2
ENHS_SYN_0439,Monday,60,7,0.1167
ENHS_SYN_0439,Thursday,60,8,0.1333
ENHS_SYN_0439,Tuesday,60,9,0.15
ENHS_SYN_0439,Wednesday,60,13,0.2167
ENHS_SYN_0440,Friday,60,5,0.0833
ENHS_SYN_0440,Monday,60,1,0.0167
ENHS_SYN_0440,Thursday,60,2,0.0333
ENHS_SYN_0440,Tuesday,60,3,0.05
ENHS_SYN_0440,Wednesday,60,2,0.0333
ENHS_SYN_0441,Friday,60,11,0.1833
ENHS_SYN_0441,Monday,60,10,0.1667
ENHS_SYN_0441,Thursday,60,10,0.1667
ENHS_SYN_0441,Tuesday,60,11,0.1833
ENHS_SYN_0441,Wednesday,59,10,0.1695
ENHS_SYN_0442,Friday,60,9,0.15
ENHS_SYN_0442,Monday,60,13,0.2167
ENHS_SYN_0442,Thursday,60,9,0.15
ENHS_SYN_0442,Tuesday,60,6,0.1
ENHS_SYN_0442,Wednesday,60,9,0.15
ENHS_SYN_0443,Friday,60,15,0.25
ENHS_SYN_0443,Monday,60,18,0.3
ENHS_SYN_0443,Thursday,60,8,0.1333
ENHS_SYN_0443,Tuesday,60,9,0.15
ENHS_SYN_0443,Wednesday,58,12,0.2069
ENHS_SYN_0444,Friday,59,21,0.3559
ENHS_SYN_0444,Monday,60,12,0.2
ENHS_SYN_0444,Thursday,60,14,0.2333
ENHS_SYN_0444,Tuesday,59,17,0.2881
ENHS_SYN_0444,Wednesday,60,18,0.3
ENHS_SYN_0445,Friday,60,6,0.1
ENHS_SYN_0445,Monday,60,6,0.1
ENHS_SYN_0445,Thursday,60,7,0.1167
ENHS_SYN_0445,Tuesday,60,4,0.0667
ENHS_SYN_0445,Wednesday,60,4,0.0667
ENHS_SYN_0446,Friday,60,10,0.1667
ENHS_SYN_0446,Monday,60,9,0.15
ENHS_SYN_0446,Thursday,60,8,0.1333
ENHS_SYN_0446,Tuesday,60,8,0.1333
ENHS_SYN_0446,Wednesday,60,10,0.1667
ENHS_SYN_0447,Friday,60,9,0.15
ENHS_SYN_0447,Monday,60,2,0.0333
ENHS_SYN_0447,Thursday,60,6,0.1
ENHS_SYN_0447,Tuesday,60,7,0.1167
ENHS_SYN_0447,Wednesday,60,8,0.1333
ENHS_SYN_0448,Friday,60,14,0.2333
ENHS_SYN_0448,Monday,60,9,0.15
ENHS_SYN_0448,Thursday,60,13,0.2167
ENHS_SYN_0448,Tuesday,59,11,0.1864
ENHS_SYN_0448,Wednesday,60,8,0.1333
ENHS_SYN_0449,Friday,60,5,0.0833
ENHS_SYN_0449,Monday,60,5,0.0833
ENHS_SYN_0449,Thursday,60,7,0.1167
ENHS_SYN_0449,Tuesday,60,9,0.15
ENHS_SYN_0449,Wednesday,60,6,0.1
ENHS_SYN_0450,Friday,60,2,0.0333
ENHS_SYN_0450,Monday,60,4,0.0667
ENHS_SYN_0450,Thursday,60,4,0.0667
ENHS_SYN_0450,Tuesday,60,5,0.0833
ENHS_SYN_0450,Wednesday,60,3,0.05
ENHS_SYN_0451,Friday,60,18,0.3
ENHS_SYN_0451,Monday,59,18,0.3051
ENHS_SYN_0451,Thursday,60,8,0.1333
ENHS_SYN_0451,Tuesday,59,11,0.1864
ENHS_SYN_0451,Wednesday,59,20,0.339
ENHS_SYN_0452,Friday,60,22,0.3667
ENHS_SYN_0452,Monday,60,22,0.3667
ENHS_SYN_0452,Thursday,60,15,0.25
ENHS_SYN_0452,Tuesday,60,14,0.2333
ENHS_SYN_0452,Wednesday,60,18,0.3
ENHS_SYN_0453,Friday,60,8,0.1333
ENHS_SYN_0453,Monday,60,9,0.15
ENHS_SYN_0453,Thursday,60,4,0.0667
ENHS_SYN_0453,Tuesday,60,7,0.1167
ENHS_SYN_0453,Wednesday,60,5,0.0833
ENHS_SYN_0454,Friday,60,3,0.05
ENHS_SYN_0454,Monday,60,0,0.0
ENHS_SYN_0454,Thursday,60,2,0.0333
ENHS_SYN_0454,Tuesday,60,2,0.0333
ENHS_SYN_0454,Wednesday,60,0,0.0
ENHS_SYN_0455,Friday,60,4,0.0667
ENHS_SYN_0455,Monday,60,7,0.1167
ENHS_SYN_0455,Thursday,60,8,0.1333
ENHS_SYN_0455,Tuesday,60,4,0.0667
ENHS_SYN_0455,Wednesday,60,8,0.1333
ENHS_SYN_0456,Friday,60,6,0.1
ENHS_SYN_0456,Monday,60,5,0.0833
ENHS_SYN_0456,Thursday,60,6,0.1
ENHS_SYN_0456,Tuesday,59,8,0.1356
ENHS_SYN_0456,Wednesday,60,4,0.0667
ENHS_SYN_0457,Friday,60,4,0.0667
ENHS_SYN_0457,Monday,60,7,0.1167
ENHS_SYN_0457,Thursday,60,5,0.0833
ENHS_SYN_0457,Tuesday,60,1,0.0167
ENHS_SYN_0457,Wednesday,60,6,0.1
ENHS_SYN_0458,Friday,60,22,0.3667
ENHS_SYN_0458,Monday,60,18,0.3
ENHS_SYN_0458,Thursday,60,13,0.2167
ENHS_SYN_0458,Tuesday,60,16,0.2667
ENHS_SYN_0458,Wednesday,60,18,0.3
ENHS_SYN_0459,Friday,60,11,0.1833
ENHS_SYN_0459,Monday,60,11,0.1833
ENHS_SYN_0459,Thursday,60,18,0.3
ENHS_SYN_0459,Tuesday,60,19,0.3167
ENHS_SYN_0459,Wednesday,60,11,0.1833
ENHS_SYN_0460,Friday,60,9,0.15
ENHS_SYN_0460,Monday,60,7,0.1167
ENHS_SYN_0460,Thursday,60,2,0.0333
ENHS_SYN_0460,Tuesday,60,5,0.0833
ENHS_SYN_0460,Wednesday,60,7,0.1167
ENHS_SYN_0461,Friday,60,16,0.2667
ENHS_SYN_0461,Monday,60,10,0.1667
ENHS_SYN_0461,Thursday,59,12,0.2034
ENHS_SYN_0461,Tuesday,59,11,0.1864
ENHS_SYN_0461,Wednesday,60,13,0.2167
ENHS_SYN_0462,Friday,60,10,0.1667
ENHS_SYN_0462,Monday,60,6,0.1
ENHS_SYN_0462,Thursday,60,6,0.1
ENHS_SYN_0462,Tuesday,60,9,0.15
ENHS_SYN_0462,Wednesday,60,4,0.0667
ENHS_SYN_0463,Friday,60,6,0.1
ENHS_SYN_0463,Monday,60,5,0.0833
ENHS_SYN_0463,Thursday,60,2,0.0333
ENHS_SYN_0463,Tuesday,60,4,0.0667
ENHS_SYN_0463,Wednesday,60,4,0.0667
ENHS_SYN_0464,Friday,60,14,0.2333
ENHS_SYN_0464,Monday,60,7,0.1167
ENHS_SYN_0464,Thursday,60,12,0.2
ENHS_SYN_0464,Tuesday,60,11,0.1833
ENHS_SYN_0464,Wednesday,60,16,0.2667
ENHS_SYN_0465,Friday,60,10,0.1667
ENHS_SYN_0465,Monday,60,6,0.1
ENHS_SYN_0465,Thursday,60,7,0.1167
ENHS_SYN_0465,Tuesday,59,10,0.1695
ENHS_SYN_0465,Wednesday,60,11,0.1833
ENHS_SYN_0466,Friday,60,21,0.35
ENHS_SYN_0466,Monday,60,14,0.2333
ENHS_SYN_0466,Thursday,60,12,0.2
ENHS_SYN_0466,Tuesday,60,17,0.2833
ENHS_SYN_0466,Wednesday,60,10,0.1667
ENHS_SYN_0467,Friday,60,3,0.05
ENHS_SYN_0467,Monday,60,6,0.1
ENHS_SYN_0467,Thursday,60,4,0.0667
ENHS_SYN_0467,Tuesday,60,1,0.0167
ENHS_SYN_0467,Wednesday,60,3,0.05
ENHS_SYN_0468,Friday,60,15,0.25
ENHS_SYN_0468,Monday,58,14,0.2414
ENHS_SYN_0468,Thursday,60,6,0.1
ENHS_SYN_0468,Tuesday,60,13,0.2167
ENHS_SYN_0468,Wednesday,59,16,0.2712
ENHS_SYN_0469,Friday,60,8,0.1333
ENHS_SYN_0469,Monday,60,7,0.1167
ENHS_SYN_0469,Thursday,60,7,0.1167
ENHS_SYN_0469,Tuesday,60,5,0.0833
ENHS_SYN_0469,Wednesday,60,4,0.0667
ENHS_SYN_0470,Friday,60,4,0.0667
ENHS_SYN_0470,Monday,60,2,0.0333
ENHS_SYN_0470,Thursday,60,5,0.0833
ENHS_SYN_0470,Tuesday,60,6,0.1
ENHS_SYN_0470,Wednesday,59,3,0.0508
ENHS_SYN_0471,Friday,60,9,0.15
ENHS_SYN_0471,Monday,60,12,0.2
ENHS_SYN_0471,Thursday,60,15,0.25
ENHS_SYN_0471,Tuesday,60,12,0.2
ENHS_SYN_0471,Wednesday,60,7,0.1167
ENHS_SYN_0472,Friday,60,10,0.1667
ENHS_SYN_0472,Monday,60,8,0.1333
ENHS_SYN_0472,Thursday,60,6,0.1
ENHS_SYN_0472,Tuesday,60,3,0.05
ENHS_SYN_0472,Wednesday,60,5,0.0833
ENHS_SYN_0473,Friday,60,11,0.1833
ENHS_SYN_0473,Monday,60,11,0.1833
ENHS_SYN_0473,Thursday,60,14,0.2333
ENHS_SYN_0473,Tuesday,60,10,0.1667
ENHS_SYN_0473,Wednesday,60,11,0.1833
ENHS_SYN_0474,Friday,59,8,0.1356
ENHS_SYN_0474,Monday,60,3,0.05
ENHS_SYN_0474,Thursday,60,5,0.0833
ENHS_SYN_0474,Tuesday,60,5,0.0833
ENHS_SYN_0474,Wednesday,60,3,0.05
ENHS_SYN_0475,Friday,60,19,0.3167
ENHS_SYN_0475,Monday,60,19,0.3167
ENHS_SYN_0475,Thursday,59,13,0.2203
ENHS_SYN_0475,Tuesday,58,15,0.2586
ENHS_SYN_0475,Wednesday,60,16,0.2667
ENHS_SYN_0476,Friday,60,16,0.2667
ENHS_SYN_0476,Monday,60,18,0.3
ENHS_SYN_0476,Thursday,60,11,0.1833
ENHS_SYN_0476,Tuesday,60,10,0.1667
ENHS_SYN_0476,Wednesday,60,13,0.2167
ENHS_SYN_0477,Friday,60,3,0.05
ENHS_SYN_0477,Monday,60,4,0.0667
ENHS_SYN_0477,Thursday,60,5,0.0833
ENHS_SYN_0477,Tuesday,60,4,0.0667
ENHS_SYN_0477,Wednesday,60,3,0.05
ENHS_SYN_0478,Friday,60,2,0.0333
ENHS_SYN_0478,Monday,60,9,0.15
ENHS_SYN_0478,Thursday,60,5,0.0833
ENHS_SYN_0478,Tuesday,60,3,0.05
ENHS_SYN_0478,Wednesday,60,3,0.05
ENHS_SYN_0479,Friday,60,12,0.2
ENHS_SYN_0479,Monday,59,7,0.1186
ENHS_SYN_0479,Thursday,60,3,0.05
ENHS_SYN_0479,Tuesday,60,2,0.0333
ENHS_SYN_0479,Wednesday,60,1,0.0167
ENHS_SYN_0480,Friday,59,7,0.1186
ENHS_SYN_0480,Monday,60,12,0.2
ENHS_SYN_0480,Thursday,60,9,0.15
ENHS_SYN_0480,Tuesday,60,4,0.0667
ENHS_SYN_0480,Wednesday,60,6,0.1
ENHS_SYN_0481,Friday,60,13,0.2167
ENHS_SYN_0481,Monday,60,15,0.25
ENHS_SYN_0481,Thursday,60,14,0.2333
ENHS_SYN_0481,Tuesday,59,12,0.2034
ENHS_SYN_0481,Wednesday,60,12,0.2
ENHS_SYN_0482,Friday,60,10,0.1667
ENHS_SYN_0482,Monday,60,13,0.2167
ENHS_SYN_0482,Thursday,60,14,0.2333
ENHS_SYN_0482,Tuesday,60,13,0.2167
ENHS_SYN_0482,Wednesday,60,9,0.15
ENHS_SYN_0483,Friday,60,0,0.0
ENHS_SYN_0483,Monday,60,0,0.0
ENHS_SYN_0483,Thursday,60,1,0.0167
ENHS_SYN_0483,Tuesday,60,1,0.0167
ENHS_SYN_0483,Wednesday,59,0,0.0
ENHS_SYN_0484,Friday,59,4,0.0678
ENHS_SYN_0484,Monday,60,1,0.0167
ENHS_SYN_0484,Thursday,60,0,0.0
ENHS_SYN_0484,Tuesday,60,6,0.1
ENHS_SYN_0484,Wednesday,60,2,0.0333
ENHS_SYN_0485,Friday,60,8,0.1333
ENHS_SYN_0485,Monday,60,7,0.1167
ENHS_SYN_0485,Thursday,60,1,0.0167
ENHS_SYN_0485,Tuesday,60,8,0.1333
ENHS_SYN_0485,Wednesday,60,4,0.0667
ENHS_SYN_0486,Friday,60,8,0.1333
ENHS_SYN_0486,Monday,60,3,0.05
ENHS_SYN_0486,Thursday,60,6,0.1
ENHS_SYN_0486,Tuesday,59,1,0.0169
ENHS_SYN_0486,Wednesday,60,6,0.1
ENHS_SYN_0487,Friday,60,2,0.0333
ENHS_SYN_0487,Monday,60,0,0.0
ENHS_SYN_0487,Thursday,60,1,0.0167
ENHS_SYN_0487,Tuesday,60,3,0.05
ENHS_SYN_0487,Wednesday,60,1,0.0167
ENHS_SYN_0488,Friday,60,10,0.1667
ENHS_SYN_0488,Monday,60,12,0.2
ENHS_SYN_0488,Thursday,60,13,0.2167
ENHS_SYN_0488,Tuesday,60,12,0.2
ENHS_SYN_0488,Wednesday,60,13,0.2167
ENHS_SYN_0489,Friday,58,4,0.069
ENHS_SYN_0489,Monday,60,1,0.0167
ENHS_SYN_0489,Thursday,60,2,0.0333
ENHS_SYN_0489,Tuesday,60,5,0.0833
ENHS_SYN_0489,Wednesday,60,2,0.0333
ENHS_SYN_0490,Friday,60,9,0.15
ENHS_SYN_0490,Monday,60,17,0.2833
ENHS_SYN_0490,Thursday,60,13,0.2167
ENHS_SYN_0490,Tuesday,60,16,0.2667
ENHS_SYN_0490,Wednesday,59,11,0.1864
ENHS_SYN_0491,Friday,60,5,0.0833
ENHS_SYN_0491,Monday,60,4,0.0667
ENHS_SYN_0491,Thursday,60,7,0.1167
ENHS_SYN_0491,Tuesday,60,3,0.05
ENHS_SYN_0491,Wednesday,60,4,0.0667
ENHS_SYN_0492,Friday,60,12,0.2
ENHS_SYN_0492,Monday,60,8,0.1333
ENHS_SYN_0492,Thursday,60,10,0.1667
ENHS_SYN_0492,Tuesday,59,9,0.1525
ENHS_SYN_0492,Wednesday,60,2,0.0333
ENHS_SYN_0493,Friday,60,9,0.15
ENHS_SYN_0493,Monday,60,5,0.0833
ENHS_SYN_0493,Thursday,60,7,0.1167
ENHS_SYN_0493,Tuesday,60,5,0.0833
ENHS_SYN_0493,Wednesday,60,5,0.0833
ENHS_SYN_0494,Friday,60,22,0.3667
ENHS_SYN_0494,Monday,60,17,0.2833
ENHS_SYN_0494,Thursday,60,19,0.3167
ENHS_SYN_0494,Tuesday,60,15,0.25
ENHS_SYN_0494,Wednesday,60,18,0.3
ENHS_SYN_0495,Friday,60,2,0.0333
ENHS_SYN_0495,Monday,59,2,0.0339
ENHS_SYN_0495,Thursday,60,0,0.0
ENHS_SYN_0495,Tuesday,60,1,0.0167
ENHS_SYN_0495,Wednesday,60,1,0.0167
ENHS_SYN_0496,Friday,59,9,0.1525
ENHS_SYN_0496,Monday,60,13,0.2167
ENHS_SYN_0496,Thursday,60,6,0.1
ENHS_SYN_0496,Tuesday,60,11,0.1833
ENHS_SYN_0496,Wednesday,60,14,0.2333
ENHS_SYN_0497,Friday,60,11,0.1833
ENHS_SYN_0497,Monday,60,10,0.1667
ENHS_SYN_0497,Thursday,60,14,0.2333
ENHS_SYN_0497,Tuesday,60,8,0.1333
ENHS_SYN_0497,Wednesday,60,8,0.1333
ENHS_SYN_0498,Friday,60,10,0.1667
ENHS_SYN_0498,Monday,60,11,0.1833
ENHS_SYN_0498,Thursday,60,9,0.15
ENHS_SYN_0498,Tuesday,59,11,0.1864
ENHS_SYN_0498,Wednesday,60,8,0.1333
ENHS_SYN_0499,Friday,60,19,0.3167
ENHS_SYN_0499,Monday,60,20,0.3333
ENHS_SYN_0499,Thursday,60,15,0.25
ENHS_SYN_0499,Tuesday,60,17,0.2833
ENHS_SYN_0499,Wednesday,60,16,0.2667
ENHS_SYN_0500,Friday,60,4,0.0667
ENHS_SYN_0500,Monday,60,5,0.0833
ENHS_SYN_0500,Thursday,60,0,0.0
ENHS_SYN_0500,Tuesday,60,6,0.1
ENHS_SYN_0500,Wednesday,60,6,0.1
ENHS_SYN_0501,Friday,60,15,0.25
ENHS_SYN_0501,Monday,60,14,0.2333
ENHS_SYN_0501,Thursday,59,15,0.2542
ENHS_SYN_0501,Tuesday,60,18,0.3
ENHS_SYN_0501,Wednesday,59,17,0.2881
ENHS_SYN_0502,Friday,60,7,0.1167
ENHS_SYN_0502,Monday,60,8,0.1333
ENHS_SYN_0502,Thursday,60,6,0.1
ENHS_SYN_0502,Tuesday,60,5,0.0833
ENHS_SYN_0502,Wednesday,60,6,0.1
ENHS_SYN_0503,Friday,60,17,0.2833
ENHS_SYN_0503,Monday,60,9,0.15
ENHS_SYN_0503,Thursday,60,9,0.15
ENHS_SYN_0503,Tuesday,60,12,0.2
ENHS_SYN_0503,Wednesday,60,11,0.1833
ENHS_SYN_0504,Friday,60,22,0.3667
ENHS_SYN_0504,Monday,60,18,0.3
ENHS_SYN_0504,Thursday,60,13,0.2167
ENHS_SYN_0504,Tuesday,60,14,0.2333
ENHS_SYN_0504,Wednesday,60,8,0.1333
ENHS_SYN_0505,Friday,60,5,0.0833
ENHS_SYN_0505,Monday,60,8,0.1333
ENHS_SYN_0505,Thursday,60,5,0.0833
ENHS_SYN_0505,Tuesday,60,10,0.1667
ENHS_SYN_0505,Wednesday,60,10,0.1667
ENHS_SYN_0506,Friday,60,1,0.0167
ENHS_SYN_0506,Monday,60,1,0.0167
ENHS_SYN_0506,Thursday,60,1,0.0167
ENHS_SYN_0506,Tuesday,60,1,0.0167
ENHS_SYN_0506,Wednesday,59,1,0.0169
ENHS_SYN_0507,Friday,60,5,0.0833
ENHS_SYN_0507,Monday,60,5,0.0833
ENHS_SYN_0507,Thursday,60,8,0.1333
ENHS_SYN_0507,Tuesday,60,11,0.1833
ENHS_SYN_0507,Wednesday,60,7,0.1167
ENHS_SYN_0508,Friday,60,13,0.2167
ENHS_SYN_0508,Monday,60,6,0.1
ENHS_SYN_0508,Thursday,60,9,0.15
ENHS_SYN_0508,Tuesday,60,8,0.1333
ENHS_SYN_0508,Wednesday,60,9,0.15
ENHS_SYN_0509,Friday,60,9,0.15
ENHS_SYN_0509,Monday,60,7,0.1167
ENHS_SYN_0509,Thursday,60,5,0.0833
ENHS_SYN_0509,Tuesday,60,7,0.1167
ENHS_SYN_0509,Wednesday,60,7,0.1167
ENHS_SYN_0510,Friday,60,15,0.25
ENHS_SYN_0510,Monday,60,7,0.1167
ENHS_SYN_0510,Thursday,60,8,0.1333
ENHS_SYN_0510,Tuesday,60,7,0.1167
ENHS_SYN_0510,Wednesday,60,10,0.1667
ENHS_SYN_0511,Friday,60,13,0.2167
ENHS_SYN_0511,Monday,60,15,0.25
ENHS_SYN_0511,Thursday,60,16,0.2667
ENHS_SYN_0511,Tuesday,60,13,0.2167
ENHS_SYN_0511,Wednesday,60,14,0.2333
ENHS_SYN_0512,Friday,60,18,0.3
ENHS_SYN_0512,Monday,60,8,0.1333
ENHS_SYN_0512,Thursday,60,9,0.15
ENHS_SYN_0512,Tuesday,59,8,0.1356
ENHS_SYN_0512,Wednesday,60,15,0.25
ENHS_SYN_0513,Friday,60,3,0.05
ENHS_SYN_0513,Monday,60,7,0.1167
ENHS_SYN_0513,Thursday,60,5,0.0833
ENHS_SYN_0513,Tuesday,60,6,0.1
ENHS_SYN_0513,Wednesday,60,4,0.0667
ENHS_SYN_0514,Friday,60,4,0.0667
ENHS_SYN_0514,Monday,60,6,0.1
ENHS_SYN_0514,Thursday,60,7,0.1167
ENHS_SYN_0514,Tuesday,60,8,0.1333
ENHS_SYN_0514,Wednesday,60,7,0.1167
ENHS_SYN_0515,Friday,60,3,0.05
ENHS_SYN_0515,Monday,60,1,0.0167
ENHS_SYN_0515,Thursday,60,3,0.05
ENHS_SYN_0515,Tuesday,60,4,0.0667
ENHS_SYN_0515,Wednesday,60,5,0.0833
ENHS_SYN_0516,Friday,59,13,0.2203
ENHS_SYN_0516,Monday,60,11,0.1833
ENHS_SYN_0516,Thursday,60,14,0.2333
ENHS_SYN_0516,Tuesday,59,16,0.2712
ENHS_SYN_0516,Wednesday,60,12,0.2
ENHS_SYN_0517,Friday,60,16,0.2667
ENHS_SYN_0517,Monday,60,15,0.25
ENHS_SYN_0517,Thursday,60,12,0.2
ENHS_SYN_0517,Tuesday,60,11,0.1833
ENHS_SYN_0517,Wednesday,60,13,0.2167
ENHS_SYN_0518,Friday,60,9,0.15
ENHS_SYN_0518,Monday,60,7,0.1167
ENHS_SYN_0518,Thursday,60,7,0.1167
ENHS_SYN_0518,Tuesday,60,7,0.1167
ENHS_SYN_0518,Wednesday,60,6,0.1
ENHS_SYN_0519,Friday,60,11,0.1833
ENHS_SYN_0519,Monday,60,12,0.2
ENHS_SYN_0519,Thursday,60,8,0.1333
ENHS_SYN_0519,Tuesday,60,5,0.0833
ENHS_SYN_0519,Wednesday,60,9,0.15
ENHS_SYN_0520,Friday,60,11,0.1833
ENHS_SYN_0520,Monday,60,12,0.2
ENHS_SYN_0520,Thursday,60,12,0.2
ENHS_SYN_0520,Tuesday,60,9,0.15
ENHS_SYN_0520,Wednesday,60,9,0.15
ENHS_SYN_0521,Friday,59,8,0.1356
ENHS_SYN_0521,Monday,60,4,0.0667
ENHS_SYN_0521,Thursday,60,7,0.1167
ENHS_SYN_0521,Tuesday,60,6,0.1
ENHS_SYN_0521,Wednesday,60,2,0.0333
ENHS_SYN_0522,Friday,60,4,0.0667
ENHS_SYN_0522,Monday,60,3,0.05
ENHS_SYN_0522,Thursday,60,0,0.0
ENHS_SYN_0522,Tuesday,60,5,0.0833
ENHS_SYN_0522,Wednesday,60,5,0.0833
ENHS_SYN_0523,Friday,60,12,0.2
ENHS_SYN_0523,Monday,60,5,0.0833
ENHS_SYN_0523,Thursday,60,14,0.2333
ENHS_SYN_0523,Tuesday,60,8,0.1333
ENHS_SYN_0523,Wednesday,60,9,0.15
ENHS_SYN_0524,Friday,60,6,0.1
ENHS_SYN_0524,Monday,60,10,0.1667
ENHS_SYN_0524,Thursday,60,11,0.1833
ENHS_SYN_0524,Tuesday,60,8,0.1333
ENHS_SYN_0524,Wednesday,60,10,0.1667
ENHS_SYN_0525,Friday,60,0,0.0
ENHS_SYN_0525,Monday,60,9,0.15
ENHS_SYN_0525,Thursday,60,6,0.1
ENHS_SYN_0525,Tuesday,60,5,0.0833
ENHS_SYN_0525,Wednesday,60,5,0.0833
ENHS_SYN_0526,Friday,59,7,0.1186
ENHS_SYN_0526,Monday,60,12,0.2
ENHS_SYN_0526,Thursday,60,7,0.1167
ENHS_SYN_0526,Tuesday,60,7,0.1167
ENHS_SYN_0526,Wednesday,60,11,0.1833
ENHS_SYN_0527,Friday,60,13,0.2167
ENHS_SYN_0527,Monday,60,6,0.1
ENHS_SYN_0527,Thursday,60,6,0.1
ENHS_SYN_0527,Tuesday,60,15,0.25
ENHS_SYN_0527,Wednesday,60,7,0.1167
ENHS_SYN_0528,Friday,60,11,0.1833
ENHS_SYN_0528,Monday,60,8,0.1333
ENHS_SYN_0528,Thursday,60,6,0.1
ENHS_SYN_0528,Tuesday,60,8,0.1333
ENHS_SYN_0528,Wednesday,60,10,0.1667
ENHS_SYN_0529,Friday,60,1,0.0167
ENHS_SYN_0529,Monday,60,1,0.0167
ENHS_SYN_0529,Thursday,59,0,0.0
ENHS_SYN_0529,Tuesday,60,3,0.05
ENHS_SYN_0529,Wednesday,60,3,0.05
ENHS_SYN_0530,Friday,60,14,0.2333
ENHS_SYN_0530,Monday,60,9,0.15
ENHS_SYN_0530,Thursday,60,14,0.2333
ENHS_SYN_0530,Tuesday,59,8,0.1356
ENHS_SYN_0530,Wednesday,60,10,0.1667
ENHS_SYN_0531,Friday,60,9,0.15
ENHS_SYN_0531,Monday,60,8,0.1333
ENHS_SYN_0531,Thursday,60,8,0.1333
ENHS_SYN_0531,Tuesday,60,10,0.1667
ENHS_SYN_0531,Wednesday,60,7,0.1167
ENHS_SYN_0532,Friday,59,3,0.0508
ENHS_SYN_0532,Monday,60,8,0.1333
ENHS_SYN_0532,Thursday,60,3,0.05
ENHS_SYN_0532,Tuesday,60,3,0.05
ENHS_SYN_0532,Wednesday,60,4,0.0667
ENHS_SYN_0533,Friday,60,19,0.3167
ENHS_SYN_0533,Monday,60,16,0.2667
ENHS_SYN_0533,Thursday,60,9,0.15
ENHS_SYN_0533,Tuesday,60,9,0.15
ENHS_SYN_0533,Wednesday,60,11,0.1833
ENHS_SYN_0534,Friday,60,17,0.2833
ENHS_SYN_0534,Monday,60,10,0.1667
ENHS_SYN_0534,Thursday,60,8,0.1333
ENHS_SYN_0534,Tuesday,60,10,0.1667
ENHS_SYN_0534,Wednesday,60,9,0.15
ENHS_SYN_0535,Friday,60,8,0.1333
ENHS_SYN_0535,Monday,60,7,0.1167
ENHS_SYN_0535,Thursday,60,8,0.1333
ENHS_SYN_0535,Tuesday,60,13,0.2167
ENHS_SYN_0535,Wednesday,60,6,0.1
ENHS_SYN_0536,Friday,60,2,0.0333
ENHS_SYN_0536,Monday,60,0,0.0
ENHS_SYN_0536,Thursday,60,1,0.0167
ENHS_SYN_0536,Tuesday,60,1,0.0167
ENHS_SYN_0536,Wednesday,60,1,0.0167
ENHS_SYN_0537,Friday,60,13,0.2167
ENHS_SYN_0537,Monday,60,11,0.1833
ENHS_SYN_0537,Thursday,60,11,0.1833
ENHS_SYN_0537,Tuesday,60,13,0.2167
ENHS_SYN_0537,Wednesday,60,11,0.1833
ENHS_SYN_0538,Friday,60,5,0.0833
ENHS_SYN_0538,Monday,60,7,0.1167
ENHS_SYN_0538,Thursday,60,9,0.15
ENHS_SYN_0538,Tuesday,60,6,0.1
ENHS_SYN_0538,Wednesday,60,3,0.05
ENHS_SYN_0539,Friday,60,16,0.2667
ENHS_SYN_0539,Monday,60,11,0.1833
ENHS_SYN_0539,Thursday,60,14,0.2333
ENHS_SYN_0539,Tuesday,59,15,0.2542
ENHS_SYN_0539,Wednesday,60,14,0.2333
ENHS_SYN_0540,Friday,60,4,0.0667
ENHS_SYN_0540,Monday,60,3,0.05
ENHS_SYN_0540,Thursday,60,5,0.0833
ENHS_SYN_0540,Tuesday,60,4,0.0667
ENHS_SYN_0540,Wednesday,60,3,0.05
ENHS_SYN_0541,Friday,60,1,0.0167
ENHS_SYN_0541,Monday,60,2,0.0333
ENHS_SYN_0541,Thursday,60,6,0.1
ENHS_SYN_0541,Tuesday,59,5,0.0847
ENHS_SYN_0541,Wednesday,59,0,0.0
ENHS_SYN_0542,Friday,60,13,0.2167
ENHS_SYN_0542,Monday,59,14,0.2373
ENHS_SYN_0542,Thursday,60,15,0.25
ENHS_SYN_0542,Tuesday,60,18,0.3
ENHS_SYN_0542,Wednesday,60,12,0.2
ENHS_SYN_0543,Friday,60,6,0.1
ENHS_SYN_0543,Monday,60,5,0.0833
ENHS_SYN_0543,Thursday,60,2,0.0333
ENHS_SYN_0543,Tuesday,60,4,0.0667
ENHS_SYN_0543,Wednesday,60,7,0.1167
ENHS_SYN_0544,Friday,60,20,0.3333
ENHS_SYN_0544,Monday,60,10,0.1667
ENHS_SYN_0544,Thursday,60,9,0.15
ENHS_SYN_0544,Tuesday,60,7,0.1167
ENHS_SYN_0544,Wednesday,60,9,0.15
ENHS_SYN_0545,Friday,60,9,0.15
ENHS_SYN_0545,Monday,60,6,0.1
ENHS_SYN_0545,Thursday,60,7,0.1167
ENHS_SYN_0545,Tuesday,60,7,0.1167
ENHS_SYN_0545,Wednesday,60,6,0.1
ENHS_SYN_0546,Friday,60,3,0.05
ENHS_SYN_0546,Monday,60,6,0.1
ENHS_SYN_0546,Thursday,60,5,0.0833
ENHS_SYN_0546,Tuesday,60,4,0.0667
ENHS_SYN_0546,Wednesday,60,4,0.0667
ENHS_SYN_0547,Friday,60,2,0.0333
ENHS_SYN_0547,Monday,60,3,0.05
ENHS_SYN_0547,Thursday,60,4,0.0667
ENHS_SYN_0547,Tuesday,60,2,0.0333
ENHS_SYN_0547,Wednesday,60,2,0.0333
ENHS_SYN_0548,Friday,60,4,0.0667
ENHS_SYN_0548,Monday,60,3,0.05
ENHS_SYN_0548,Thursday,60,2,0.0333
ENHS_SYN_0548,Tuesday,59,3,0.0508
ENHS_SYN_0548,Wednesday,60,1,0.0167
ENHS_SYN_0549,Friday,60,3,0.05
ENHS_SYN_0549,Monday,60,6,0.1
ENHS_SYN_0549,Thursday,59,3,0.0508
ENHS_SYN_0549,Tuesday,60,5,0.0833
ENHS_SYN_0549,Wednesday,60,3,0.05
ENHS_SYN_0550,Friday,60,11,0.1833
ENHS_SYN_0550,Monday,60,7,0.1167
ENHS_SYN_0550,Thursday,60,13,0.2167
ENHS_SYN_0550,Tuesday,60,16,0.2667
ENHS_SYN_0550,Wednesday,60,12,0.2
ENHS_SYN_0551,Friday,60,9,0.15
ENHS_SYN_0551,Monday,60,7,0.1167
ENHS_SYN_0551,Thursday,60,11,0.1833
ENHS_SYN_0551,Tuesday,60,8,0.1333
ENHS_SYN_0551,Wednesday,60,9,0.15
ENHS_SYN_0552,Friday,60,0,0.0
ENHS_SYN_0552,Monday,59,2,0.0339
ENHS_SYN_0552,Thursday,60,2,0.0333
ENHS_SYN_0552,Tuesday,60,4,0.0667
ENHS_SYN_0552,Wednesday,60,1,0.0167
ENHS_SYN_0553,Friday,60,2,0.0333
ENHS_SYN_0553,Monday,60,1,0.0167
ENHS_SYN_0553,Thursday,60,1,0.0167
ENHS_SYN_0553,Tuesday,60,1,0.0167
ENHS_SYN_0553,Wednesday,59,3,0.0508
ENHS_SYN_0554,Friday,60,5,0.0833
ENHS_SYN_0554,Monday,60,1,0.0167
ENHS_SYN_0554,Thursday,60,4,0.0667
ENHS_SYN_0554,Tuesday,60,1,0.0167
ENHS_SYN_0554,Wednesday,60,0,0.0
ENHS_SYN_0555,Friday,60,7,0.1167
ENHS_SYN_0555,Monday,60,7,0.1167
ENHS_SYN_0555,Thursday,60,2,0.0333
ENHS_SYN_0555,Tuesday,60,2,0.0333
ENHS_SYN_0555,Wednesday,60,2,0.0333
ENHS_SYN_0556,Friday,60,3,0.05
ENHS_SYN_0556,Monday,60,2,0.0333
ENHS_SYN_0556,Thursday,60,1,0.0167
ENHS_SYN_0556,Tuesday,60,0,0.0
ENHS_SYN_0556,Wednesday,60,0,0.0
ENHS_SYN_0557,Friday,60,8,0.1333
ENHS_SYN_0557,Monday,60,9,0.15
ENHS_SYN_0557,Thursday,60,9,0.15
ENHS_SYN_0557,Tuesday,60,9,0.15
ENHS_SYN_0557,Wednesday,60,5,0.0833
ENHS_SYN_0558,Friday,59,10,0.1695
ENHS_SYN_0558,Monday,60,14,0.2333
ENHS_SYN_0558,Thursday,60,3,0.05
ENHS_SYN_0558,Tuesday,60,4,0.0667
ENHS_SYN_0558,Wednesday,60,7,0.1167
ENHS_SYN_0559,Friday,60,2,0.0333
ENHS_SYN_0559,Monday,60,0,0.0
ENHS_SYN_0559,Thursday,60,1,0.0167
ENHS_SYN_0559,Tuesday,60,0,0.0
ENHS_SYN_0559,Wednesday,60,1,0.0167
ENHS_SYN_0560,Friday,60,8,0.1333
ENHS_SYN_0560,Monday,60,13,0.2167
ENHS_SYN_0560,Thursday,60,10,0.1667
ENHS_SYN_0560,Tuesday,59,9,0.1525
ENHS_SYN_0560,Wednesday,60,5,0.0833
ENHS_SYN_0561,Friday,60,14,0.2333
ENHS_SYN_0561,Monday,60,7,0.1167
ENHS_SYN_0561,Thursday,60,16,0.2667
ENHS_SYN_0561,Tuesday,60,13,0.2167
ENHS_SYN_0561,Wednesday,60,9,0.15
ENHS_SYN_0562,Friday,60,19,0.3167
ENHS_SYN_0562,Monday,60,12,0.2
ENHS_SYN_0562,Thursday,60,11,0.1833
ENHS_SYN_0562,Tuesday,60,15,0.25
ENHS_SYN_0562,Wednesday,60,13,0.2167
ENHS_SYN_0563,Friday,60,4,0.0667
ENHS_SYN_0563,Monday,60,5,0.0833
ENHS_SYN_0563,Thursday,60,2,0.0333
ENHS_SYN_0563,Tuesday,60,6,0.1
ENHS_SYN_0563,Wednesday,60,3,0.05
ENHS_SYN_0564,Friday,60,10,0.1667
ENHS_SYN_0564,Monday,60,17,0.2833
ENHS_SYN_0564,Thursday,60,16,0.2667
ENHS_SYN_0564,Tuesday,60,10,0.1667
ENHS_SYN_0564,Wednesday,60,17,0.2833
ENHS_SYN_0565,Friday,60,1,0.0167
ENHS_SYN_0565,Monday,60,4,0.0667
ENHS_SYN_0565,Thursday,60,5,0.0833
ENHS_SYN_0565,Tuesday,60,0,0.0
ENHS_SYN_0565,Wednesday,60,1,0.0167
ENHS_SYN_0566,Friday,60,11,0.1833
ENHS_SYN_0566,Monday,60,7,0.1167
ENHS_SYN_0566,Thursday,60,6,0.1
ENHS_SYN_0566,Tuesday,60,6,0.1
ENHS_SYN_0566,Wednesday,60,8,0.1333
ENHS_SYN_0567,Friday,60,4,0.0667
ENHS_SYN_0567,Monday,60,3,0.05
ENHS_SYN_0567,Thursday,60,0,0.0
ENHS_SYN_0567,Tuesday,60,6,0.1
ENHS_SYN_0567,Wednesday,60,2,0.0333
ENHS_SYN_0568,Friday,60,9,0.15
ENHS_SYN_0568,Monday,60,3,0.05
ENHS_SYN_0568,Thursday,60,2,0.0333
ENHS_SYN_0568,Tuesday,60,1,0.0167
ENHS_SYN_0568,Wednesday,60,3,0.05
ENHS_SYN_0569,Friday,59,6,0.1017
ENHS_SYN_0569,Monday,60,4,0.0667
ENHS_SYN_0569,Thursday,60,3,0.05
ENHS_SYN_0569,Tuesday,60,7,0.1167
ENHS_SYN_0569,Wednesday,60,1,0.0167
ENHS_SYN_0570,Friday,59,6,0.1017
ENHS_SYN_0570,Monday,60,2,0.0333
ENHS_SYN_0570,Thursday,60,1,0.0167
ENHS_SYN_0570,Tuesday,60,1,0.0167
ENHS_SYN_0570,Wednesday,60,2,0.0333
ENHS_SYN_0571,Friday,60,14,0.2333
ENHS_SYN_0571,Monday,60,9,0.15
ENHS_SYN_0571,Thursday,60,9,0.15
ENHS_SYN_0571,Tuesday,60,7,0.1167
ENHS_SYN_0571,Wednesday,60,13,0.2167
ENHS_SYN_0572,Friday,60,8,0.1333
ENHS_SYN_0572,Monday,60,9,0.15
ENHS_SYN_0572,Thursday,60,6,0.1
ENHS_SYN_0572,Tuesday,60,6,0.1
ENHS_SYN_0572,Wednesday,60,9,0.15
ENHS_SYN_0573,Friday,60,16,0.2667
ENHS_SYN_0573,Monday,59,25,0.4237
ENHS_SYN_0573,Thursday,60,19,0.3167
ENHS_SYN_0573,Tuesday,60,18,0.3
ENHS_SYN_0573,Wednesday,60,11,0.1833
ENHS_SYN_0574,Friday,59,12,0.2034
ENHS_SYN_0574,Monday,60,14,0.2333
ENHS_SYN_0574,Thursday,60,15,0.25
ENHS_SYN_0574,Tuesday,59,12,0.2034
ENHS_SYN_0574,Wednesday,60,10,0.1667
ENHS_SYN_0575,Friday,60,5,0.0833
ENHS_SYN_0575,Monday,60,7,0.1167
ENHS_SYN_0575,Thursday,60,13,0.2167
ENHS_SYN_0575,Tuesday,60,6,0.1
ENHS_SYN_0575,Wednesday,60,9,0.15
ENHS_SYN_0576,Friday,60,14,0.2333
ENHS_SYN_0576,Monday,60,10,0.1667
ENHS_SYN_0576,Thursday,60,25,0.4167
ENHS_SYN_0576,Tuesday,59,20,0.339
ENHS_SYN_0576,Wednesday,60,14,0.2333
ENHS_SYN_0577,Friday,60,12,0.2
ENHS_SYN_0577,Monday,60,15,0.25
ENHS_SYN_0577,Thursday,60,10,0.1667
ENHS_SYN_0577,Tuesday,60,9,0.15
ENHS_SYN_0577,Wednesday,60,9,0.15
ENHS_SYN_0578,Friday,60,2,0.0333
ENHS_SYN_0578,Monday,60,5,0.0833
ENHS_SYN_0578,Thursday,60,3,0.05
ENHS_SYN_0578,Tuesday,60,2,0.0333
ENHS_SYN_0578,Wednesday,60,6,0.1
ENHS_SYN_0579,Friday,60,22,0.3667
ENHS_SYN_0579,Monday,60,16,0.2667
ENHS_SYN_0579,Thursday,60,16,0.2667
ENHS_SYN_0579,Tuesday,60,13,0.2167
ENHS_SYN_0579,Wednesday,60,13,0.2167
ENHS_SYN_0580,Friday,60,8,0.1333
ENHS_SYN_0580,Monday,60,14,0.2333
ENHS_SYN_0580,Thursday,60,10,0.1667
ENHS_SYN_0580,Tuesday,60,10,0.1667
ENHS_SYN_0580,Wednesday,60,15,0.25
ENHS_SYN_0581,Friday,60,8,0.1333
ENHS_SYN_0581,Monday,60,6,0.1
ENHS_SYN_0581,Thursday,60,7,0.1167
ENHS_SYN_0581,Tuesday,60,13,0.2167
ENHS_SYN_0581,Wednesday,59,4,0.0678
ENHS_SYN_0582,Friday,60,12,0.2
ENHS_SYN_0582,Monday,60,14,0.2333
ENHS_SYN_0582,Thursday,60,12,0.2
ENHS_SYN_0582,Tuesday,60,7,0.1167
ENHS_SYN_0582,Wednesday,60,8,0.1333
ENHS_SYN_0583,Friday,60,4,0.0667
ENHS_SYN_0583,Monday,60,3,0.05
ENHS_SYN_0583,Thursday,60,2,0.0333
ENHS_SYN_0583,Tuesday,59,2,0.0339
ENHS_SYN_0583,Wednesday,60,0,0.0
ENHS_SYN_0584,Friday,60,9,0.15
ENHS_SYN_0584,Monday,60,3,0.05
ENHS_SYN_0584,Thursday,60,5,0.0833
ENHS_SYN_0584,Tuesday,60,5,0.0833
ENHS_SYN_0584,Wednesday,60,5,0.0833
ENHS_SYN_0585,Friday,60,16,0.2667
ENHS_SYN_0585,Monday,60,17,0.2833
ENHS_SYN_0585,Thursday,60,14,0.2333
ENHS_SYN_0585,Tuesday,59,16,0.2712
ENHS_SYN_0585,Wednesday,59,15,0.2542
ENHS_SYN_0586,Friday,60,11,0.1833
ENHS_SYN_0586,Monday,60,8,0.1333
ENHS_SYN_0586,Thursday,60,7,0.1167
ENHS_SYN_0586,Tuesday,60,10,0.1667
ENHS_SYN_0586,Wednesday,60,9,0.15
ENHS_SYN_0587,Friday,60,6,0.1
ENHS_SYN_0587,Monday,60,3,0.05
ENHS_SYN_0587,Thursday,60,3,0.05
ENHS_SYN_0587,Tuesday,60,7,0.1167
ENHS_SYN_0587,Wednesday,60,6,0.1
ENHS_SYN_0588,Friday,60,15,0.25
ENHS_SYN_0588,Monday,60,10,0.1667
ENHS_SYN_0588,Thursday,60,11,0.1833
ENHS_SYN_0588,Tuesday,60,8,0.1333
ENHS_SYN_0588,Wednesday,60,7,0.1167
ENHS_SYN_0589,Friday,60,15,0.25
ENHS_SYN_0589,Monday,60,9,0.15
ENHS_SYN_0589,Thursday,60,11,0.1833
ENHS_SYN_0589,Tuesday,60,12,0.2
ENHS_SYN_0589,Wednesday,60,9,0.15
ENHS_SYN_0590,Friday,60,8,0.1333
ENHS_SYN_0590,Monday,60,10,0.1667
ENHS_SYN_0590,Thursday,59,13,0.2203
ENHS_SYN_0590,Tuesday,60,10,0.1667
ENHS_SYN_0590,Wednesday,60,17,0.2833
ENHS_SYN_0591,Friday,60,6,0.1
ENHS_SYN_0591,Monday,60,8,0.1333
ENHS_SYN_0591,Thursday,60,5,0.0833
ENHS_SYN_0591,Tuesday,60,4,0.0667
ENHS_SYN_0591,Wednesday,60,9,0.15
ENHS_SYN_0592,Friday,60,8,0.1333
ENHS_SYN_0592,Monday,60,11,0.1833
ENHS_SYN_0592,Thursday,60,13,0.2167
ENHS_SYN_0592,Tuesday,60,7,0.1167
ENHS_SYN_0592,Wednesday,60,12,0.2
ENHS_SYN_0593,Friday,60,13,0.2167
ENHS_SYN_0593,Monday,60,15,0.25
ENHS_SYN_0593,Thursday,60,17,0.2833
ENHS_SYN_0593,Tuesday,60,10,0.1667
ENHS_SYN_0593,Wednesday,60,11,0.1833
ENHS_SYN_0594,Friday,60,11,0.1833
ENHS_SYN_0594,Monday,60,8,0.1333
ENHS_SYN_0594,Thursday,60,9,0.15
ENHS_SYN_0594,Tuesday,60,3,0.05
ENHS_SYN_0594,Wednesday,60,3,0.05
ENHS_SYN_0595,Friday,60,6,0.1
ENHS_SYN_0595,Monday,59,9,0.1525
ENHS_SYN_0595,Thursday,60,2,0.0333
ENHS_SYN_0595,Tuesday,60,7,0.1167
ENHS_SYN_0595,Wednesday,60,10,0.1667
ENHS_SYN_0596,Friday,60,12,0.2
ENHS_SYN_0596,Monday,60,7,0.1167
ENHS_SYN_0596,Thursday,58,3,0.0517
ENHS_SYN_0596,Tuesday,60,7,0.1167
ENHS_SYN_0596,Wednesday,60,6,0.1
ENHS_SYN_0597,Friday,60,6,0.1
ENHS_SYN_0597,Monday,60,3,0.05
ENHS_SYN_0597,Thursday,60,0,0.0
ENHS_SYN_0597,Tuesday,60,5,0.0833
ENHS_SYN_0597,Wednesday,60,3,0.05
ENHS_SYN_0598,Friday,60,0,0.0
ENHS_SYN_0598,Monday,60,1,0.0167
ENHS_SYN_0598,Thursday,60,3,0.05
ENHS_SYN_0598,Tuesday,60,1,0.0167
ENHS_SYN_0598,Wednesday,60,1,0.0167
ENHS_SYN_0599,Friday,60,7,0.1167
ENHS_SYN_0599,Monday,60,4,0.0667
ENHS_SYN_0599,Thursday,60,2,0.0333
ENHS_SYN_0599,Tuesday,60,3,0.05
ENHS_SYN_0599,Wednesday,60,5,0.0833
ENHS_SYN_0600,Friday,60,10,0.1667
ENHS_SYN_0600,Monday,60,7,0.1167
ENHS_SYN_0600,Thursday,60,2,0.0333
ENHS_SYN_0600,Tuesday,60,10,0.1667
ENHS_SYN_0600,Wednesday,60,10,0.1667
