Student_ID,Grade_Level,Section,Week,Total_Sessions,Present_Count,Absence_Count,Attendance_Rate,Has_Absence
ENHS_SYN_0001,Grade 7,Section A,2026-08-03,25,23,2,0.92,1
ENHS_SYN_0001,Grade 7,Section A,2026-08-10,25,20,5,0.8,1
ENHS_SYN_0001,Grade 7,Section A,2026-08-17,25,20,5,0.8,1
ENHS_SYN_0001,Grade 7,Section A,2026-08-24,25,23,2,0.92,1
ENHS_SYN_0001,Grade 7,Section A,2026-08-31,25,19,6,0.76,1
ENHS_SYN_0001,Grade 7,Section A,2026-09-07,25,25,0,1.0,0
ENHS_SYN_0001,Grade 7,Section A,2026-09-14,25,24,1,0.96,1
ENHS_SYN_0001,Grade 7,Section A,2026-09-21,25,21,4,0.84,1
ENHS_SYN_0001,Grade 7,Section A,2026-09-28,25,20,5,0.8,1
ENHS_SYN_0001,Grade 7,Section A,2026-10-05,25,19,6,0.76,1
ENHS_SYN_0001,Grade 7,Section A,2026-10-12,25,22,3,0.88,1
ENHS_SYN_0001,Grade 7,Section A,2026-10-19,25,23,2,0.92,1
ENHS_SYN_0002,Grade 7,Section A,2026-08-03,25,24,1,0.96,1
ENHS_SYN_0002,Grade 7,Section A,2026-08-10,25,24,1,0.96,1
ENHS_SYN_0002,Grade 7,Section A,2026-08-17,25,23,2,0.92,1
ENHS_SYN_0002,Grade 7,Section A,2026-08-24,25,22,3,0.88,1
ENHS_SYN_0002,Grade 7,Section A,2026-08-31,25,24,1,0.96,1
ENHS_SYN_0002,Grade 7,Section A,2026-09-07,25,21,4,0.84,1
ENHS_SYN_0002,Grade 7,Section A,2026-09-14,25,21,4,0.84,1
ENHS_SYN_0002,Grade 7,Section A,2026-09-21,25,23,2,0.92,1
ENHS_SYN_0002,Grade 7,Section A,2026-09-28,25,23,2,0.92,1
ENHS_SYN_0002,Grade 7,Section A,2026-10-05,25,22,3,0.88,1
ENHS_SYN_0002,Grade 7,Section A,2026-10-12,25,22,3,0.88,1
ENHS_SYN_0002,Grade 7,Section A,2026-10-19,25,18,7,0.72,1
ENHS_SYN_0003,Grade 7,Section A,2026-08-03,25,17,8,0.68,1
ENHS_SYN_0003,Grade 7,Section A,2026-08-10,25,18,7,0.72,1
ENHS_SYN_0003,Grade 7,Section A,2026-08-17,25,18,7,0.72,1
ENHS_SYN_0003,Grade 7,Section A,2026-08-24,25,22,3,0.88,1
ENHS_SYN_0003,Grade 7,Section A,2026-08-31,25,21,4,0.84,1
ENHS_SYN_0003,Grade 7,Section A,2026-09-07,25,18,7,0.72,1
ENHS_SYN_0003,Grade 7,Section A,2026-09-14,25,18,7,0.72,1
ENHS_SYN_0003,Grade 7,Section A,2026-09-21,25,17,8,0.68,1
ENHS_SYN_0003,Grade 7,Section A,2026-09-28,25,21,4,0.84,1
ENHS_SYN_0003,Grade 7,Section A,2026-10-05,25,19,6,0.76,1
ENHS_SYN_0003,Grade 7,Section A,2026-10-12,25,19,6,0.76,1
ENHS_SYN_0003,Grade 7,Section A,2026-10-19,24,18,6,0.75,1
ENHS_SYN_0004,Grade 7,Section A,2026-08-03,25,21,4,0.84,1
ENHS_SYN_0004,Grade 7,Section A,2026-08-10,25,23,2,0.92,1
ENHS_SYN_0004,Grade 7,Section A,2026-08-17,25,22,3,0.88,1
ENHS_SYN_0004,Grade 7,Section A,2026-08-24,25,23,2,0.92,1
ENHS_SYN_0004,Grade 7,Section A,2026-08-31,25,20,5,0.8,1
ENHS_SYN_0004,Grade 7,Section A,2026-09-07,25,20,5,0.8,1
ENHS_SYN_0004,Grade 7,Section A,2026-09-14,25,19,6,0.76,1
ENHS_SYN_0004,Grade 7,Section A,2026-09-21,25,21,4,0.84,1
ENHS_SYN_0004,Grade 7,Section A,2026-09-28,25,21,4,0.84,1
ENHS_SYN_0004,Grade 7,Section A,2026-10-05,25,22,3,0.88,1
ENHS_SYN_0004,Grade 7,Section A,2026-10-12,25,20,5,0.8,1
ENHS_SYN_0004,Grade 7,Section A,2026-10-19,24,21,3,0.875,1
ENHS_SYN_0005,Grade 7,Section A,2026-08-03,25,20,5,0.8,1
ENHS_SYN_0005,Grade 7,Section A,2026-08-10,25,21,4,0.84,1
ENHS_SYN_0005,Grade 7,Section A,2026-08-17,25,22,3,0.88,1
ENHS_SYN_0005,Grade 7,Section A,2026-08-24,25,18,7,0.72,1
ENHS_SYN_0005,Grade 7,Section A,2026-08-31,25,21,4,0.84,1
ENHS_SYN_0005,Grade 7,Section A,2026-09-07,25,19,6,0.76,1
ENHS_SYN_0005,Grade 7,Section A,2026-09-14,25,13,12,0.52,1
ENHS_SYN_0005,Grade 7,Section A,2026-09-21,25,20,5,0.8,1
ENHS_SYN_0005,Grade 7,Section A,2026-09-28,25,20,5,0.8,1
ENHS_SYN_0005,Grade 7,Section A,2026-10-05,25,16,9,0.64,1
ENHS_SYN_0005,Grade 7,Section A,2026-10-12,25,20,5,0.8,1
ENHS_SYN_0005,Grade 7,Section A,2026-10-19,25,19,6,0.76,1
ENHS_SYN_0006,Grade 7,Section A,2026-08-03,25,16,9,0.64,1
ENHS_SYN_0006,Grade 7,Section A,2026-08-10,25,19,6,0.76,1
ENHS_SYN_0006,Grade 7,Section A,2026-08-17,25,19,6,0.76,1
ENHS_SYN_0006,Grade 7,Section A,2026-08-24,25,22,3,0.88,1
ENHS_SYN_0006,Grade 7,Section A,2026-08-31,25,19,6,0.76,1
ENHS_SYN_0006,Grade 7,Section A,2026-09-07,25,21,4,0.84,1
ENHS_SYN_0006,Grade 7,Section A,2026-09-14,25,21,4,0.84,1
ENHS_SYN_0006,Grade 7,Section A,2026-09-21,25,18,7,0.72,1
ENHS_SYN_0006,Grade 7,Section A,2026-09-28,24,19,5,0.7917,1
ENHS_SYN_0006,Grade 7,Section A,2026-10-05,25,17,8,0.68,1
ENHS_SYN_0006,Grade 7,Section A,2026-10-12,25,18,7,0.72,1
ENHS_SYN_0006,Grade 7,Section A,2026-10-19,25,21,4,0.84,1
ENHS_SYN_0007,Grade 7,Section A,2026-08-03,25,24,1,0.96,1
ENHS_SYN_0007,Grade 7,Section A,2026-08-10,25,19,6,0.76,1
ENHS_SYN_0007,Grade 7,Section A,2026-08-17,24,20,4,0.8333,1
ENHS_SYN_0007,Grade 7,Section A,2026-08-24,25,17,8,0.68,1
ENHS_SYN_0007,Grade 7,Section A,2026-08-31,25,19,6,0.76,1
ENHS_SYN_0007,Grade 7,Section A,2026-09-07,25,17,8,0.68,1
ENHS_SYN_0007,Grade 7,Section A,2026-09-14,25,23,2,0.92,1
ENHS_SYN_0007,Grade 7,Section A,2026-09-21,25,19,6,0.76,1
ENHS_SYN_0007,Grade 7,Section A,2026-09-28,25,22,3,0.88,1
ENHS_SYN_0007,Grade 7,Section A,2026-10-05,25,20,5,0.8,1
ENHS_SYN_0007,Grade 7,Section A,2026-10-12,25,21,4,0.84,1
ENHS_SYN_0007,Grade 7,Section A,2026-10-19,25,18,7,0.72,1
ENHS_SYN_0008,Grade 7,Section A,2026-08-03,25,25,0,1.0,0
ENHS_SYN_0008,Grade 7,Section A,2026-08-10,25,23,2,0.92,1
ENHS_SYN_0008,Grade 7,Section A,2026-08-17,25,23,2,0.92,1
ENHS_SYN_0008,Grade 7,Section A,2026-08-24,24,24,0,1.0,0
ENHS_SYN_0008,Grade 7,Section A,2026-08-31,25,25,0,1.0,0
ENHS_SYN_0008,Grade 7,Section A,2026-09-07,25,22,3,0.88,1
ENHS_SYN_0008,Grade 7,Section A,2026-09-14,25,19,6,0.76,1
ENHS_SYN_0008,Grade 7,Section A,2026-09-21,25,25,0,1.0,0
ENHS_SYN_0008,Grade 7,Section A,2026-09-28,25,23,2,0.92,1
ENHS_SYN_0008,Grade 7,Section A,2026-10-05,25,21,4,0.84,1
ENHS_SYN_0008,Grade 7,Section A,2026-10-12,25,23,2,0.92,1
ENHS_SYN_0008,Grade 7,Section A,2026-10-19,25,25,0,1.0,0
ENHS_SYN_0009,Grade 7,Section A,2026-08-03,25,20,5,0.8,1
ENHS_SYN_0009,Grade 7,Section A,2026-08-10,25,21,4,0.84,1
ENHS_SYN_0009,Grade 7,Section A,2026-08-17,25,17,8,0.68,1
ENHS_SYN_0009,Grade 7,Section A,2026-08-24,25,17,8,0.68,1
ENHS_SYN_0009,Grade 7,Section A,2026-08-31,25,19,6,0.76,1
ENHS_SYN_0009,Grade 7,Section A,2026-09-07,25,20,5,0.8,1
ENHS_SYN_0009,Grade 7,Section A,2026-09-14,25,18,7,0.72,1
ENHS_SYN_0009,Grade 7,Section A,2026-09-21,25,18,7,0.72,1
ENHS_SYN_0009,Grade 7,Section A,2026-09-28,25,18,7,0.72,1
ENHS_SYN_0009,Grade 7,Section A,2026-10-05,25,21,4,0.84,1
ENHS_SYN_0009,Grade 7,Section A,2026-10-12,25,17,8,0.68,1
ENHS_SYN_0009,Grade 7,Section A,2026-10-19,25,19,6,0.76,1
ENHS_SYN_0010,Grade 7,Section A,2026-08-03,25,23,2,0.92,1
ENHS_SYN_0010,Grade 7,Section A,2026-08-10,25,20,5,0.8,1
ENHS_SYN_0010,Grade 7,Section A,2026-08-17,25,23,2,0.92,1
ENHS_SYN_0010,Grade 7,Section A,2026-08-24,25,22,3,0.88,1
ENHS_SYN_0010,Grade 7,Section A,2026-08-31,25,24,1,0.96,1
ENHS_SYN_0010,Grade 7,Section A,2026-09-07,25,22,3,0.88,1
ENHS_SYN_0010,Grade 7,Section A,2026-09-14,25,25,0,1.0,0
ENHS_SYN_0010,Grade 7,Section A,2026-09-21,25,21,4,0.84,1
ENHS_SYN_0010,Grade 7,Section A,2026-09-28,25,22,3,0.88,1
ENHS_SYN_0010,Grade 7,Section A,2026-10-05,25,23,2,0.92,1
ENHS_SYN_0010,Grade 7,Section A,2026-10-12,24,22,2,0.9167,1
ENHS_SYN_0010,Grade 7,Section A,2026-10-19,25,22,3,0.88,1
ENHS_SYN_0011,Grade 7,Section A,2026-08-03,25,23,2,0.92,1
ENHS_SYN_0011,Grade 7,Section A,2026-08-10,25,23,2,0.92,1
ENHS_SYN_0011,Grade 7,Section A,2026-08-17,25,24,1,0.96,1
ENHS_SYN_0011,Grade 7,Section A,2026-08-24,24,21,3,0.875,1
ENHS_SYN_0011,Grade 7,Section A,2026-08-31,25,25,0,1.0,0
ENHS_SYN_0011,Grade 7,Section A,2026-09-07,25,22,3,0.88,1
ENHS_SYN_0011,Grade 7,Section A,2026-09-14,25,22,3,0.88,1
ENHS_SYN_0011,Grade 7,Section A,2026-09-21,25,23,2,0.92,1
ENHS_SYN_0011,Grade 7,Section A,2026-09-28,25,22,3,0.88,1
ENHS_SYN_0011,Grade 7,Section A,2026-10-05,24,23,1,0.9583,1
ENHS_SYN_0011,Grade 7,Section A,2026-10-12,25,25,0,1.0,0
ENHS_SYN_0011,Grade 7,Section A,2026-10-19,25,21,4,0.84,1
ENHS_SYN_0012,Grade 7,Section A,2026-08-03,25,22,3,0.88,1
ENHS_SYN_0012,Grade 7,Section A,2026-08-10,25,20,5,0.8,1
ENHS_SYN_0012,Grade 7,Section A,2026-08-17,25,20,5,0.8,1
ENHS_SYN_0012,Grade 7,Section A,2026-08-24,25,21,4,0.84,1
ENHS_SYN_0012,Grade 7,Section A,2026-08-31,25,21,4,0.84,1
ENHS_SYN_0012,Grade 7,Section A,2026-09-07,25,21,4,0.84,1
ENHS_SYN_0012,Grade 7,Section A,2026-09-14,25,20,5,0.8,1
ENHS_SYN_0012,Grade 7,Section A,2026-09-21,24,18,6,0.75,1
ENHS_SYN_0012,Grade 7,Section A,2026-09-28,25,21,4,0.84,1
ENHS_SYN_0012,Grade 7,Section A,2026-10-05,25,19,6,0.76,1
ENHS_SYN_0012,Grade 7,Section A,2026-10-12,25,22,3,0.88,1
ENHS_SYN_0012,Grade 7,Section A,2026-10-19,25,18,7,0.72,1
ENHS_SYN_0013,Grade 7,Section A,2026-08-03,25,21,4,0.84,1
ENHS_SYN_0013,Grade 7,Section A,2026-08-10,25,24,1,0.96,1
ENHS_SYN_0013,Grade 7,Section A,2026-08-17,25,23,2,0.92,1
ENHS_SYN_0013,Grade 7,Section A,2026-08-24,25,22,3,0.88,1
ENHS_SYN_0013,Grade 7,Section A,2026-08-31,25,22,3,0.88,1
ENHS_SYN_0013,Grade 7,Section A,2026-09-07,25,21,4,0.84,1
ENHS_SYN_0013,Grade 7,Section A,2026-09-14,25,20,5,0.8,1
ENHS_SYN_0013,Grade 7,Section A,2026-09-21,25,20,5,0.8,1
ENHS_SYN_0013,Grade 7,Section A,2026-09-28,25,24,1,0.96,1
ENHS_SYN_0013,Grade 7,Section A,2026-10-05,25,21,4,0.84,1
ENHS_SYN_0013,Grade 7,Section A,2026-10-12,25,23,2,0.92,1
ENHS_SYN_0013,Grade 7,Section A,2026-10-19,25,23,2,0.92,1
ENHS_SYN_0014,Grade 7,Section A,2026-08-03,25,18,7,0.72,1
ENHS_SYN_0014,Grade 7,Section A,2026-08-10,25,22,3,0.88,1
ENHS_SYN_0014,Grade 7,Section A,2026-08-17,25,23,2,0.92,1
ENHS_SYN_0014,Grade 7,Section A,2026-08-24,25,24,1,0.96,1
ENHS_SYN_0014,Grade 7,Section A,2026-08-31,25,23,2,0.92,1
ENHS_SYN_0014,Grade 7,Section A,2026-09-07,24,23,1,0.9583,1
ENHS_SYN_0014,Grade 7,Section A,2026-09-14,25,24,1,0.96,1
ENHS_SYN_0014,Grade 7,Section A,2026-09-21,25,25,0,1.0,0
ENHS_SYN_0014,Grade 7,Section A,2026-09-28,25,22,3,0.88,1
ENHS_SYN_0014,Grade 7,Section A,2026-10-05,25,23,2,0.92,1
ENHS_SYN_0014,Grade 7,Section A,2026-10-12,25,22,3,0.88,1
ENHS_SYN_0014,Grade 7,Section A,2026-10-19,25,22,3,0.88,1
ENHS_SYN_0015,Grade 7,Section A,2026-08-03,25,23,2,0.92,1
ENHS_SYN_0015,Grade 7,Section A,2026-08-10,25,24,1,0.96,1
ENHS_SYN_0015,Grade 7,Section A,2026-08-17,25,24,1,0.96,1
ENHS_SYN_0015,Grade 7,Section A,2026-08-24,25,22,3,0.88,1
ENHS_SYN_0015,Grade 7,Section A,2026-08-31,25,22,3,0.88,1
ENHS_SYN_0015,Grade 7,Section A,2026-09-07,25,23,2,0.92,1
ENHS_SYN_0015,Grade 7,Section A,2026-09-14,25,25,0,1.0,0
ENHS_SYN_0015,Grade 7,Section A,2026-09-21,25,22,3,0.88,1
ENHS_SYN_0015,Grade 7,Section A,2026-09-28,25,23,2,0.92,1
ENHS_SYN_0015,Grade 7,Section A,2026-10-05,25,23,2,0.92,1
ENHS_SYN_0015,Grade 7,Section A,2026-10-12,25,24,1,0.96,1
ENHS_SYN_0015,Grade 7,Section A,2026-10-19,25,23,2,0.92,1
ENHS_SYN_0016,Grade 7,Section A,2026-08-03,25,23,2,0.92,1
ENHS_SYN_0016,Grade 7,Section A,2026-08-10,25,25,0,1.0,0
ENHS_SYN_0016,Grade 7,Section A,2026-08-17,24,24,0,1.0,0
ENHS_SYN_0016,Grade 7,Section A,2026-08-24,25,25,0,1.0,0
ENHS_SYN_0016,Grade 7,Section A,2026-08-31,25,25,0,1.0,0
ENHS_SYN_0016,Grade 7,Section A,2026-09-07,25,23,2,0.92,1
ENHS_SYN_0016,Grade 7,Section A,2026-09-14,25,25,0,1.0,0
ENHS_SYN_0016,Grade 7,Section A,2026-09-21,25,23,2,0.92,1
ENHS_SYN_0016,Grade 7,Section A,2026-09-28,25,25,0,1.0,0
ENHS_SYN_0016,Grade 7,Section A,2026-10-05,25,24,1,0.96,1
ENHS_SYN_0016,Grade 7,Section A,2026-10-12,25,25,0,1.0,0
ENHS_SYN_0016,Grade 7,Section A,2026-10-19,25,24,1,0.96,1
ENHS_SYN_0017,Grade 7,Section A,2026-08-03,25,24,1,0.96,1
ENHS_SYN_0017,Grade 7,Section A,2026-08-10,25,24,1,0.96,1
ENHS_SYN_0017,Grade 7,Section A,2026-08-17,24,20,4,0.8333,1
ENHS_SYN_0017,Grade 7,Section A,2026-08-24,25,22,3,0.88,1
ENHS_SYN_0017,Grade 7,Section A,2026-08-31,25,22,3,0.88,1
ENHS_SYN_0017,Grade 7,Section A,2026-09-07,25,23,2,0.92,1
ENHS_SYN_0017,Grade 7,Section A,2026-09-14,25,22,3,0.88,1
ENHS_SYN_0017,Grade 7,Section A,2026-09-21,25,23,2,0.92,1
ENHS_SYN_0017,Grade 7,Section A,2026-09-28,25,23,2,0.92,1
ENHS_SYN_0017,Grade 7,Section A,2026-10-05,25,23,2,0.92,1
ENHS_SYN_0017,Grade 7,Section A,2026-10-12,25,24,1,0.96,1
ENHS_SYN_0017,Grade 7,Section A,2026-10-19,25,21,4,0.84,1
ENHS_SYN_0018,Grade 7,Section A,2026-08-03,25,23,2,0.92,1
ENHS_SYN_0018,Grade 7,Section A,2026-08-10,25,23,2,0.92,1
ENHS_SYN_0018,Grade 7,Section A,2026-08-17,25,24,1,0.96,1
ENHS_SYN_0018,Grade 7,Section A,2026-08-24,25,25,0,1.0,0
ENHS_SYN_0018,Grade 7,Section A,2026-08-31,25,22,3,0.88,1
ENHS_SYN_0018,Grade 7,Section A,2026-09-07,25,24,1,0.96,1
ENHS_SYN_0018,Grade 7,Section A,2026-09-14,25,22,3,0.88,1
ENHS_SYN_0018,Grade 7,Section A,2026-09-21,25,23,2,0.92,1
ENHS_SYN_0018,Grade 7,Section A,2026-09-28,25,21,4,0.84,1
ENHS_SYN_0018,Grade 7,Section A,2026-10-05,25,24,1,0.96,1
ENHS_SYN_0018,Grade 7,Section A,2026-10-12,25,23,2,0.92,1
ENHS_SYN_0018,Grade 7,Section A,2026-10-19,25,25,0,1.0,0
ENHS_SYN_0019,Grade 7,Section A,2026-08-03,25,21,4,0.84,1
ENHS_SYN_0019,Grade 7,Section A,2026-08-10,25,20,5,0.8,1
ENHS_SYN_0019,Grade 7,Section A,2026-08-17,24,20,4,0.8333,1
ENHS_SYN_0019,Grade 7,Section A,2026-08-24,25,18,7,0.72,1
ENHS_SYN_0019,Grade 7,Section A,2026-08-31,25,19,6,0.76,1
ENHS_SYN_0019,Grade 7,Section A,2026-09-07,24,19,5,0.7917,1
ENHS_SYN_0019,Grade 7,Section A,2026-09-14,25,21,4,0.84,1
ENHS_SYN_0019,Grade 7,Section A,2026-09-21,25,19,6,0.76,1
ENHS_SYN_0019,Grade 7,Section A,2026-09-28,25,23,2,0.92,1
ENHS_SYN_0019,Grade 7,Section A,2026-10-05,25,22,3,0.88,1
ENHS_SYN_0019,Grade 7,Section A,2026-10-12,25,16,9,0.64,1
ENHS_SYN_0019,Grade 7,Section A,2026-10-19,25,19,6,0.76,1
ENHS_SYN_0020,Grade 7,Section A,2026-08-03,25,21,4,0.84,1
ENHS_SYN_0020,Grade 7,Section A,2026-08-10,25,24,1,0.96,1
ENHS_SYN_0020,Grade 7,Section A,2026-08-17,25,23,2,0.92,1
ENHS_SYN_0020,Grade 7,Section A,2026-08-24,25,24,1,0.96,1
ENHS_SYN_0020,Grade 7,Section A,2026-08-31,25,23,2,0.92,1
ENHS_SYN_0020,Grade 7,Section A,2026-09-07,25,23,2,0.92,1
ENHS_SYN_0020,Grade 7,Section A,2026-09-14,25,22,3,0.88,1
ENHS_SYN_0020,Grade 7,Section A,2026-09-21,25,23,2,0.92,1
ENHS_SYN_0020,Grade 7,Section A,2026-09-28,24,22,2,0.9167,1
ENHS_SYN_0020,Grade 7,Section A,2026-10-05,25,20,5,0.8,1
ENHS_SYN_0020,Grade 7,Section A,2026-10-12,25,24,1,0.96,1
ENHS_SYN_0020,Grade 7,Section A,2026-10-19,25,23,2,0.92,1
ENHS_SYN_0021,Grade 7,Section A,2026-08-03,25,23,2,0.92,1
ENHS_SYN_0021,Grade 7,Section A,2026-08-10,25,22,3,0.88,1
ENHS_SYN_0021,Grade 7,Section A,2026-08-17,25,22,3,0.88,1
ENHS_SYN_0021,Grade 7,Section A,2026-08-24,25,19,6,0.76,1
ENHS_SYN_0021,Grade 7,Section A,2026-08-31,25,22,3,0.88,1
ENHS_SYN_0021,Grade 7,Section A,2026-09-07,25,23,2,0.92,1
ENHS_SYN_0021,Grade 7,Section A,2026-09-14,25,21,4,0.84,1
ENHS_SYN_0021,Grade 7,Section A,2026-09-21,25,21,4,0.84,1
ENHS_SYN_0021,Grade 7,Section A,2026-09-28,25,21,4,0.84,1
ENHS_SYN_0021,Grade 7,Section A,2026-10-05,25,23,2,0.92,1
ENHS_SYN_0021,Grade 7,Section A,2026-10-12,25,21,4,0.84,1
ENHS_SYN_0021,Grade 7,Section A,2026-10-19,25,21,4,0.84,1
ENHS_SYN_0022,Grade 7,Section A,2026-08-03,25,21,4,0.84,1
ENHS_SYN_0022,Grade 7,Section A,2026-08-10,25,18,7,0.72,1
ENHS_SYN_0022,Grade 7,Section A,2026-08-17,25,20,5,0.8,1
ENHS_SYN_0022,Grade 7,Section A,2026-08-24,25,20,5,0.8,1
ENHS_SYN_0022,Grade 7,Section A,2026-08-31,25,19,6,0.76,1
ENHS_SYN_0022,Grade 7,Section A,2026-09-07,25,22,3,0.88,1
ENHS_SYN_0022,Grade 7,Section A,2026-09-14,25,17,8,0.68,1
ENHS_SYN_0022,Grade 7,Section A,2026-09-21,24,20,4,0.8333,1
ENHS_SYN_0022,Grade 7,Section A,2026-09-28,25,20,5,0.8,1
ENHS_SYN_0022,Grade 7,Section A,2026-10-05,25,20,5,0.8,1
ENHS_SYN_0022,Grade 7,Section A,2026-10-12,25,22,3,0.88,1
ENHS_SYN_0022,Grade 7,Section A,2026-10-19,25,22,3,0.88,1
ENHS_SYN_0023,Grade 7,Section A,2026-08-03,25,18,7,0.72,1
ENHS_SYN_0023,Grade 7,Section A,2026-08-10,25,23,2,0.92,1
ENHS_SYN_0023,Grade 7,Section A,2026-08-17,25,14,11,0.56,1
ENHS_SYN_0023,Grade 7,Section A,2026-08-24,25,21,4,0.84,1
ENHS_SYN_0023,Grade 7,Section A,2026-08-31,25,24,1,0.96,1
ENHS_SYN_0023,Grade 7,Section A,2026-09-07,25,25,0,1.0,0
ENHS_SYN_0023,Grade 7,Section A,2026-09-14,25,17,8,0.68,1
ENHS_SYN_0023,Grade 7,Section A,2026-09-21,25,17,8,0.68,1
ENHS_SYN_0023,Grade 7,Section A,2026-09-28,25,21,4,0.84,1
ENHS_SYN_0023,Grade 7,Section A,2026-10-05,25,19,6,0.76,1
ENHS_SYN_0023,Grade 7,Section A,2026-10-12,25,22,3,0.88,1
ENHS_SYN_0023,Grade 7,Section A,2026-10-19,25,22,3,0.88,1
ENHS_SYN_0024,Grade 7,Section A,2026-08-03,25,23,2,0.92,1
ENHS_SYN_0024,Grade 7,Section A,2026-08-10,25,24,1,0.96,1
ENHS_SYN_0024,Grade 7,Section A,2026-08-17,25,22,3,0.88,1
ENHS_SYN_0024,Grade 7,Section A,2026-08-24,25,19,6,0.76,1
ENHS_SYN_0024,Grade 7,Section A,2026-08-31,25,22,3,0.88,1
ENHS_SYN_0024,Grade 7,Section A,2026-09-07,25,22,3,0.88,1
ENHS_SYN_0024,Grade 7,Section A,2026-09-14,25,22,3,0.88,1
ENHS_SYN_0024,Grade 7,Section A,2026-09-21,25,22,3,0.88,1
ENHS_SYN_0024,Grade 7,Section A,2026-09-28,25,22,3,0.88,1
ENHS_SYN_0024,Grade 7,Section A,2026-10-05,25,23,2,0.92,1
ENHS_SYN_0024,Grade 7,Section A,2026-10-12,25,23,2,0.92,1
ENHS_SYN_0024,Grade 7,Section A,2026-10-19,25,22,3,0.88,1
ENHS_SYN_0025,Grade 7,Section A,2026-08-03,25,22,3,0.88,1
ENHS_SYN_0025,Grade 7,Section A,2026-08-10,25,21,4,0.84,1
ENHS_SYN_0025,Grade 7,Section A,2026-08-17,25,22,3,0.88,1
ENHS_SYN_0025,Grade 7,Section A,2026-08-24,25,23,2,0.92,1
ENHS_SYN_0025,Grade 7,Section A,2026-08-31,25,22,3,0.88,1
ENHS_SYN_0025,Grade 7,Section A,2026-09-07,25,22,3,0.88,1
ENHS_SYN_0025,Grade 7,Section A,2026-09-14,25,20,5,0.8,1
ENHS_SYN_0025,Grade 7,Section A,2026-09-21,24,22,2,0.9167,1
ENHS_SYN_0025,Grade 7,Section A,2026-09-28,25,23,2,0.92,1
ENHS_SYN_0025,Grade 7,Section A,2026-10-05,25,24,1,0.96,1
ENHS_SYN_0025,Grade 7,Section A,2026-10-12,25,23,2,0.92,1
ENHS_SYN_0025,Grade 7,Section A,2026-10-19,25,20,5,0.8,1
ENHS_SYN_0026,Grade 7,Section A,2026-08-03,24,18,6,0.75,1
ENHS_SYN_0026,Grade 7,Section A,2026-08-10,25,21,4,0.84,1
ENHS_SYN_0026,Grade 7,Section A,2026-08-17,25,21,4,0.84,1
ENHS_SYN_0026,Grade 7,Section A,2026-08-24,25,23,2,0.92,1
ENHS_SYN_0026,Grade 7,Section A,2026-08-31,25,18,7,0.72,1
ENHS_SYN_0026,Grade 7,Section A,2026-09-07,25,15,10,0.6,1
ENHS_SYN_0026,Grade 7,Section A,2026-09-14,25,18,7,0.72,1
ENHS_SYN_0026,Grade 7,Section A,2026-09-21,25,20,5,0.8,1
ENHS_SYN_0026,Grade 7,Section A,2026-09-28,25,18,7,0.72,1
ENHS_SYN_0026,Grade 7,Section A,2026-10-05,25,19,6,0.76,1
ENHS_SYN_0026,Grade 7,Section A,2026-10-12,25,19,6,0.76,1
ENHS_SYN_0026,Grade 7,Section A,2026-10-19,25,19,6,0.76,1
ENHS_SYN_0027,Grade 7,Section A,2026-08-03,25,18,7,0.72,1
ENHS_SYN_0027,Grade 7,Section A,2026-08-10,25,22,3,0.88,1
ENHS_SYN_0027,Grade 7,Section A,2026-08-17,25,24,1,0.96,1
ENHS_SYN_0027,Grade 7,Section A,2026-08-24,25,23,2,0.92,1
ENHS_SYN_0027,Grade 7,Section A,2026-08-31,25,20,5,0.8,1
ENHS_SYN_0027,Grade 7,Section A,2026-09-07,25,21,4,0.84,1
ENHS_SYN_0027,Grade 7,Section A,2026-09-14,25,18,7,0.72,1
ENHS_SYN_0027,Grade 7,Section A,2026-09-21,25,18,7,0.72,1
ENHS_SYN_0027,Grade 7,Section A,2026-09-28,25,18,7,0.72,1
ENHS_SYN_0027,Grade 7,Section A,2026-10-05,25,18,7,0.72,1
ENHS_SYN_0027,Grade 7,Section A,2026-10-12,25,21,4,0.84,1
ENHS_SYN_0027,Grade 7,Section A,2026-10-19,25,22,3,0.88,1
ENHS_SYN_0028,Grade 7,Section A,2026-08-03,25,19,6,0.76,1
ENHS_SYN_0028,Grade 7,Section A,2026-08-10,25,25,0,1.0,0
ENHS_SYN_0028,Grade 7,Section A,2026-08-17,25,21,4,0.84,1
ENHS_SYN_0028,Grade 7,Section A,2026-08-24,25,16,9,0.64,1
ENHS_SYN_0028,Grade 7,Section A,2026-08-31,25,22,3,0.88,1
ENHS_SYN_0028,Grade 7,Section A,2026-09-07,25,19,6,0.76,1
ENHS_SYN_0028,Grade 7,Section A,2026-09-14,25,22,3,0.88,1
ENHS_SYN_0028,Grade 7,Section A,2026-09-21,25,21,4,0.84,1
ENHS_SYN_0028,Grade 7,Section A,2026-09-28,25,16,9,0.64,1
ENHS_SYN_0028,Grade 7,Section A,2026-10-05,25,19,6,0.76,1
ENHS_SYN_0028,Grade 7,Section A,2026-10-12,24,22,2,0.9167,1
ENHS_SYN_0028,Grade 7,Section A,2026-10-19,25,22,3,0.88,1
ENHS_SYN_0029,Grade 7,Section A,2026-08-03,25,22,3,0.88,1
ENHS_SYN_0029,Grade 7,Section A,2026-08-10,25,22,3,0.88,1
ENHS_SYN_0029,Grade 7,Section A,2026-08-17,25,22,3,0.88,1
ENHS_SYN_0029,Grade 7,Section A,2026-08-24,25,23,2,0.92,1
ENHS_SYN_0029,Grade 7,Section A,2026-08-31,25,19,6,0.76,1
ENHS_SYN_0029,Grade 7,Section A,2026-09-07,25,21,4,0.84,1
ENHS_SYN_0029,Grade 7,Section A,2026-09-14,25,23,2,0.92,1
ENHS_SYN_0029,Grade 7,Section A,2026-09-21,25,20,5,0.8,1
ENHS_SYN_0029,Grade 7,Section A,2026-09-28,25,20,5,0.8,1
ENHS_SYN_0029,Grade 7,Section A,2026-10-05,25,22,3,0.88,1
ENHS_SYN_0029,Grade 7,Section A,2026-10-12,25,23,2,0.92,1
ENHS_SYN_0029,Grade 7,Section A,2026-10-19,25,22,3,0.88,1
ENHS_SYN_0030,Grade 7,Section A,2026-08-03,25,23,2,0.92,1
ENHS_SYN_0030,Grade 7,Section A,2026-08-10,25,25,0,1.0,0
ENHS_SYN_0030,Grade 7,Section A,2026-08-17,25,25,0,1.0,0
ENHS_SYN_0030,Grade 7,Section A,2026-08-24,25,23,2,0.92,1
ENHS_SYN_0030,Grade 7,Section A,2026-08-31,25,24,1,0.96,1
ENHS_SYN_0030,Grade 7,Section A,2026-09-07,25,23,2,0.92,1
ENHS_SYN_0030,Grade 7,Section A,2026-09-14,25,23,2,0.92,1
ENHS_SYN_0030,Grade 7,Section A,2026-09-21,25,24,1,0.96,1
ENHS_SYN_0030,Grade 7,Section A,2026-09-28,25,25,0,1.0,0
ENHS_SYN_0030,Grade 7,Section A,2026-10-05,25,24,1,0.96,1
ENHS_SYN_0030,Grade 7,Section A,2026-10-12,25,25,0,1.0,0
ENHS_SYN_0030,Grade 7,Section A,2026-10-19,25,25,0,1.0,0
ENHS_SYN_0031,Grade 7,Section A,2026-08-03,25,24,1,0.96,1
ENHS_SYN_0031,Grade 7,Section A,2026-08-10,25,23,2,0.92,1
ENHS_SYN_0031,Grade 7,Section A,2026-08-17,25,24,1,0.96,1
ENHS_SYN_0031,Grade 7,Section A,2026-08-24,25,24,1,0.96,1
ENHS_SYN_0031,Grade 7,Section A,2026-08-31,25,24,1,0.96,1
ENHS_SYN_0031,Grade 7,Section A,2026-09-07,25,25,0,1.0,0
ENHS_SYN_0031,Grade 7,Section A,2026-09-14,25,21,4,0.84,1
ENHS_SYN_0031,Grade 7,Section A,2026-09-21,25,21,4,0.84,1
ENHS_SYN_0031,Grade 7,Section A,2026-09-28,25,22,3,0.88,1
ENHS_SYN_0031,Grade 7,Section A,2026-10-05,25,21,4,0.84,1
ENHS_SYN_0031,Grade 7,Section A,2026-10-12,25,18,7,0.72,1
ENHS_SYN_0031,Grade 7,Section A,2026-10-19,25,21,4,0.84,1
ENHS_SYN_0032,Grade 7,Section A,2026-08-03,25,21,4,0.84,1
ENHS_SYN_0032,Grade 7,Section A,2026-08-10,25,22,3,0.88,1
ENHS_SYN_0032,Grade 7,Section A,2026-08-17,25,20,5,0.8,1
ENHS_SYN_0032,Grade 7,Section A,2026-08-24,25,20,5,0.8,1
ENHS_SYN_0032,Grade 7,Section A,2026-08-31,25,22,3,0.88,1
ENHS_SYN_0032,Grade 7,Section A,2026-09-07,25,21,4,0.84,1
ENHS_SYN_0032,Grade 7,Section A,2026-09-14,25,21,4,0.84,1
ENHS_SYN_0032,Grade 7,Section A,2026-09-21,25,20,5,0.8,1
ENHS_SYN_0032,Grade 7,Section A,2026-09-28,25,23,2,0.92,1
ENHS_SYN_0032,Grade 7,Section A,2026-10-05,25,22,3,0.88,1
ENHS_SYN_0032,Grade 7,Section A,2026-10-12,25,22,3,0.88,1
ENHS_SYN_0032,Grade 7,Section A,2026-10-19,25,23,2,0.92,1
ENHS_SYN_0033,Grade 7,Section A,2026-08-03,25,22,3,0.88,1
ENHS_SYN_0033,Grade 7,Section A,2026-08-10,25,21,4,0.84,1
ENHS_SYN_0033,Grade 7,Section A,2026-08-17,25,18,7,0.72,1
ENHS_SYN_0033,Grade 7,Section A,2026-08-24,25,17,8,0.68,1
ENHS_SYN_0033,Grade 7,Section A,2026-08-31,25,17,8,0.68,1
ENHS_SYN_0033,Grade 7,Section A,2026-09-07,25,19,6,0.76,1
ENHS_SYN_0033,Grade 7,Section A,2026-09-14,25,18,7,0.72,1
ENHS_SYN_0033,Grade 7,Section A,2026-09-21,25,19,6,0.76,1
ENHS_SYN_0033,Grade 7,Section A,2026-09-28,25,19,6,0.76,1
ENHS_SYN_0033,Grade 7,Section A,2026-10-05,25,22,3,0.88,1
ENHS_SYN_0033,Grade 7,Section A,2026-10-12,25,21,4,0.84,1
ENHS_SYN_0033,Grade 7,Section A,2026-10-19,25,19,6,0.76,1
ENHS_SYN_0034,Grade 7,Section A,2026-08-03,25,19,6,0.76,1
ENHS_SYN_0034,Grade 7,Section A,2026-08-10,25,23,2,0.92,1
ENHS_SYN_0034,Grade 7,Section A,2026-08-17,25,23,2,0.92,1
ENHS_SYN_0034,Grade 7,Section A,2026-08-24,25,22,3,0.88,1
ENHS_SYN_0034,Grade 7,Section A,2026-08-31,25,19,6,0.76,1
ENHS_SYN_0034,Grade 7,Section A,2026-09-07,25,23,2,0.92,1
ENHS_SYN_0034,Grade 7,Section A,2026-09-14,25,21,4,0.84,1
ENHS_SYN_0034,Grade 7,Section A,2026-09-21,25,24,1,0.96,1
ENHS_SYN_0034,Grade 7,Section A,2026-09-28,25,21,4,0.84,1
ENHS_SYN_0034,Grade 7,Section A,2026-10-05,25,23,2,0.92,1
ENHS_SYN_0034,Grade 7,Section A,2026-10-12,25,23,2,0.92,1
ENHS_SYN_0034,Grade 7,Section A,2026-10-19,25,21,4,0.84,1
ENHS_SYN_0035,Grade 7,Section A,2026-08-03,25,21,4,0.84,1
ENHS_SYN_0035,Grade 7,Section A,2026-08-10,25,20,5,0.8,1
ENHS_SYN_0035,Grade 7,Section A,2026-08-17,25,19,6,0.76,1
ENHS_SYN_0035,Grade 7,Section A,2026-08-24,25,20,5,0.8,1
ENHS_SYN_0035,Grade 7,Section A,2026-08-31,25,20,5,0.8,1
ENHS_SYN_0035,Grade 7,Section A,2026-09-07,24,18,6,0.75,1
ENHS_SYN_0035,Grade 7,Section A,2026-09-14,25,23,2,0.92,1
ENHS_SYN_0035,Grade 7,Section A,2026-09-21,25,23,2,0.92,1
ENHS_SYN_0035,Grade 7,Section A,2026-09-28,25,21,4,0.84,1
ENHS_SYN_0035,Grade 7,Section A,2026-10-05,25,20,5,0.8,1
ENHS_SYN_0035,Grade 7,Section A,2026-10-12,25,20,5,0.8,1
ENHS_SYN_0035,Grade 7,Section A,2026-10-19,25,18,7,0.72,1
ENHS_SYN_0036,Grade 7,Section A,2026-08-03,25,21,4,0.84,1
ENHS_SYN_0036,Grade 7,Section A,2026-08-10,25,24,1,0.96,1
ENHS_SYN_0036,Grade 7,Section A,2026-08-17,25,22,3,0.88,1
ENHS_SYN_0036,Grade 7,Section A,2026-08-24,24,23,1,0.9583,1
ENHS_SYN_0036,Grade 7,Section A,2026-08-31,25,23,2,0.92,1
ENHS_SYN_0036,Grade 7,Section A,2026-09-07,25,25,0,1.0,0
ENHS_SYN_0036,Grade 7,Section A,2026-09-14,25,22,3,0.88,1
ENHS_SYN_0036,Grade 7,Section A,2026-09-21,25,22,3,0.88,1
ENHS_SYN_0036,Grade 7,Section A,2026-09-28,25,25,0,1.0,0
ENHS_SYN_0036,Grade 7,Section A,2026-10-05,25,22,3,0.88,1
ENHS_SYN_0036,Grade 7,Section A,2026-10-12,25,21,4,0.84,1
ENHS_SYN_0036,Grade 7,Section A,2026-10-19,25,24,1,0.96,1
ENHS_SYN_0037,Grade 7,Section A,2026-08-03,25,23,2,0.92,1
ENHS_SYN_0037,Grade 7,Section A,2026-08-10,25,24,1,0.96,1
ENHS_SYN_0037,Grade 7,Section A,2026-08-17,25,24,1,0.96,1
ENHS_SYN_0037,Grade 7,Section A,2026-08-24,25,21,4,0.84,1
ENHS_SYN_0037,Grade 7,Section A,2026-08-31,25,24,1,0.96,1
ENHS_SYN_0037,Grade 7,Section A,2026-09-07,25,24,1,0.96,1
ENHS_SYN_0037,Grade 7,Section A,2026-09-14,25,24,1,0.96,1
ENHS_SYN_0037,Grade 7,Section A,2026-09-21,25,25,0,1.0,0
ENHS_SYN_0037,Grade 7,Section A,2026-09-28,25,24,1,0.96,1
ENHS_SYN_0037,Grade 7,Section A,2026-10-05,25,25,0,1.0,0
ENHS_SYN_0037,Grade 7,Section A,2026-10-12,25,25,0,1.0,0
ENHS_SYN_0037,Grade 7,Section A,2026-10-19,25,25,0,1.0,0
ENHS_SYN_0038,Grade 7,Section A,2026-08-03,25,23,2,0.92,1
ENHS_SYN_0038,Grade 7,Section A,2026-08-10,25,20,5,0.8,1
ENHS_SYN_0038,Grade 7,Section A,2026-08-17,25,18,7,0.72,1
ENHS_SYN_0038,Grade 7,Section A,2026-08-24,25,18,7,0.72,1
ENHS_SYN_0038,Grade 7,Section A,2026-08-31,25,21,4,0.84,1
ENHS_SYN_0038,Grade 7,Section A,2026-09-07,25,18,7,0.72,1
ENHS_SYN_0038,Grade 7,Section A,2026-09-14,25,22,3,0.88,1
ENHS_SYN_0038,Grade 7,Section A,2026-09-21,25,18,7,0.72,1
ENHS_SYN_0038,Grade 7,Section A,2026-09-28,25,20,5,0.8,1
ENHS_SYN_0038,Grade 7,Section A,2026-10-05,25,18,7,0.72,1
ENHS_SYN_0038,Grade 7,Section A,2026-10-12,25,20,5,0.8,1
ENHS_SYN_0038,Grade 7,Section A,2026-10-19,24,21,3,0.875,1
ENHS_SYN_0039,Grade 7,Section A,2026-08-03,25,23,2,0.92,1
ENHS_SYN_0039,Grade 7,Section A,2026-08-10,25,22,3,0.88,1
ENHS_SYN_0039,Grade 7,Section A,2026-08-17,25,21,4,0.84,1
ENHS_SYN_0039,Grade 7,Section A,2026-08-24,25,22,3,0.88,1
ENHS_SYN_0039,Grade 7,Section A,2026-08-31,25,23,2,0.92,1
ENHS_SYN_0039,Grade 7,Section A,2026-09-07,25,24,1,0.96,1
ENHS_SYN_0039,Grade 7,Section A,2026-09-14,25,23,2,0.92,1
ENHS_SYN_0039,Grade 7,Section A,2026-09-21,25,23,2,0.92,1
ENHS_SYN_0039,Grade 7,Section A,2026-09-28,25,25,0,1.0,0
ENHS_SYN_0039,Grade 7,Section A,2026-10-05,25,25,0,1.0,0
ENHS_SYN_0039,Grade 7,Section A,2026-10-12,25,21,4,0.84,1
ENHS_SYN_0039,Grade 7,Section A,2026-10-19,25,21,4,0.84,1
ENHS_SYN_0040,Grade 7,Section A,2026-08-03,25,24,1,0.96,1
ENHS_SYN_0040,Grade 7,Section A,2026-08-10,25,22,3,0.88,1
ENHS_SYN_0040,Grade 7,Section A,2026-08-17,24,23,1,0.9583,1
ENHS_SYN_0040,Grade 7,Section A,2026-08-24,25,23,2,0.92,1
ENHS_SYN_0040,Grade 7,Section A,2026-08-31,25,24,1,0.96,1
ENHS_SYN_0040,Grade 7,Section A,2026-09-07,24,22,2,0.9167,1
ENHS_SYN_0040,Grade 7,Section A,2026-09-14,25,22,3,0.88,1
ENHS_SYN_0040,Grade 7,Section A,2026-09-21,25,21,4,0.84,1
ENHS_SYN_0040,Grade 7,Section A,2026-09-28,25,25,0,1.0,0
ENHS_SYN_0040,Grade 7,Section A,2026-10-05,25,23,2,0.92,1
ENHS_SYN_0040,Grade 7,Section A,2026-10-12,25,22,3,0.88,1
ENHS_SYN_0040,Grade 7,Section A,2026-10-19,25,22,3,0.88,1
ENHS_SYN_0041,Grade 7,Section A,2026-08-03,25,23,2,0.92,1
ENHS_SYN_0041,Grade 7,Section A,2026-08-10,25,17,8,0.68,1
ENHS_SYN_0041,Grade 7,Section A,2026-08-17,25,20,5,0.8,1
ENHS_SYN_0041,Grade 7,Section A,2026-08-24,25,21,4,0.84,1
ENHS_SYN_0041,Grade 7,Section A,2026-08-31,25,21,4,0.84,1
ENHS_SYN_0041,Grade 7,Section A,2026-09-07,25,15,10,0.6,1
ENHS_SYN_0041,Grade 7,Section A,2026-09-14,25,18,7,0.72,1
ENHS_SYN_0041,Grade 7,Section A,2026-09-21,25,21,4,0.84,1
ENHS_SYN_0041,Grade 7,Section A,2026-09-28,25,18,7,0.72,1
ENHS_SYN_0041,Grade 7,Section A,2026-10-05,25,18,7,0.72,1
ENHS_SYN_0041,Grade 7,Section A,2026-10-12,25,18,7,0.72,1
ENHS_SYN_0041,Grade 7,Section A,2026-10-19,25,20,5,0.8,1
ENHS_SYN_0042,Grade 7,Section A,2026-08-03,25,24,1,0.96,1
ENHS_SYN_0042,Grade 7,Section A,2026-08-10,25,23,2,0.92,1
ENHS_SYN_0042,Grade 7,Section A,2026-08-17,25,24,1,0.96,1
ENHS_SYN_0042,Grade 7,Section A,2026-08-24,25,24,1,0.96,1
ENHS_SYN_0042,Grade 7,Section A,2026-08-31,25,25,0,1.0,0
ENHS_SYN_0042,Grade 7,Section A,2026-09-07,25,21,4,0.84,1
ENHS_SYN_0042,Grade 7,Section A,2026-09-14,25,24,1,0.96,1
ENHS_SYN_0042,Grade 7,Section A,2026-09-21,25,21,4,0.84,1
ENHS_SYN_0042,Grade 7,Section A,2026-09-28,25,24,1,0.96,1
ENHS_SYN_0042,Grade 7,Section A,2026-10-05,25,24,1,0.96,1
ENHS_SYN_0042,Grade 7,Section A,2026-10-12,25,25,0,1.0,0
ENHS_SYN_0042,Grade 7,Section A,2026-10-19,25,24,1,0.96,1
ENHS_SYN_0043,Grade 7,Section A,2026-08-03,25,21,4,0.84,1
ENHS_SYN_0043,Grade 7,Section A,2026-08-10,25,20,5,0.8,1
ENHS_SYN_0043,Grade 7,Section A,2026-08-17,25,24,1,0.96,1
ENHS_SYN_0043,Grade 7,Section A,2026-08-24,25,25,0,1.0,0
ENHS_SYN_0043,Grade 7,Section A,2026-08-31,25,22,3,0.88,1
ENHS_SYN_0043,Grade 7,Section A,2026-09-07,25,17,8,0.68,1
ENHS_SYN_0043,Grade 7,Section A,2026-09-14,25,21,4,0.84,1
ENHS_SYN_0043,Grade 7,Section A,2026-09-21,25,16,9,0.64,1
ENHS_SYN_0043,Grade 7,Section A,2026-09-28,25,22,3,0.88,1
ENHS_SYN_0043,Grade 7,Section A,2026-10-05,25,19,6,0.76,1
ENHS_SYN_0043,Grade 7,Section A,2026-10-12,25,21,4,0.84,1
ENHS_SYN_0043,Grade 7,Section A,2026-10-19,25,20,5,0.8,1
ENHS_SYN_0044,Grade 7,Section A,2026-08-03,25,18,7,0.72,1
ENHS_SYN_0044,Grade 7,Section A,2026-08-10,25,18,7,0.72,1
ENHS_SYN_0044,Grade 7,Section A,2026-08-17,25,20,5,0.8,1
ENHS_SYN_0044,Grade 7,Section A,2026-08-24,25,21,4,0.84,1
ENHS_SYN_0044,Grade 7,Section A,2026-08-31,25,21,4,0.84,1
ENHS_SYN_0044,Grade 7,Section A,2026-09-07,25,19,6,0.76,1
ENHS_SYN_0044,Grade 7,Section A,2026-09-14,25,19,6,0.76,1
ENHS_SYN_0044,Grade 7,Section A,2026-09-21,25,18,7,0.72,1
ENHS_SYN_0044,Grade 7,Section A,2026-09-28,25,20,5,0.8,1
ENHS_SYN_0044,Grade 7,Section A,2026-10-05,25,18,7,0.72,1
ENHS_SYN_0044,Grade 7,Section A,2026-10-12,25,17,8,0.68,1
ENHS_SYN_0044,Grade 7,Section A,2026-10-19,25,17,8,0.68,1
ENHS_SYN_0045,Grade 7,Section A,2026-08-03,25,23,2,0.92,1
ENHS_SYN_0045,Grade 7,Section A,2026-08-10,25,21,4,0.84,1
ENHS_SYN_0045,Grade 7,Section A,2026-08-17,25,22,3,0.88,1
ENHS_SYN_0045,Grade 7,Section A,2026-08-24,25,20,5,0.8,1
ENHS_SYN_0045,Grade 7,Section A,2026-08-31,25,21,4,0.84,1
ENHS_SYN_0045,Grade 7,Section A,2026-09-07,25,22,3,0.88,1
ENHS_SYN_0045,Grade 7,Section A,2026-09-14,25,20,5,0.8,1
ENHS_SYN_0045,Grade 7,Section A,2026-09-21,25,18,7,0.72,1
ENHS_SYN_0045,Grade 7,Section A,2026-09-28,25,22,3,0.88,1
ENHS_SYN_0045,Grade 7,Section A,2026-10-05,25,20,5,0.8,1
ENHS_SYN_0045,Grade 7,Section A,2026-10-12,25,21,4,0.84,1
ENHS_SYN_0045,Grade 7,Section A,2026-10-19,25,21,4,0.84,1
ENHS_SYN_0046,Grade 7,Section A,2026-08-03,25,24,1,0.96,1
ENHS_SYN_0046,Grade 7,Section A,2026-08-10,25,23,2,0.92,1
ENHS_SYN_0046,Grade 7,Section A,2026-08-17,25,22,3,0.88,1
ENHS_SYN_0046,Grade 7,Section A,2026-08-24,25,22,3,0.88,1
ENHS_SYN_0046,Grade 7,Section A,2026-08-31,25,22,3,0.88,1
ENHS_SYN_0046,Grade 7,Section A,2026-09-07,25,23,2,0.92,1
ENHS_SYN_0046,Grade 7,Section A,2026-09-14,25,25,0,1.0,0
ENHS_SYN_0046,Grade 7,Section A,2026-09-21,25,21,4,0.84,1
ENHS_SYN_0046,Grade 7,Section A,2026-09-28,25,23,2,0.92,1
ENHS_SYN_0046,Grade 7,Section A,2026-10-05,25,24,1,0.96,1
ENHS_SYN_0046,Grade 7,Section A,2026-10-12,25,24,1,0.96,1
ENHS_SYN_0046,Grade 7,Section A,2026-10-19,25,23,2,0.92,1
ENHS_SYN_0047,Grade 7,Section A,2026-08-03,25,16,9,0.64,1
ENHS_SYN_0047,Grade 7,Section A,2026-08-10,25,16,9,0.64,1
ENHS_SYN_0047,Grade 7,Section A,2026-08-17,25,18,7,0.72,1
ENHS_SYN_0047,Grade 7,Section A,2026-08-24,25,19,6,0.76,1
ENHS_SYN_0047,Grade 7,Section A,2026-08-31,25,20,5,0.8,1
ENHS_SYN_0047,Grade 7,Section A,2026-09-07,25,16,9,0.64,1
ENHS_SYN_0047,Grade 7,Section A,2026-09-14,25,18,7,0.72,1
ENHS_SYN_0047,Grade 7,Section A,2026-09-21,25,20,5,0.8,1
ENHS_SYN_0047,Grade 7,Section A,2026-09-28,25,16,9,0.64,1
ENHS_SYN_0047,Grade 7,Section A,2026-10-05,25,21,4,0.84,1
ENHS_SYN_0047,Grade 7,Section A,2026-10-12,25,18,7,0.72,1
ENHS_SYN_0047,Grade 7,Section A,2026-10-19,25,21,4,0.84,1
ENHS_SYN_0048,Grade 7,Section A,2026-08-03,25,20,5,0.8,1
ENHS_SYN_0048,Grade 7,Section A,2026-08-10,25,21,4,0.84,1
ENHS_SYN_0048,Grade 7,Section A,2026-08-17,25,17,8,0.68,1
ENHS_SYN_0048,Grade 7,Section A,2026-08-24,25,16,9,0.64,1
ENHS_SYN_0048,Grade 7,Section A,2026-08-31,25,22,3,0.88,1
ENHS_SYN_0048,Grade 7,Section A,2026-09-07,25,19,6,0.76,1
ENHS_SYN_0048,Grade 7,Section A,2026-09-14,25,16,9,0.64,1
ENHS_SYN_0048,Grade 7,Section A,2026-09-21,25,18,7,0.72,1
ENHS_SYN_0048,Grade 7,Section A,2026-09-28,25,20,5,0.8,1
ENHS_SYN_0048,Grade 7,Section A,2026-10-05,25,20,5,0.8,1
ENHS_SYN_0048,Grade 7,Section A,2026-10-12,25,18,7,0.72,1
ENHS_SYN_0048,Grade 7,Section A,2026-10-19,25,17,8,0.68,1
ENHS_SYN_0049,Grade 7,Section A,2026-08-03,25,19,6,0.76,1
ENHS_SYN_0049,Grade 7,Section A,2026-08-10,25,21,4,0.84,1
ENHS_SYN_0049,Grade 7,Section A,2026-08-17,25,21,4,0.84,1
ENHS_SYN_0049,Grade 7,Section A,2026-08-24,25,20,5,0.8,1
ENHS_SYN_0049,Grade 7,Section A,2026-08-31,25,23,2,0.92,1
ENHS_SYN_0049,Grade 7,Section A,2026-09-07,25,19,6,0.76,1
ENHS_SYN_0049,Grade 7,Section A,2026-09-14,25,21,4,0.84,1
ENHS_SYN_0049,Grade 7,Section A,2026-09-21,25,18,7,0.72,1
ENHS_SYN_0049,Grade 7,Section A,2026-09-28,25,21,4,0.84,1
ENHS_SYN_0049,Grade 7,Section A,2026-10-05,25,21,4,0.84,1
ENHS_SYN_0049,Grade 7,Section A,2026-10-12,25,23,2,0.92,1
ENHS_SYN_0049,Grade 7,Section A,2026-10-19,25,21,4,0.84,1
ENHS_SYN_0050,Grade 7,Section A,2026-08-03,25,16,9,0.64,1
ENHS_SYN_0050,Grade 7,Section A,2026-08-10,25,23,2,0.92,1
ENHS_SYN_0050,Grade 7,Section A,2026-08-17,25,24,1,0.96,1
ENHS_SYN_0050,Grade 7,Section A,2026-08-24,25,18,7,0.72,1
ENHS_SYN_0050,Grade 7,Section A,2026-08-31,25,18,7,0.72,1
ENHS_SYN_0050,Grade 7,Section A,2026-09-07,25,19,6,0.76,1
ENHS_SYN_0050,Grade 7,Section A,2026-09-14,25,18,7,0.72,1
ENHS_SYN_0050,Grade 7,Section A,2026-09-21,24,20,4,0.8333,1
ENHS_SYN_0050,Grade 7,Section A,2026-09-28,25,17,8,0.68,1
ENHS_SYN_0050,Grade 7,Section A,2026-10-05,25,20,5,0.8,1
ENHS_SYN_0050,Grade 7,Section A,2026-10-12,25,19,6,0.76,1
ENHS_SYN_0050,Grade 7,Section A,2026-10-19,25,19,6,0.76,1
ENHS_SYN_0051,Grade 7,Section B,2026-08-03,25,22,3,0.88,1
ENHS_SYN_0051,Grade 7,Section B,2026-08-10,25,21,4,0.84,1
ENHS_SYN_0051,Grade 7,Section B,2026-08-17,25,22,3,0.88,1
ENHS_SYN_0051,Grade 7,Section B,2026-08-24,25,24,1,0.96,1
ENHS_SYN_0051,Grade 7,Section B,2026-08-31,25,21,4,0.84,1
ENHS_SYN_0051,Grade 7,Section B,2026-09-07,25,24,1,0.96,1
ENHS_SYN_0051,Grade 7,Section B,2026-09-14,25,21,4,0.84,1
ENHS_SYN_0051,Grade 7,Section B,2026-09-21,25,22,3,0.88,1
ENHS_SYN_0051,Grade 7,Section B,2026-09-28,25,22,3,0.88,1
ENHS_SYN_0051,Grade 7,Section B,2026-10-05,25,23,2,0.92,1
ENHS_SYN_0051,Grade 7,Section B,2026-10-12,25,23,2,0.92,1
ENHS_SYN_0051,Grade 7,Section B,2026-10-19,25,22,3,0.88,1
ENHS_SYN_0052,Grade 7,Section B,2026-08-03,25,22,3,0.88,1
ENHS_SYN_0052,Grade 7,Section B,2026-08-10,25,25,0,1.0,0
ENHS_SYN_0052,Grade 7,Section B,2026-08-17,25,19,6,0.76,1
ENHS_SYN_0052,Grade 7,Section B,2026-08-24,25,24,1,0.96,1
ENHS_SYN_0052,Grade 7,Section B,2026-08-31,25,24,1,0.96,1
ENHS_SYN_0052,Grade 7,Section B,2026-09-07,25,24,1,0.96,1
ENHS_SYN_0052,Grade 7,Section B,2026-09-14,25,23,2,0.92,1
ENHS_SYN_0052,Grade 7,Section B,2026-09-21,25,23,2,0.92,1
ENHS_SYN_0052,Grade 7,Section B,2026-09-28,25,22,3,0.88,1
ENHS_SYN_0052,Grade 7,Section B,2026-10-05,25,21,4,0.84,1
ENHS_SYN_0052,Grade 7,Section B,2026-10-12,25,23,2,0.92,1
ENHS_SYN_0052,Grade 7,Section B,2026-10-19,25,24,1,0.96,1
ENHS_SYN_0053,Grade 7,Section B,2026-08-03,25,22,3,0.88,1
ENHS_SYN_0053,Grade 7,Section B,2026-08-10,25,20,5,0.8,1
ENHS_SYN_0053,Grade 7,Section B,2026-08-17,25,17,8,0.68,1
ENHS_SYN_0053,Grade 7,Section B,2026-08-24,25,22,3,0.88,1
ENHS_SYN_0053,Grade 7,Section B,2026-08-31,25,19,6,0.76,1
ENHS_SYN_0053,Grade 7,Section B,2026-09-07,25,20,5,0.8,1
ENHS_SYN_0053,Grade 7,Section B,2026-09-14,25,14,11,0.56,1
ENHS_SYN_0053,Grade 7,Section B,2026-09-21,25,21,4,0.84,1
ENHS_SYN_0053,Grade 7,Section B,2026-09-28,25,24,1,0.96,1
ENHS_SYN_0053,Grade 7,Section B,2026-10-05,25,21,4,0.84,1
ENHS_SYN_0053,Grade 7,Section B,2026-10-12,25,24,1,0.96,1
ENHS_SYN_0053,Grade 7,Section B,2026-10-19,25,20,5,0.8,1
ENHS_SYN_0054,Grade 7,Section B,2026-08-03,25,19,6,0.76,1
ENHS_SYN_0054,Grade 7,Section B,2026-08-10,25,19,6,0.76,1
ENHS_SYN_0054,Grade 7,Section B,2026-08-17,25,21,4,0.84,1
ENHS_SYN_0054,Grade 7,Section B,2026-08-24,25,20,5,0.8,1
ENHS_SYN_0054,Grade 7,Section B,2026-08-31,25,17,8,0.68,1
ENHS_SYN_0054,Grade 7,Section B,2026-09-07,25,18,7,0.72,1
ENHS_SYN_0054,Grade 7,Section B,2026-09-14,25,12,13,0.48,1
ENHS_SYN_0054,Grade 7,Section B,2026-09-21,25,19,6,0.76,1
ENHS_SYN_0054,Grade 7,Section B,2026-09-28,25,20,5,0.8,1
ENHS_SYN_0054,Grade 7,Section B,2026-10-05,25,22,3,0.88,1
ENHS_SYN_0054,Grade 7,Section B,2026-10-12,25,14,11,0.56,1
ENHS_SYN_0054,Grade 7,Section B,2026-10-19,25,18,7,0.72,1
ENHS_SYN_0055,Grade 7,Section B,2026-08-03,25,22,3,0.88,1
ENHS_SYN_0055,Grade 7,Section B,2026-08-10,25,24,1,0.96,1
ENHS_SYN_0055,Grade 7,Section B,2026-08-17,25,21,4,0.84,1
ENHS_SYN_0055,Grade 7,Section B,2026-08-24,25,21,4,0.84,1
ENHS_SYN_0055,Grade 7,Section B,2026-08-31,24,22,2,0.9167,1
ENHS_SYN_0055,Grade 7,Section B,2026-09-07,25,21,4,0.84,1
ENHS_SYN_0055,Grade 7,Section B,2026-09-14,25,22,3,0.88,1
ENHS_SYN_0055,Grade 7,Section B,2026-09-21,25,22,3,0.88,1
ENHS_SYN_0055,Grade 7,Section B,2026-09-28,24,20,4,0.8333,1
ENHS_SYN_0055,Grade 7,Section B,2026-10-05,25,22,3,0.88,1
ENHS_SYN_0055,Grade 7,Section B,2026-10-12,25,23,2,0.92,1
ENHS_SYN_0055,Grade 7,Section B,2026-10-19,25,23,2,0.92,1
ENHS_SYN_0056,Grade 7,Section B,2026-08-03,25,24,1,0.96,1
ENHS_SYN_0056,Grade 7,Section B,2026-08-10,25,24,1,0.96,1
ENHS_SYN_0056,Grade 7,Section B,2026-08-17,25,25,0,1.0,0
ENHS_SYN_0056,Grade 7,Section B,2026-08-24,25,25,0,1.0,0
ENHS_SYN_0056,Grade 7,Section B,2026-08-31,25,23,2,0.92,1
ENHS_SYN_0056,Grade 7,Section B,2026-09-07,25,24,1,0.96,1
ENHS_SYN_0056,Grade 7,Section B,2026-09-14,25,24,1,0.96,1
ENHS_SYN_0056,Grade 7,Section B,2026-09-21,25,24,1,0.96,1
ENHS_SYN_0056,Grade 7,Section B,2026-09-28,25,25,0,1.0,0
ENHS_SYN_0056,Grade 7,Section B,2026-10-05,25,24,1,0.96,1
ENHS_SYN_0056,Grade 7,Section B,2026-10-12,25,23,2,0.92,1
ENHS_SYN_0056,Grade 7,Section B,2026-10-19,25,25,0,1.0,0
ENHS_SYN_0057,Grade 7,Section B,2026-08-03,25,22,3,0.88,1
ENHS_SYN_0057,Grade 7,Section B,2026-08-10,25,22,3,0.88,1
ENHS_SYN_0057,Grade 7,Section B,2026-08-17,25,23,2,0.92,1
ENHS_SYN_0057,Grade 7,Section B,2026-08-24,25,19,6,0.76,1
ENHS_SYN_0057,Grade 7,Section B,2026-08-31,25,23,2,0.92,1
ENHS_SYN_0057,Grade 7,Section B,2026-09-07,25,24,1,0.96,1
ENHS_SYN_0057,Grade 7,Section B,2026-09-14,25,22,3,0.88,1
ENHS_SYN_0057,Grade 7,Section B,2026-09-21,25,25,0,1.0,0
ENHS_SYN_0057,Grade 7,Section B,2026-09-28,25,15,10,0.6,1
ENHS_SYN_0057,Grade 7,Section B,2026-10-05,25,20,5,0.8,1
ENHS_SYN_0057,Grade 7,Section B,2026-10-12,25,21,4,0.84,1
ENHS_SYN_0057,Grade 7,Section B,2026-10-19,25,23,2,0.92,1
ENHS_SYN_0058,Grade 7,Section B,2026-08-03,25,24,1,0.96,1
ENHS_SYN_0058,Grade 7,Section B,2026-08-10,25,23,2,0.92,1
ENHS_SYN_0058,Grade 7,Section B,2026-08-17,25,22,3,0.88,1
ENHS_SYN_0058,Grade 7,Section B,2026-08-24,25,23,2,0.92,1
ENHS_SYN_0058,Grade 7,Section B,2026-08-31,25,23,2,0.92,1
ENHS_SYN_0058,Grade 7,Section B,2026-09-07,25,24,1,0.96,1
ENHS_SYN_0058,Grade 7,Section B,2026-09-14,25,24,1,0.96,1
ENHS_SYN_0058,Grade 7,Section B,2026-09-21,25,24,1,0.96,1
ENHS_SYN_0058,Grade 7,Section B,2026-09-28,25,23,2,0.92,1
ENHS_SYN_0058,Grade 7,Section B,2026-10-05,25,24,1,0.96,1
ENHS_SYN_0058,Grade 7,Section B,2026-10-12,25,23,2,0.92,1
ENHS_SYN_0058,Grade 7,Section B,2026-10-19,25,25,0,1.0,0
ENHS_SYN_0059,Grade 7,Section B,2026-08-03,25,25,0,1.0,0
ENHS_SYN_0059,Grade 7,Section B,2026-08-10,25,25,0,1.0,0
ENHS_SYN_0059,Grade 7,Section B,2026-08-17,25,25,0,1.0,0
ENHS_SYN_0059,Grade 7,Section B,2026-08-24,25,22,3,0.88,1
ENHS_SYN_0059,Grade 7,Section B,2026-08-31,25,22,3,0.88,1
ENHS_SYN_0059,Grade 7,Section B,2026-09-07,25,25,0,1.0,0
ENHS_SYN_0059,Grade 7,Section B,2026-09-14,25,24,1,0.96,1
ENHS_SYN_0059,Grade 7,Section B,2026-09-21,25,24,1,0.96,1
ENHS_SYN_0059,Grade 7,Section B,2026-09-28,25,25,0,1.0,0
ENHS_SYN_0059,Grade 7,Section B,2026-10-05,25,25,0,1.0,0
ENHS_SYN_0059,Grade 7,Section B,2026-10-12,25,20,5,0.8,1
ENHS_SYN_0059,Grade 7,Section B,2026-10-19,25,25,0,1.0,0
ENHS_SYN_0060,Grade 7,Section B,2026-08-03,25,18,7,0.72,1
ENHS_SYN_0060,Grade 7,Section B,2026-08-10,25,21,4,0.84,1
ENHS_SYN_0060,Grade 7,Section B,2026-08-17,25,24,1,0.96,1
ENHS_SYN_0060,Grade 7,Section B,2026-08-24,25,19,6,0.76,1
ENHS_SYN_0060,Grade 7,Section B,2026-08-31,25,21,4,0.84,1
ENHS_SYN_0060,Grade 7,Section B,2026-09-07,25,17,8,0.68,1
ENHS_SYN_0060,Grade 7,Section B,2026-09-14,25,20,5,0.8,1
ENHS_SYN_0060,Grade 7,Section B,2026-09-21,25,20,5,0.8,1
ENHS_SYN_0060,Grade 7,Section B,2026-09-28,25,22,3,0.88,1
ENHS_SYN_0060,Grade 7,Section B,2026-10-05,25,19,6,0.76,1
ENHS_SYN_0060,Grade 7,Section B,2026-10-12,25,20,5,0.8,1
ENHS_SYN_0060,Grade 7,Section B,2026-10-19,25,21,4,0.84,1
ENHS_SYN_0061,Grade 7,Section B,2026-08-03,25,24,1,0.96,1
ENHS_SYN_0061,Grade 7,Section B,2026-08-10,25,23,2,0.92,1
ENHS_SYN_0061,Grade 7,Section B,2026-08-17,25,23,2,0.92,1
ENHS_SYN_0061,Grade 7,Section B,2026-08-24,25,25,0,1.0,0
ENHS_SYN_0061,Grade 7,Section B,2026-08-31,25,25,0,1.0,0
ENHS_SYN_0061,Grade 7,Section B,2026-09-07,25,25,0,1.0,0
ENHS_SYN_0061,Grade 7,Section B,2026-09-14,25,22,3,0.88,1
ENHS_SYN_0061,Grade 7,Section B,2026-09-21,25,24,1,0.96,1
ENHS_SYN_0061,Grade 7,Section B,2026-09-28,25,20,5,0.8,1
ENHS_SYN_0061,Grade 7,Section B,2026-10-05,25,22,3,0.88,1
ENHS_SYN_0061,Grade 7,Section B,2026-10-12,25,23,2,0.92,1
ENHS_SYN_0061,Grade 7,Section B,2026-10-19,25,23,2,0.92,1
ENHS_SYN_0062,Grade 7,Section B,2026-08-03,25,25,0,1.0,0
ENHS_SYN_0062,Grade 7,Section B,2026-08-10,25,22,3,0.88,1
ENHS_SYN_0062,Grade 7,Section B,2026-08-17,24,22,2,0.9167,1
ENHS_SYN_0062,Grade 7,Section B,2026-08-24,25,19,6,0.76,1
ENHS_SYN_0062,Grade 7,Section B,2026-08-31,25,23,2,0.92,1
ENHS_SYN_0062,Grade 7,Section B,2026-09-07,25,25,0,1.0,0
ENHS_SYN_0062,Grade 7,Section B,2026-09-14,25,21,4,0.84,1
ENHS_SYN_0062,Grade 7,Section B,2026-09-21,25,24,1,0.96,1
ENHS_SYN_0062,Grade 7,Section B,2026-09-28,25,23,2,0.92,1
ENHS_SYN_0062,Grade 7,Section B,2026-10-05,25,21,4,0.84,1
ENHS_SYN_0062,Grade 7,Section B,2026-10-12,25,22,3,0.88,1
ENHS_SYN_0062,Grade 7,Section B,2026-10-19,25,23,2,0.92,1
ENHS_SYN_0063,Grade 7,Section B,2026-08-03,25,24,1,0.96,1
ENHS_SYN_0063,Grade 7,Section B,2026-08-10,25,24,1,0.96,1
ENHS_SYN_0063,Grade 7,Section B,2026-08-17,25,23,2,0.92,1
ENHS_SYN_0063,Grade 7,Section B,2026-08-24,25,24,1,0.96,1
ENHS_SYN_0063,Grade 7,Section B,2026-08-31,25,21,4,0.84,1
ENHS_SYN_0063,Grade 7,Section B,2026-09-07,25,23,2,0.92,1
ENHS_SYN_0063,Grade 7,Section B,2026-09-14,25,24,1,0.96,1
ENHS_SYN_0063,Grade 7,Section B,2026-09-21,25,24,1,0.96,1
ENHS_SYN_0063,Grade 7,Section B,2026-09-28,25,25,0,1.0,0
ENHS_SYN_0063,Grade 7,Section B,2026-10-05,25,24,1,0.96,1
ENHS_SYN_0063,Grade 7,Section B,2026-10-12,25,25,0,1.0,0
ENHS_SYN_0063,Grade 7,Section B,2026-10-19,25,24,1,0.96,1
ENHS_SYN_0064,Grade 7,Section B,2026-08-03,25,21,4,0.84,1
ENHS_SYN_0064,Grade 7,Section B,2026-08-10,25,22,3,0.88,1
ENHS_SYN_0064,Grade 7,Section B,2026-08-17,25,22,3,0.88,1
ENHS_SYN_0064,Grade 7,Section B,2026-08-24,25,23,2,0.92,1
ENHS_SYN_0064,Grade 7,Section B,2026-08-31,25,21,4,0.84,1
ENHS_SYN_0064,Grade 7,Section B,2026-09-07,25,19,6,0.76,1
ENHS_SYN_0064,Grade 7,Section B,2026-09-14,25,22,3,0.88,1
ENHS_SYN_0064,Grade 7,Section B,2026-09-21,25,23,2,0.92,1
ENHS_SYN_0064,Grade 7,Section B,2026-09-28,25,23,2,0.92,1
ENHS_SYN_0064,Grade 7,Section B,2026-10-05,25,23,2,0.92,1
ENHS_SYN_0064,Grade 7,Section B,2026-10-12,25,22,3,0.88,1
ENHS_SYN_0064,Grade 7,Section B,2026-10-19,25,23,2,0.92,1
ENHS_SYN_0065,Grade 7,Section B,2026-08-03,25,20,5,0.8,1
ENHS_SYN_0065,Grade 7,Section B,2026-08-10,25,25,0,1.0,0
ENHS_SYN_0065,Grade 7,Section B,2026-08-17,25,24,1,0.96,1
ENHS_SYN_0065,Grade 7,Section B,2026-08-24,25,18,7,0.72,1
ENHS_SYN_0065,Grade 7,Section B,2026-08-31,25,22,3,0.88,1
ENHS_SYN_0065,Grade 7,Section B,2026-09-07,25,23,2,0.92,1
ENHS_SYN_0065,Grade 7,Section B,2026-09-14,25,24,1,0.96,1
ENHS_SYN_0065,Grade 7,Section B,2026-09-21,25,23,2,0.92,1
ENHS_SYN_0065,Grade 7,Section B,2026-09-28,25,24,1,0.96,1
ENHS_SYN_0065,Grade 7,Section B,2026-10-05,25,24,1,0.96,1
ENHS_SYN_0065,Grade 7,Section B,2026-10-12,25,22,3,0.88,1
ENHS_SYN_0065,Grade 7,Section B,2026-10-19,25,25,0,1.0,0
ENHS_SYN_0066,Grade 7,Section B,2026-08-03,25,25,0,1.0,0
ENHS_SYN_0066,Grade 7,Section B,2026-08-10,25,21,4,0.84,1
ENHS_SYN_0066,Grade 7,Section B,2026-08-17,25,21,4,0.84,1
ENHS_SYN_0066,Grade 7,Section B,2026-08-24,25,21,4,0.84,1
ENHS_SYN_0066,Grade 7,Section B,2026-08-31,25,24,1,0.96,1
ENHS_SYN_0066,Grade 7,Section B,2026-09-07,25,23,2,0.92,1
ENHS_SYN_0066,Grade 7,Section B,2026-09-14,25,22,3,0.88,1
ENHS_SYN_0066,Grade 7,Section B,2026-09-21,25,21,4,0.84,1
ENHS_SYN_0066,Grade 7,Section B,2026-09-28,25,24,1,0.96,1
ENHS_SYN_0066,Grade 7,Section B,2026-10-05,25,23,2,0.92,1
ENHS_SYN_0066,Grade 7,Section B,2026-10-12,25,25,0,1.0,0
ENHS_SYN_0066,Grade 7,Section B,2026-10-19,25,24,1,0.96,1
ENHS_SYN_0067,Grade 7,Section B,2026-08-03,25,22,3,0.88,1
ENHS_SYN_0067,Grade 7,Section B,2026-08-10,25,21,4,0.84,1
ENHS_SYN_0067,Grade 7,Section B,2026-08-17,24,19,5,0.7917,1
ENHS_SYN_0067,Grade 7,Section B,2026-08-24,25,21,4,0.84,1
ENHS_SYN_0067,Grade 7,Section B,2026-08-31,25,19,6,0.76,1
ENHS_SYN_0067,Grade 7,Section B,2026-09-07,25,22,3,0.88,1
ENHS_SYN_0067,Grade 7,Section B,2026-09-14,25,18,7,0.72,1
ENHS_SYN_0067,Grade 7,Section B,2026-09-21,25,17,8,0.68,1
ENHS_SYN_0067,Grade 7,Section B,2026-09-28,25,21,4,0.84,1
ENHS_SYN_0067,Grade 7,Section B,2026-10-05,25,20,5,0.8,1
ENHS_SYN_0067,Grade 7,Section B,2026-10-12,25,23,2,0.92,1
ENHS_SYN_0067,Grade 7,Section B,2026-10-19,25,23,2,0.92,1
ENHS_SYN_0068,Grade 7,Section B,2026-08-03,25,22,3,0.88,1
ENHS_SYN_0068,Grade 7,Section B,2026-08-10,25,19,6,0.76,1
ENHS_SYN_0068,Grade 7,Section B,2026-08-17,25,17,8,0.68,1
ENHS_SYN_0068,Grade 7,Section B,2026-08-24,25,23,2,0.92,1
ENHS_SYN_0068,Grade 7,Section B,2026-08-31,25,24,1,0.96,1
ENHS_SYN_0068,Grade 7,Section B,2026-09-07,25,22,3,0.88,1
ENHS_SYN_0068,Grade 7,Section B,2026-09-14,25,23,2,0.92,1
ENHS_SYN_0068,Grade 7,Section B,2026-09-21,24,21,3,0.875,1
ENHS_SYN_0068,Grade 7,Section B,2026-09-28,25,23,2,0.92,1
ENHS_SYN_0068,Grade 7,Section B,2026-10-05,25,19,6,0.76,1
ENHS_SYN_0068,Grade 7,Section B,2026-10-12,25,22,3,0.88,1
ENHS_SYN_0068,Grade 7,Section B,2026-10-19,25,23,2,0.92,1
ENHS_SYN_0069,Grade 7,Section B,2026-08-03,25,18,7,0.72,1
ENHS_SYN_0069,Grade 7,Section B,2026-08-10,25,17,8,0.68,1
ENHS_SYN_0069,Grade 7,Section B,2026-08-17,25,17,8,0.68,1
ENHS_SYN_0069,Grade 7,Section B,2026-08-24,25,17,8,0.68,1
ENHS_SYN_0069,Grade 7,Section B,2026-08-31,24,16,8,0.6667,1
ENHS_SYN_0069,Grade 7,Section B,2026-09-07,25,22,3,0.88,1
ENHS_SYN_0069,Grade 7,Section B,2026-09-14,25,19,6,0.76,1
ENHS_SYN_0069,Grade 7,Section B,2026-09-21,23,21,2,0.913,1
ENHS_SYN_0069,Grade 7,Section B,2026-09-28,25,18,7,0.72,1
ENHS_SYN_0069,Grade 7,Section B,2026-10-05,25,16,9,0.64,1
ENHS_SYN_0069,Grade 7,Section B,2026-10-12,25,19,6,0.76,1
ENHS_SYN_0069,Grade 7,Section B,2026-10-19,25,21,4,0.84,1
ENHS_SYN_0070,Grade 7,Section B,2026-08-03,25,21,4,0.84,1
ENHS_SYN_0070,Grade 7,Section B,2026-08-10,25,20,5,0.8,1
ENHS_SYN_0070,Grade 7,Section B,2026-08-17,25,21,4,0.84,1
ENHS_SYN_0070,Grade 7,Section B,2026-08-24,25,22,3,0.88,1
ENHS_SYN_0070,Grade 7,Section B,2026-08-31,25,19,6,0.76,1
ENHS_SYN_0070,Grade 7,Section B,2026-09-07,25,18,7,0.72,1
ENHS_SYN_0070,Grade 7,Section B,2026-09-14,25,16,9,0.64,1
ENHS_SYN_0070,Grade 7,Section B,2026-09-21,25,20,5,0.8,1
ENHS_SYN_0070,Grade 7,Section B,2026-09-28,25,24,1,0.96,1
ENHS_SYN_0070,Grade 7,Section B,2026-10-05,25,21,4,0.84,1
ENHS_SYN_0070,Grade 7,Section B,2026-10-12,25,24,1,0.96,1
ENHS_SYN_0070,Grade 7,Section B,2026-10-19,25,22,3,0.88,1
ENHS_SYN_0071,Grade 7,Section B,2026-08-03,25,25,0,1.0,0
ENHS_SYN_0071,Grade 7,Section B,2026-08-10,25,24,1,0.96,1
ENHS_SYN_0071,Grade 7,Section B,2026-08-17,25,25,0,1.0,0
ENHS_SYN_0071,Grade 7,Section B,2026-08-24,25,24,1,0.96,1
ENHS_SYN_0071,Grade 7,Section B,2026-08-31,25,23,2,0.92,1
ENHS_SYN_0071,Grade 7,Section B,2026-09-07,25,24,1,0.96,1
ENHS_SYN_0071,Grade 7,Section B,2026-09-14,25,23,2,0.92,1
ENHS_SYN_0071,Grade 7,Section B,2026-09-21,25,25,0,1.0,0
ENHS_SYN_0071,Grade 7,Section B,2026-09-28,25,25,0,1.0,0
ENHS_SYN_0071,Grade 7,Section B,2026-10-05,25,24,1,0.96,1
ENHS_SYN_0071,Grade 7,Section B,2026-10-12,25,24,1,0.96,1
ENHS_SYN_0071,Grade 7,Section B,2026-10-19,25,24,1,0.96,1
ENHS_SYN_0072,Grade 7,Section B,2026-08-03,25,24,1,0.96,1
ENHS_SYN_0072,Grade 7,Section B,2026-08-10,25,25,0,1.0,0
ENHS_SYN_0072,Grade 7,Section B,2026-08-17,25,23,2,0.92,1
ENHS_SYN_0072,Grade 7,Section B,2026-08-24,25,24,1,0.96,1
ENHS_SYN_0072,Grade 7,Section B,2026-08-31,25,25,0,1.0,0
ENHS_SYN_0072,Grade 7,Section B,2026-09-07,25,24,1,0.96,1
ENHS_SYN_0072,Grade 7,Section B,2026-09-14,25,25,0,1.0,0
ENHS_SYN_0072,Grade 7,Section B,2026-09-21,24,20,4,0.8333,1
ENHS_SYN_0072,Grade 7,Section B,2026-09-28,25,25,0,1.0,0
ENHS_SYN_0072,Grade 7,Section B,2026-10-05,25,25,0,1.0,0
ENHS_SYN_0072,Grade 7,Section B,2026-10-12,25,24,1,0.96,1
ENHS_SYN_0072,Grade 7,Section B,2026-10-19,25,23,2,0.92,1
ENHS_SYN_0073,Grade 7,Section B,2026-08-03,24,23,1,0.9583,1
ENHS_SYN_0073,Grade 7,Section B,2026-08-10,25,21,4,0.84,1
ENHS_SYN_0073,Grade 7,Section B,2026-08-17,25,22,3,0.88,1
ENHS_SYN_0073,Grade 7,Section B,2026-08-24,25,20,5,0.8,1
ENHS_SYN_0073,Grade 7,Section B,2026-08-31,25,23,2,0.92,1
ENHS_SYN_0073,Grade 7,Section B,2026-09-07,25,25,0,1.0,0
ENHS_SYN_0073,Grade 7,Section B,2026-09-14,25,23,2,0.92,1
ENHS_SYN_0073,Grade 7,Section B,2026-09-21,25,21,4,0.84,1
ENHS_SYN_0073,Grade 7,Section B,2026-09-28,25,24,1,0.96,1
ENHS_SYN_0073,Grade 7,Section B,2026-10-05,25,23,2,0.92,1
ENHS_SYN_0073,Grade 7,Section B,2026-10-12,25,23,2,0.92,1
ENHS_SYN_0073,Grade 7,Section B,2026-10-19,25,22,3,0.88,1
ENHS_SYN_0074,Grade 7,Section B,2026-08-03,25,17,8,0.68,1
ENHS_SYN_0074,Grade 7,Section B,2026-08-10,25,19,6,0.76,1
ENHS_SYN_0074,Grade 7,Section B,2026-08-17,25,19,6,0.76,1
ENHS_SYN_0074,Grade 7,Section B,2026-08-24,25,21,4,0.84,1
ENHS_SYN_0074,Grade 7,Section B,2026-08-31,25,17,8,0.68,1
ENHS_SYN_0074,Grade 7,Section B,2026-09-07,25,21,4,0.84,1
ENHS_SYN_0074,Grade 7,Section B,2026-09-14,25,19,6,0.76,1
ENHS_SYN_0074,Grade 7,Section B,2026-09-21,25,18,7,0.72,1
ENHS_SYN_0074,Grade 7,Section B,2026-09-28,25,21,4,0.84,1
ENHS_SYN_0074,Grade 7,Section B,2026-10-05,25,20,5,0.8,1
ENHS_SYN_0074,Grade 7,Section B,2026-10-12,25,22,3,0.88,1
ENHS_SYN_0074,Grade 7,Section B,2026-10-19,25,22,3,0.88,1
ENHS_SYN_0075,Grade 7,Section B,2026-08-03,25,25,0,1.0,0
ENHS_SYN_0075,Grade 7,Section B,2026-08-10,25,22,3,0.88,1
ENHS_SYN_0075,Grade 7,Section B,2026-08-17,25,25,0,1.0,0
ENHS_SYN_0075,Grade 7,Section B,2026-08-24,25,25,0,1.0,0
ENHS_SYN_0075,Grade 7,Section B,2026-08-31,25,23,2,0.92,1
ENHS_SYN_0075,Grade 7,Section B,2026-09-07,25,23,2,0.92,1
ENHS_SYN_0075,Grade 7,Section B,2026-09-14,25,24,1,0.96,1
ENHS_SYN_0075,Grade 7,Section B,2026-09-21,25,25,0,1.0,0
ENHS_SYN_0075,Grade 7,Section B,2026-09-28,25,24,1,0.96,1
ENHS_SYN_0075,Grade 7,Section B,2026-10-05,25,23,2,0.92,1
ENHS_SYN_0075,Grade 7,Section B,2026-10-12,25,22,3,0.88,1
ENHS_SYN_0075,Grade 7,Section B,2026-10-19,25,23,2,0.92,1
ENHS_SYN_0076,Grade 7,Section B,2026-08-03,25,23,2,0.92,1
ENHS_SYN_0076,Grade 7,Section B,2026-08-10,25,23,2,0.92,1
ENHS_SYN_0076,Grade 7,Section B,2026-08-17,25,22,3,0.88,1
ENHS_SYN_0076,Grade 7,Section B,2026-08-24,24,22,2,0.9167,1
ENHS_SYN_0076,Grade 7,Section B,2026-08-31,25,22,3,0.88,1
ENHS_SYN_0076,Grade 7,Section B,2026-09-07,25,25,0,1.0,0
ENHS_SYN_0076,Grade 7,Section B,2026-09-14,25,25,0,1.0,0
ENHS_SYN_0076,Grade 7,Section B,2026-09-21,25,23,2,0.92,1
ENHS_SYN_0076,Grade 7,Section B,2026-09-28,25,22,3,0.88,1
ENHS_SYN_0076,Grade 7,Section B,2026-10-05,25,25,0,1.0,0
ENHS_SYN_0076,Grade 7,Section B,2026-10-12,25,24,1,0.96,1
ENHS_SYN_0076,Grade 7,Section B,2026-10-19,25,24,1,0.96,1
ENHS_SYN_0077,Grade 7,Section B,2026-08-03,25,18,7,0.72,1
ENHS_SYN_0077,Grade 7,Section B,2026-08-10,25,22,3,0.88,1
ENHS_SYN_0077,Grade 7,Section B,2026-08-17,25,22,3,0.88,1
ENHS_SYN_0077,Grade 7,Section B,2026-08-24,25,22,3,0.88,1
ENHS_SYN_0077,Grade 7,Section B,2026-08-31,25,20,5,0.8,1
ENHS_SYN_0077,Grade 7,Section B,2026-09-07,25,21,4,0.84,1
ENHS_SYN_0077,Grade 7,Section B,2026-09-14,25,19,6,0.76,1
ENHS_SYN_0077,Grade 7,Section B,2026-09-21,25,24,1,0.96,1
ENHS_SYN_0077,Grade 7,Section B,2026-09-28,25,19,6,0.76,1
ENHS_SYN_0077,Grade 7,Section B,2026-10-05,25,23,2,0.92,1
ENHS_SYN_0077,Grade 7,Section B,2026-10-12,25,23,2,0.92,1
ENHS_SYN_0077,Grade 7,Section B,2026-10-19,25,23,2,0.92,1
ENHS_SYN_0078,Grade 7,Section B,2026-08-03,25,22,3,0.88,1
ENHS_SYN_0078,Grade 7,Section B,2026-08-10,25,24,1,0.96,1
ENHS_SYN_0078,Grade 7,Section B,2026-08-17,25,23,2,0.92,1
ENHS_SYN_0078,Grade 7,Section B,2026-08-24,25,24,1,0.96,1
ENHS_SYN_0078,Grade 7,Section B,2026-08-31,25,24,1,0.96,1
ENHS_SYN_0078,Grade 7,Section B,2026-09-07,25,23,2,0.92,1
ENHS_SYN_0078,Grade 7,Section B,2026-09-14,25,23,2,0.92,1
ENHS_SYN_0078,Grade 7,Section B,2026-09-21,25,25,0,1.0,0
ENHS_SYN_0078,Grade 7,Section B,2026-09-28,25,23,2,0.92,1
ENHS_SYN_0078,Grade 7,Section B,2026-10-05,25,24,1,0.96,1
ENHS_SYN_0078,Grade 7,Section B,2026-10-12,25,21,4,0.84,1
ENHS_SYN_0078,Grade 7,Section B,2026-10-19,24,21,3,0.875,1
ENHS_SYN_0079,Grade 7,Section B,2026-08-03,25,24,1,0.96,1
ENHS_SYN_0079,Grade 7,Section B,2026-08-10,25,21,4,0.84,1
ENHS_SYN_0079,Grade 7,Section B,2026-08-17,25,22,3,0.88,1
ENHS_SYN_0079,Grade 7,Section B,2026-08-24,25,24,1,0.96,1
ENHS_SYN_0079,Grade 7,Section B,2026-08-31,25,21,4,0.84,1
ENHS_SYN_0079,Grade 7,Section B,2026-09-07,25,24,1,0.96,1
ENHS_SYN_0079,Grade 7,Section B,2026-09-14,25,20,5,0.8,1
ENHS_SYN_0079,Grade 7,Section B,2026-09-21,25,23,2,0.92,1
ENHS_SYN_0079,Grade 7,Section B,2026-09-28,25,21,4,0.84,1
ENHS_SYN_0079,Grade 7,Section B,2026-10-05,25,21,4,0.84,1
ENHS_SYN_0079,Grade 7,Section B,2026-10-12,25,18,7,0.72,1
ENHS_SYN_0079,Grade 7,Section B,2026-10-19,25,23,2,0.92,1
ENHS_SYN_0080,Grade 7,Section B,2026-08-03,25,24,1,0.96,1
ENHS_SYN_0080,Grade 7,Section B,2026-08-10,25,21,4,0.84,1
ENHS_SYN_0080,Grade 7,Section B,2026-08-17,25,23,2,0.92,1
ENHS_SYN_0080,Grade 7,Section B,2026-08-24,25,23,2,0.92,1
ENHS_SYN_0080,Grade 7,Section B,2026-08-31,25,22,3,0.88,1
ENHS_SYN_0080,Grade 7,Section B,2026-09-07,25,22,3,0.88,1
ENHS_SYN_0080,Grade 7,Section B,2026-09-14,25,22,3,0.88,1
ENHS_SYN_0080,Grade 7,Section B,2026-09-21,25,21,4,0.84,1
ENHS_SYN_0080,Grade 7,Section B,2026-09-28,24,22,2,0.9167,1
ENHS_SYN_0080,Grade 7,Section B,2026-10-05,25,23,2,0.92,1
ENHS_SYN_0080,Grade 7,Section B,2026-10-12,25,24,1,0.96,1
ENHS_SYN_0080,Grade 7,Section B,2026-10-19,25,21,4,0.84,1
ENHS_SYN_0081,Grade 7,Section B,2026-08-03,25,25,0,1.0,0
ENHS_SYN_0081,Grade 7,Section B,2026-08-10,25,23,2,0.92,1
ENHS_SYN_0081,Grade 7,Section B,2026-08-17,25,24,1,0.96,1
ENHS_SYN_0081,Grade 7,Section B,2026-08-24,25,24,1,0.96,1
ENHS_SYN_0081,Grade 7,Section B,2026-08-31,25,24,1,0.96,1
ENHS_SYN_0081,Grade 7,Section B,2026-09-07,25,21,4,0.84,1
ENHS_SYN_0081,Grade 7,Section B,2026-09-14,25,23,2,0.92,1
ENHS_SYN_0081,Grade 7,Section B,2026-09-21,25,25,0,1.0,0
ENHS_SYN_0081,Grade 7,Section B,2026-09-28,25,23,2,0.92,1
ENHS_SYN_0081,Grade 7,Section B,2026-10-05,25,21,4,0.84,1
ENHS_SYN_0081,Grade 7,Section B,2026-10-12,25,22,3,0.88,1
ENHS_SYN_0081,Grade 7,Section B,2026-10-19,25,23,2,0.92,1
ENHS_SYN_0082,Grade 7,Section B,2026-08-03,25,22,3,0.88,1
ENHS_SYN_0082,Grade 7,Section B,2026-08-10,25,18,7,0.72,1
ENHS_SYN_0082,Grade 7,Section B,2026-08-17,25,22,3,0.88,1
ENHS_SYN_0082,Grade 7,Section B,2026-08-24,24,22,2,0.9167,1
ENHS_SYN_0082,Grade 7,Section B,2026-08-31,25,21,4,0.84,1
ENHS_SYN_0082,Grade 7,Section B,2026-09-07,25,21,4,0.84,1
ENHS_SYN_0082,Grade 7,Section B,2026-09-14,25,21,4,0.84,1
ENHS_SYN_0082,Grade 7,Section B,2026-09-21,25,23,2,0.92,1
ENHS_SYN_0082,Grade 7,Section B,2026-09-28,25,24,1,0.96,1
ENHS_SYN_0082,Grade 7,Section B,2026-10-05,25,22,3,0.88,1
ENHS_SYN_0082,Grade 7,Section B,2026-10-12,25,20,5,0.8,1
ENHS_SYN_0082,Grade 7,Section B,2026-10-19,25,22,3,0.88,1
ENHS_SYN_0083,Grade 7,Section B,2026-08-03,25,23,2,0.92,1
ENHS_SYN_0083,Grade 7,Section B,2026-08-10,25,24,1,0.96,1
ENHS_SYN_0083,Grade 7,Section B,2026-08-17,25,25,0,1.0,0
ENHS_SYN_0083,Grade 7,Section B,2026-08-24,25,25,0,1.0,0
ENHS_SYN_0083,Grade 7,Section B,2026-08-31,25,24,1,0.96,1
ENHS_SYN_0083,Grade 7,Section B,2026-09-07,25,25,0,1.0,0
ENHS_SYN_0083,Grade 7,Section B,2026-09-14,25,25,0,1.0,0
ENHS_SYN_0083,Grade 7,Section B,2026-09-21,25,23,2,0.92,1
ENHS_SYN_0083,Grade 7,Section B,2026-09-28,25,22,3,0.88,1
ENHS_SYN_0083,Grade 7,Section B,2026-10-05,25,25,0,1.0,0
ENHS_SYN_0083,Grade 7,Section B,2026-10-12,25,24,1,0.96,1
ENHS_SYN_0083,Grade 7,Section B,2026-10-19,25,23,2,0.92,1
ENHS_SYN_0084,Grade 7,Section B,2026-08-03,25,24,1,0.96,1
ENHS_SYN_0084,Grade 7,Section B,2026-08-10,25,18,7,0.72,1
ENHS_SYN_0084,Grade 7,Section B,2026-08-17,25,25,0,1.0,0
ENHS_SYN_0084,Grade 7,Section B,2026-08-24,25,20,5,0.8,1
ENHS_SYN_0084,Grade 7,Section B,2026-08-31,25,19,6,0.76,1
ENHS_SYN_0084,Grade 7,Section B,2026-09-07,25,23,2,0.92,1
ENHS_SYN_0084,Grade 7,Section B,2026-09-14,25,21,4,0.84,1
ENHS_SYN_0084,Grade 7,Section B,2026-09-21,25,22,3,0.88,1
ENHS_SYN_0084,Grade 7,Section B,2026-09-28,25,23,2,0.92,1
ENHS_SYN_0084,Grade 7,Section B,2026-10-05,25,24,1,0.96,1
ENHS_SYN_0084,Grade 7,Section B,2026-10-12,25,22,3,0.88,1
ENHS_SYN_0084,Grade 7,Section B,2026-10-19,25,21,4,0.84,1
ENHS_SYN_0085,Grade 7,Section B,2026-08-03,25,22,3,0.88,1
ENHS_SYN_0085,Grade 7,Section B,2026-08-10,25,22,3,0.88,1
ENHS_SYN_0085,Grade 7,Section B,2026-08-17,25,19,6,0.76,1
ENHS_SYN_0085,Grade 7,Section B,2026-08-24,25,21,4,0.84,1
ENHS_SYN_0085,Grade 7,Section B,2026-08-31,25,18,7,0.72,1
ENHS_SYN_0085,Grade 7,Section B,2026-09-07,25,19,6,0.76,1
ENHS_SYN_0085,Grade 7,Section B,2026-09-14,25,21,4,0.84,1
ENHS_SYN_0085,Grade 7,Section B,2026-09-21,25,22,3,0.88,1
ENHS_SYN_0085,Grade 7,Section B,2026-09-28,25,19,6,0.76,1
ENHS_SYN_0085,Grade 7,Section B,2026-10-05,25,21,4,0.84,1
ENHS_SYN_0085,Grade 7,Section B,2026-10-12,25,19,6,0.76,1
ENHS_SYN_0085,Grade 7,Section B,2026-10-19,25,20,5,0.8,1
ENHS_SYN_0086,Grade 7,Section B,2026-08-03,25,23,2,0.92,1
ENHS_SYN_0086,Grade 7,Section B,2026-08-10,25,24,1,0.96,1
ENHS_SYN_0086,Grade 7,Section B,2026-08-17,25,19,6,0.76,1
ENHS_SYN_0086,Grade 7,Section B,2026-08-24,25,23,2,0.92,1
ENHS_SYN_0086,Grade 7,Section B,2026-08-31,25,22,3,0.88,1
ENHS_SYN_0086,Grade 7,Section B,2026-09-07,25,23,2,0.92,1
ENHS_SYN_0086,Grade 7,Section B,2026-09-14,24,22,2,0.9167,1
ENHS_SYN_0086,Grade 7,Section B,2026-09-21,25,24,1,0.96,1
ENHS_SYN_0086,Grade 7,Section B,2026-09-28,25,25,0,1.0,0
ENHS_SYN_0086,Grade 7,Section B,2026-10-05,25,21,4,0.84,1
ENHS_SYN_0086,Grade 7,Section B,2026-10-12,24,21,3,0.875,1
ENHS_SYN_0086,Grade 7,Section B,2026-10-19,25,22,3,0.88,1
ENHS_SYN_0087,Grade 7,Section B,2026-08-03,25,22,3,0.88,1
ENHS_SYN_0087,Grade 7,Section B,2026-08-10,25,22,3,0.88,1
ENHS_SYN_0087,Grade 7,Section B,2026-08-17,25,25,0,1.0,0
ENHS_SYN_0087,Grade 7,Section B,2026-08-24,25,24,1,0.96,1
ENHS_SYN_0087,Grade 7,Section B,2026-08-31,25,24,1,0.96,1
ENHS_SYN_0087,Grade 7,Section B,2026-09-07,25,23,2,0.92,1
ENHS_SYN_0087,Grade 7,Section B,2026-09-14,25,21,4,0.84,1
ENHS_SYN_0087,Grade 7,Section B,2026-09-21,25,22,3,0.88,1
ENHS_SYN_0087,Grade 7,Section B,2026-09-28,25,22,3,0.88,1
ENHS_SYN_0087,Grade 7,Section B,2026-10-05,25,24,1,0.96,1
ENHS_SYN_0087,Grade 7,Section B,2026-10-12,25,23,2,0.92,1
ENHS_SYN_0087,Grade 7,Section B,2026-10-19,25,25,0,1.0,0
ENHS_SYN_0088,Grade 7,Section B,2026-08-03,24,23,1,0.9583,1
ENHS_SYN_0088,Grade 7,Section B,2026-08-10,25,24,1,0.96,1
ENHS_SYN_0088,Grade 7,Section B,2026-08-17,25,23,2,0.92,1
ENHS_SYN_0088,Grade 7,Section B,2026-08-24,25,23,2,0.92,1
ENHS_SYN_0088,Grade 7,Section B,2026-08-31,25,22,3,0.88,1
ENHS_SYN_0088,Grade 7,Section B,2026-09-07,25,25,0,1.0,0
ENHS_SYN_0088,Grade 7,Section B,2026-09-14,25,25,0,1.0,0
ENHS_SYN_0088,Grade 7,Section B,2026-09-21,25,25,0,1.0,0
ENHS_SYN_0088,Grade 7,Section B,2026-09-28,25,23,2,0.92,1
ENHS_SYN_0088,Grade 7,Section B,2026-10-05,25,24,1,0.96,1
ENHS_SYN_0088,Grade 7,Section B,2026-10-12,25,25,0,1.0,0
ENHS_SYN_0088,Grade 7,Section B,2026-10-19,25,25,0,1.0,0
ENHS_SYN_0089,Grade 7,Section B,2026-08-03,25,24,1,0.96,1
ENHS_SYN_0089,Grade 7,Section B,2026-08-10,25,21,4,0.84,1
ENHS_SYN_0089,Grade 7,Section B,2026-08-17,25,20,5,0.8,1
ENHS_SYN_0089,Grade 7,Section B,2026-08-24,25,22,3,0.88,1
ENHS_SYN_0089,Grade 7,Section B,2026-08-31,25,20,5,0.8,1
ENHS_SYN_0089,Grade 7,Section B,2026-09-07,25,18,7,0.72,1
ENHS_SYN_0089,Grade 7,Section B,2026-09-14,25,21,4,0.84,1
ENHS_SYN_0089,Grade 7,Section B,2026-09-21,25,21,4,0.84,1
ENHS_SYN_0089,Grade 7,Section B,2026-09-28,25,25,0,1.0,0
ENHS_SYN_0089,Grade 7,Section B,2026-10-05,25,23,2,0.92,1
ENHS_SYN_0089,Grade 7,Section B,2026-10-12,25,24,1,0.96,1
ENHS_SYN_0089,Grade 7,Section B,2026-10-19,25,24,1,0.96,1
ENHS_SYN_0090,Grade 7,Section B,2026-08-03,25,24,1,0.96,1
ENHS_SYN_0090,Grade 7,Section B,2026-08-10,25,24,1,0.96,1
ENHS_SYN_0090,Grade 7,Section B,2026-08-17,25,24,1,0.96,1
ENHS_SYN_0090,Grade 7,Section B,2026-08-24,25,24,1,0.96,1
ENHS_SYN_0090,Grade 7,Section B,2026-08-31,25,25,0,1.0,0
ENHS_SYN_0090,Grade 7,Section B,2026-09-07,25,25,0,1.0,0
ENHS_SYN_0090,Grade 7,Section B,2026-09-14,25,23,2,0.92,1
ENHS_SYN_0090,Grade 7,Section B,2026-09-21,25,24,1,0.96,1
ENHS_SYN_0090,Grade 7,Section B,2026-09-28,25,23,2,0.92,1
ENHS_SYN_0090,Grade 7,Section B,2026-10-05,25,24,1,0.96,1
ENHS_SYN_0090,Grade 7,Section B,2026-10-12,25,24,1,0.96,1
ENHS_SYN_0090,Grade 7,Section B,2026-10-19,25,24,1,0.96,1
ENHS_SYN_0091,Grade 7,Section B,2026-08-03,25,24,1,0.96,1
ENHS_SYN_0091,Grade 7,Section B,2026-08-10,25,21,4,0.84,1
ENHS_SYN_0091,Grade 7,Section B,2026-08-17,25,24,1,0.96,1
ENHS_SYN_0091,Grade 7,Section B,2026-08-24,25,24,1,0.96,1
ENHS_SYN_0091,Grade 7,Section B,2026-08-31,25,21,4,0.84,1
ENHS_SYN_0091,Grade 7,Section B,2026-09-07,25,22,3,0.88,1
ENHS_SYN_0091,Grade 7,Section B,2026-09-14,25,24,1,0.96,1
ENHS_SYN_0091,Grade 7,Section B,2026-09-21,25,22,3,0.88,1
ENHS_SYN_0091,Grade 7,Section B,2026-09-28,25,23,2,0.92,1
ENHS_SYN_0091,Grade 7,Section B,2026-10-05,25,24,1,0.96,1
ENHS_SYN_0091,Grade 7,Section B,2026-10-12,25,20,5,0.8,1
ENHS_SYN_0091,Grade 7,Section B,2026-10-19,25,22,3,0.88,1
ENHS_SYN_0092,Grade 7,Section B,2026-08-03,25,22,3,0.88,1
ENHS_SYN_0092,Grade 7,Section B,2026-08-10,25,22,3,0.88,1
ENHS_SYN_0092,Grade 7,Section B,2026-08-17,25,23,2,0.92,1
ENHS_SYN_0092,Grade 7,Section B,2026-08-24,25,19,6,0.76,1
ENHS_SYN_0092,Grade 7,Section B,2026-08-31,24,19,5,0.7917,1
ENHS_SYN_0092,Grade 7,Section B,2026-09-07,25,22,3,0.88,1
ENHS_SYN_0092,Grade 7,Section B,2026-09-14,25,25,0,1.0,0
ENHS_SYN_0092,Grade 7,Section B,2026-09-21,25,20,5,0.8,1
ENHS_SYN_0092,Grade 7,Section B,2026-09-28,25,22,3,0.88,1
ENHS_SYN_0092,Grade 7,Section B,2026-10-05,25,22,3,0.88,1
ENHS_SYN_0092,Grade 7,Section B,2026-10-12,25,21,4,0.84,1
ENHS_SYN_0092,Grade 7,Section B,2026-10-19,25,21,4,0.84,1
ENHS_SYN_0093,Grade 7,Section B,2026-08-03,25,25,0,1.0,0
ENHS_SYN_0093,Grade 7,Section B,2026-08-10,25,24,1,0.96,1
ENHS_SYN_0093,Grade 7,Section B,2026-08-17,24,23,1,0.9583,1
ENHS_SYN_0093,Grade 7,Section B,2026-08-24,25,24,1,0.96,1
ENHS_SYN_0093,Grade 7,Section B,2026-08-31,25,24,1,0.96,1
ENHS_SYN_0093,Grade 7,Section B,2026-09-07,25,24,1,0.96,1
ENHS_SYN_0093,Grade 7,Section B,2026-09-14,25,23,2,0.92,1
ENHS_SYN_0093,Grade 7,Section B,2026-09-21,25,25,0,1.0,0
ENHS_SYN_0093,Grade 7,Section B,2026-09-28,25,24,1,0.96,1
ENHS_SYN_0093,Grade 7,Section B,2026-10-05,25,25,0,1.0,0
ENHS_SYN_0093,Grade 7,Section B,2026-10-12,25,24,1,0.96,1
ENHS_SYN_0093,Grade 7,Section B,2026-10-19,24,24,0,1.0,0
ENHS_SYN_0094,Grade 7,Section B,2026-08-03,25,17,8,0.68,1
ENHS_SYN_0094,Grade 7,Section B,2026-08-10,25,16,9,0.64,1
ENHS_SYN_0094,Grade 7,Section B,2026-08-17,25,18,7,0.72,1
ENHS_SYN_0094,Grade 7,Section B,2026-08-24,25,16,9,0.64,1
ENHS_SYN_0094,Grade 7,Section B,2026-08-31,25,22,3,0.88,1
ENHS_SYN_0094,Grade 7,Section B,2026-09-07,25,23,2,0.92,1
ENHS_SYN_0094,Grade 7,Section B,2026-09-14,25,14,11,0.56,1
ENHS_SYN_0094,Grade 7,Section B,2026-09-21,25,20,5,0.8,1
ENHS_SYN_0094,Grade 7,Section B,2026-09-28,25,20,5,0.8,1
ENHS_SYN_0094,Grade 7,Section B,2026-10-05,25,18,7,0.72,1
ENHS_SYN_0094,Grade 7,Section B,2026-10-12,25,21,4,0.84,1
ENHS_SYN_0094,Grade 7,Section B,2026-10-19,25,19,6,0.76,1
ENHS_SYN_0095,Grade 7,Section B,2026-08-03,25,24,1,0.96,1
ENHS_SYN_0095,Grade 7,Section B,2026-08-10,25,22,3,0.88,1
ENHS_SYN_0095,Grade 7,Section B,2026-08-17,25,24,1,0.96,1
ENHS_SYN_0095,Grade 7,Section B,2026-08-24,25,21,4,0.84,1
ENHS_SYN_0095,Grade 7,Section B,2026-08-31,25,23,2,0.92,1
ENHS_SYN_0095,Grade 7,Section B,2026-09-07,25,21,4,0.84,1
ENHS_SYN_0095,Grade 7,Section B,2026-09-14,25,23,2,0.92,1
ENHS_SYN_0095,Grade 7,Section B,2026-09-21,25,24,1,0.96,1
ENHS_SYN_0095,Grade 7,Section B,2026-09-28,25,22,3,0.88,1
ENHS_SYN_0095,Grade 7,Section B,2026-10-05,25,23,2,0.92,1
ENHS_SYN_0095,Grade 7,Section B,2026-10-12,25,23,2,0.92,1
ENHS_SYN_0095,Grade 7,Section B,2026-10-19,25,24,1,0.96,1
ENHS_SYN_0096,Grade 7,Section B,2026-08-03,25,21,4,0.84,1
ENHS_SYN_0096,Grade 7,Section B,2026-08-10,24,22,2,0.9167,1
ENHS_SYN_0096,Grade 7,Section B,2026-08-17,25,23,2,0.92,1
ENHS_SYN_0096,Grade 7,Section B,2026-08-24,25,21,4,0.84,1
ENHS_SYN_0096,Grade 7,Section B,2026-08-31,23,19,4,0.8261,1
ENHS_SYN_0096,Grade 7,Section B,2026-09-07,25,19,6,0.76,1
ENHS_SYN_0096,Grade 7,Section B,2026-09-14,25,21,4,0.84,1
ENHS_SYN_0096,Grade 7,Section B,2026-09-21,25,19,6,0.76,1
ENHS_SYN_0096,Grade 7,Section B,2026-09-28,25,23,2,0.92,1
ENHS_SYN_0096,Grade 7,Section B,2026-10-05,25,18,7,0.72,1
ENHS_SYN_0096,Grade 7,Section B,2026-10-12,25,20,5,0.8,1
ENHS_SYN_0096,Grade 7,Section B,2026-10-19,25,20,5,0.8,1
ENHS_SYN_0097,Grade 7,Section B,2026-08-03,25,21,4,0.84,1
ENHS_SYN_0097,Grade 7,Section B,2026-08-10,25,23,2,0.92,1
ENHS_SYN_0097,Grade 7,Section B,2026-08-17,25,23,2,0.92,1
ENHS_SYN_0097,Grade 7,Section B,2026-08-24,25,23,2,0.92,1
ENHS_SYN_0097,Grade 7,Section B,2026-08-31,25,24,1,0.96,1
ENHS_SYN_0097,Grade 7,Section B,2026-09-07,25,23,2,0.92,1
ENHS_SYN_0097,Grade 7,Section B,2026-09-14,25,21,4,0.84,1
ENHS_SYN_0097,Grade 7,Section B,2026-09-21,25,23,2,0.92,1
ENHS_SYN_0097,Grade 7,Section B,2026-09-28,25,22,3,0.88,1
ENHS_SYN_0097,Grade 7,Section B,2026-10-05,25,25,0,1.0,0
ENHS_SYN_0097,Grade 7,Section B,2026-10-12,25,23,2,0.92,1
ENHS_SYN_0097,Grade 7,Section B,2026-10-19,25,19,6,0.76,1
ENHS_SYN_0098,Grade 7,Section B,2026-08-03,25,21,4,0.84,1
ENHS_SYN_0098,Grade 7,Section B,2026-08-10,25,21,4,0.84,1
ENHS_SYN_0098,Grade 7,Section B,2026-08-17,25,23,2,0.92,1
ENHS_SYN_0098,Grade 7,Section B,2026-08-24,25,22,3,0.88,1
ENHS_SYN_0098,Grade 7,Section B,2026-08-31,25,20,5,0.8,1
ENHS_SYN_0098,Grade 7,Section B,2026-09-07,25,22,3,0.88,1
ENHS_SYN_0098,Grade 7,Section B,2026-09-14,25,21,4,0.84,1
ENHS_SYN_0098,Grade 7,Section B,2026-09-21,25,22,3,0.88,1
ENHS_SYN_0098,Grade 7,Section B,2026-09-28,25,21,4,0.84,1
ENHS_SYN_0098,Grade 7,Section B,2026-10-05,25,17,8,0.68,1
ENHS_SYN_0098,Grade 7,Section B,2026-10-12,25,21,4,0.84,1
ENHS_SYN_0098,Grade 7,Section B,2026-10-19,25,22,3,0.88,1
ENHS_SYN_0099,Grade 7,Section B,2026-08-03,25,24,1,0.96,1
ENHS_SYN_0099,Grade 7,Section B,2026-08-10,25,23,2,0.92,1
ENHS_SYN_0099,Grade 7,Section B,2026-08-17,25,19,6,0.76,1
ENHS_SYN_0099,Grade 7,Section B,2026-08-24,25,20,5,0.8,1
ENHS_SYN_0099,Grade 7,Section B,2026-08-31,25,21,4,0.84,1
ENHS_SYN_0099,Grade 7,Section B,2026-09-07,25,19,6,0.76,1
ENHS_SYN_0099,Grade 7,Section B,2026-09-14,25,22,3,0.88,1
ENHS_SYN_0099,Grade 7,Section B,2026-09-21,25,21,4,0.84,1
ENHS_SYN_0099,Grade 7,Section B,2026-09-28,25,21,4,0.84,1
ENHS_SYN_0099,Grade 7,Section B,2026-10-05,25,19,6,0.76,1
ENHS_SYN_0099,Grade 7,Section B,2026-10-12,25,24,1,0.96,1
ENHS_SYN_0099,Grade 7,Section B,2026-10-19,24,23,1,0.9583,1
ENHS_SYN_0100,Grade 7,Section B,2026-08-03,25,20,5,0.8,1
ENHS_SYN_0100,Grade 7,Section B,2026-08-10,25,23,2,0.92,1
ENHS_SYN_0100,Grade 7,Section B,2026-08-17,25,22,3,0.88,1
ENHS_SYN_0100,Grade 7,Section B,2026-08-24,24,19,5,0.7917,1
ENHS_SYN_0100,Grade 7,Section B,2026-08-31,25,22,3,0.88,1
ENHS_SYN_0100,Grade 7,Section B,2026-09-07,25,20,5,0.8,1
ENHS_SYN_0100,Grade 7,Section B,2026-09-14,25,23,2,0.92,1
ENHS_SYN_0100,Grade 7,Section B,2026-09-21,25,21,4,0.84,1
ENHS_SYN_0100,Grade 7,Section B,2026-09-28,25,20,5,0.8,1
ENHS_SYN_0100,Grade 7,Section B,2026-10-05,25,20,5,0.8,1
ENHS_SYN_0100,Grade 7,Section B,2026-10-12,25,19,6,0.76,1
ENHS_SYN_0100,Grade 7,Section B,2026-10-19,25,18,7,0.72,1
ENHS_SYN_0101,Grade 7,Section C,2026-08-03,25,20,5,0.8,1
ENHS_SYN_0101,Grade 7,Section C,2026-08-10,25,15,10,0.6,1
ENHS_SYN_0101,Grade 7,Section C,2026-08-17,25,18,7,0.72,1
ENHS_SYN_0101,Grade 7,Section C,2026-08-24,25,21,4,0.84,1
ENHS_SYN_0101,Grade 7,Section C,2026-08-31,25,21,4,0.84,1
ENHS_SYN_0101,Grade 7,Section C,2026-09-07,25,21,4,0.84,1
ENHS_SYN_0101,Grade 7,Section C,2026-09-14,25,16,9,0.64,1
ENHS_SYN_0101,Grade 7,Section C,2026-09-21,25,20,5,0.8,1
ENHS_SYN_0101,Grade 7,Section C,2026-09-28,25,19,6,0.76,1
ENHS_SYN_0101,Grade 7,Section C,2026-10-05,25,21,4,0.84,1
ENHS_SYN_0101,Grade 7,Section C,2026-10-12,25,19,6,0.76,1
ENHS_SYN_0101,Grade 7,Section C,2026-10-19,25,15,10,0.6,1
ENHS_SYN_0102,Grade 7,Section C,2026-08-03,25,21,4,0.84,1
ENHS_SYN_0102,Grade 7,Section C,2026-08-10,25,19,6,0.76,1
ENHS_SYN_0102,Grade 7,Section C,2026-08-17,25,21,4,0.84,1
ENHS_SYN_0102,Grade 7,Section C,2026-08-24,25,22,3,0.88,1
ENHS_SYN_0102,Grade 7,Section C,2026-08-31,25,20,5,0.8,1
ENHS_SYN_0102,Grade 7,Section C,2026-09-07,25,20,5,0.8,1
ENHS_SYN_0102,Grade 7,Section C,2026-09-14,25,21,4,0.84,1
ENHS_SYN_0102,Grade 7,Section C,2026-09-21,25,21,4,0.84,1
ENHS_SYN_0102,Grade 7,Section C,2026-09-28,25,22,3,0.88,1
ENHS_SYN_0102,Grade 7,Section C,2026-10-05,25,22,3,0.88,1
ENHS_SYN_0102,Grade 7,Section C,2026-10-12,25,19,6,0.76,1
ENHS_SYN_0102,Grade 7,Section C,2026-10-19,25,21,4,0.84,1
ENHS_SYN_0103,Grade 7,Section C,2026-08-03,25,18,7,0.72,1
ENHS_SYN_0103,Grade 7,Section C,2026-08-10,25,17,8,0.68,1
ENHS_SYN_0103,Grade 7,Section C,2026-08-17,25,21,4,0.84,1
ENHS_SYN_0103,Grade 7,Section C,2026-08-24,25,24,1,0.96,1
ENHS_SYN_0103,Grade 7,Section C,2026-08-31,25,22,3,0.88,1
ENHS_SYN_0103,Grade 7,Section C,2026-09-07,25,19,6,0.76,1
ENHS_SYN_0103,Grade 7,Section C,2026-09-14,25,22,3,0.88,1
ENHS_SYN_0103,Grade 7,Section C,2026-09-21,25,21,4,0.84,1
ENHS_SYN_0103,Grade 7,Section C,2026-09-28,25,19,6,0.76,1
ENHS_SYN_0103,Grade 7,Section C,2026-10-05,25,20,5,0.8,1
ENHS_SYN_0103,Grade 7,Section C,2026-10-12,25,21,4,0.84,1
ENHS_SYN_0103,Grade 7,Section C,2026-10-19,24,19,5,0.7917,1
ENHS_SYN_0104,Grade 7,Section C,2026-08-03,25,21,4,0.84,1
ENHS_SYN_0104,Grade 7,Section C,2026-08-10,25,24,1,0.96,1
ENHS_SYN_0104,Grade 7,Section C,2026-08-17,25,24,1,0.96,1
ENHS_SYN_0104,Grade 7,Section C,2026-08-24,25,22,3,0.88,1
ENHS_SYN_0104,Grade 7,Section C,2026-08-31,25,24,1,0.96,1
ENHS_SYN_0104,Grade 7,Section C,2026-09-07,25,24,1,0.96,1
ENHS_SYN_0104,Grade 7,Section C,2026-09-14,24,23,1,0.9583,1
ENHS_SYN_0104,Grade 7,Section C,2026-09-21,25,21,4,0.84,1
ENHS_SYN_0104,Grade 7,Section C,2026-09-28,25,21,4,0.84,1
ENHS_SYN_0104,Grade 7,Section C,2026-10-05,25,22,3,0.88,1
ENHS_SYN_0104,Grade 7,Section C,2026-10-12,25,21,4,0.84,1
ENHS_SYN_0104,Grade 7,Section C,2026-10-19,24,20,4,0.8333,1
ENHS_SYN_0105,Grade 7,Section C,2026-08-03,25,23,2,0.92,1
ENHS_SYN_0105,Grade 7,Section C,2026-08-10,25,21,4,0.84,1
ENHS_SYN_0105,Grade 7,Section C,2026-08-17,25,20,5,0.8,1
ENHS_SYN_0105,Grade 7,Section C,2026-08-24,25,20,5,0.8,1
ENHS_SYN_0105,Grade 7,Section C,2026-08-31,24,20,4,0.8333,1
ENHS_SYN_0105,Grade 7,Section C,2026-09-07,25,24,1,0.96,1
ENHS_SYN_0105,Grade 7,Section C,2026-09-14,24,19,5,0.7917,1
ENHS_SYN_0105,Grade 7,Section C,2026-09-21,25,19,6,0.76,1
ENHS_SYN_0105,Grade 7,Section C,2026-09-28,25,20,5,0.8,1
ENHS_SYN_0105,Grade 7,Section C,2026-10-05,25,22,3,0.88,1
ENHS_SYN_0105,Grade 7,Section C,2026-10-12,25,19,6,0.76,1
ENHS_SYN_0105,Grade 7,Section C,2026-10-19,25,21,4,0.84,1
ENHS_SYN_0106,Grade 7,Section C,2026-08-03,25,23,2,0.92,1
ENHS_SYN_0106,Grade 7,Section C,2026-08-10,25,23,2,0.92,1
ENHS_SYN_0106,Grade 7,Section C,2026-08-17,25,23,2,0.92,1
ENHS_SYN_0106,Grade 7,Section C,2026-08-24,25,23,2,0.92,1
ENHS_SYN_0106,Grade 7,Section C,2026-08-31,25,20,5,0.8,1
ENHS_SYN_0106,Grade 7,Section C,2026-09-07,25,20,5,0.8,1
ENHS_SYN_0106,Grade 7,Section C,2026-09-14,24,20,4,0.8333,1
ENHS_SYN_0106,Grade 7,Section C,2026-09-21,25,24,1,0.96,1
ENHS_SYN_0106,Grade 7,Section C,2026-09-28,25,24,1,0.96,1
ENHS_SYN_0106,Grade 7,Section C,2026-10-05,25,24,1,0.96,1
ENHS_SYN_0106,Grade 7,Section C,2026-10-12,25,23,2,0.92,1
ENHS_SYN_0106,Grade 7,Section C,2026-10-19,25,23,2,0.92,1
ENHS_SYN_0107,Grade 7,Section C,2026-08-03,25,23,2,0.92,1
ENHS_SYN_0107,Grade 7,Section C,2026-08-10,25,23,2,0.92,1
ENHS_SYN_0107,Grade 7,Section C,2026-08-17,25,22,3,0.88,1
ENHS_SYN_0107,Grade 7,Section C,2026-08-24,25,20,5,0.8,1
ENHS_SYN_0107,Grade 7,Section C,2026-08-31,25,23,2,0.92,1
ENHS_SYN_0107,Grade 7,Section C,2026-09-07,25,22,3,0.88,1
ENHS_SYN_0107,Grade 7,Section C,2026-09-14,25,20,5,0.8,1
ENHS_SYN_0107,Grade 7,Section C,2026-09-21,25,22,3,0.88,1
ENHS_SYN_0107,Grade 7,Section C,2026-09-28,25,22,3,0.88,1
ENHS_SYN_0107,Grade 7,Section C,2026-10-05,25,23,2,0.92,1
ENHS_SYN_0107,Grade 7,Section C,2026-10-12,25,24,1,0.96,1
ENHS_SYN_0107,Grade 7,Section C,2026-10-19,25,25,0,1.0,0
ENHS_SYN_0108,Grade 7,Section C,2026-08-03,25,22,3,0.88,1
ENHS_SYN_0108,Grade 7,Section C,2026-08-10,25,18,7,0.72,1
ENHS_SYN_0108,Grade 7,Section C,2026-08-17,25,24,1,0.96,1
ENHS_SYN_0108,Grade 7,Section C,2026-08-24,25,22,3,0.88,1
ENHS_SYN_0108,Grade 7,Section C,2026-08-31,25,22,3,0.88,1
ENHS_SYN_0108,Grade 7,Section C,2026-09-07,25,23,2,0.92,1
ENHS_SYN_0108,Grade 7,Section C,2026-09-14,25,23,2,0.92,1
ENHS_SYN_0108,Grade 7,Section C,2026-09-21,25,22,3,0.88,1
ENHS_SYN_0108,Grade 7,Section C,2026-09-28,25,22,3,0.88,1
ENHS_SYN_0108,Grade 7,Section C,2026-10-05,25,22,3,0.88,1
ENHS_SYN_0108,Grade 7,Section C,2026-10-12,25,22,3,0.88,1
ENHS_SYN_0108,Grade 7,Section C,2026-10-19,25,22,3,0.88,1
ENHS_SYN_0109,Grade 7,Section C,2026-08-03,25,23,2,0.92,1
ENHS_SYN_0109,Grade 7,Section C,2026-08-10,25,21,4,0.84,1
ENHS_SYN_0109,Grade 7,Section C,2026-08-17,25,23,2,0.92,1
ENHS_SYN_0109,Grade 7,Section C,2026-08-24,25,21,4,0.84,1
ENHS_SYN_0109,Grade 7,Section C,2026-08-31,25,23,2,0.92,1
ENHS_SYN_0109,Grade 7,Section C,2026-09-07,25,21,4,0.84,1
ENHS_SYN_0109,Grade 7,Section C,2026-09-14,25,24,1,0.96,1
ENHS_SYN_0109,Grade 7,Section C,2026-09-21,25,25,0,1.0,0
ENHS_SYN_0109,Grade 7,Section C,2026-09-28,25,25,0,1.0,0
ENHS_SYN_0109,Grade 7,Section C,2026-10-05,25,22,3,0.88,1
ENHS_SYN_0109,Grade 7,Section C,2026-10-12,25,23,2,0.92,1
ENHS_SYN_0109,Grade 7,Section C,2026-10-19,25,25,0,1.0,0
ENHS_SYN_0110,Grade 7,Section C,2026-08-03,25,19,6,0.76,1
ENHS_SYN_0110,Grade 7,Section C,2026-08-10,25,19,6,0.76,1
ENHS_SYN_0110,Grade 7,Section C,2026-08-17,25,21,4,0.84,1
ENHS_SYN_0110,Grade 7,Section C,2026-08-24,25,19,6,0.76,1
ENHS_SYN_0110,Grade 7,Section C,2026-08-31,25,21,4,0.84,1
ENHS_SYN_0110,Grade 7,Section C,2026-09-07,25,21,4,0.84,1
ENHS_SYN_0110,Grade 7,Section C,2026-09-14,25,20,5,0.8,1
ENHS_SYN_0110,Grade 7,Section C,2026-09-21,25,17,8,0.68,1
ENHS_SYN_0110,Grade 7,Section C,2026-09-28,25,23,2,0.92,1
ENHS_SYN_0110,Grade 7,Section C,2026-10-05,25,17,8,0.68,1
ENHS_SYN_0110,Grade 7,Section C,2026-10-12,25,19,6,0.76,1
ENHS_SYN_0110,Grade 7,Section C,2026-10-19,25,19,6,0.76,1
ENHS_SYN_0111,Grade 7,Section C,2026-08-03,25,16,9,0.64,1
ENHS_SYN_0111,Grade 7,Section C,2026-08-10,25,22,3,0.88,1
ENHS_SYN_0111,Grade 7,Section C,2026-08-17,25,22,3,0.88,1
ENHS_SYN_0111,Grade 7,Section C,2026-08-24,25,23,2,0.92,1
ENHS_SYN_0111,Grade 7,Section C,2026-08-31,25,18,7,0.72,1
ENHS_SYN_0111,Grade 7,Section C,2026-09-07,25,16,9,0.64,1
ENHS_SYN_0111,Grade 7,Section C,2026-09-14,25,19,6,0.76,1
ENHS_SYN_0111,Grade 7,Section C,2026-09-21,25,19,6,0.76,1
ENHS_SYN_0111,Grade 7,Section C,2026-09-28,25,20,5,0.8,1
ENHS_SYN_0111,Grade 7,Section C,2026-10-05,25,21,4,0.84,1
ENHS_SYN_0111,Grade 7,Section C,2026-10-12,25,20,5,0.8,1
ENHS_SYN_0111,Grade 7,Section C,2026-10-19,25,17,8,0.68,1
ENHS_SYN_0112,Grade 7,Section C,2026-08-03,25,24,1,0.96,1
ENHS_SYN_0112,Grade 7,Section C,2026-08-10,25,23,2,0.92,1
ENHS_SYN_0112,Grade 7,Section C,2026-08-17,25,25,0,1.0,0
ENHS_SYN_0112,Grade 7,Section C,2026-08-24,25,23,2,0.92,1
ENHS_SYN_0112,Grade 7,Section C,2026-08-31,25,24,1,0.96,1
ENHS_SYN_0112,Grade 7,Section C,2026-09-07,25,21,4,0.84,1
ENHS_SYN_0112,Grade 7,Section C,2026-09-14,25,20,5,0.8,1
ENHS_SYN_0112,Grade 7,Section C,2026-09-21,25,25,0,1.0,0
ENHS_SYN_0112,Grade 7,Section C,2026-09-28,25,25,0,1.0,0
ENHS_SYN_0112,Grade 7,Section C,2026-10-05,25,25,0,1.0,0
ENHS_SYN_0112,Grade 7,Section C,2026-10-12,25,25,0,1.0,0
ENHS_SYN_0112,Grade 7,Section C,2026-10-19,25,25,0,1.0,0
ENHS_SYN_0113,Grade 7,Section C,2026-08-03,25,22,3,0.88,1
ENHS_SYN_0113,Grade 7,Section C,2026-08-10,25,23,2,0.92,1
ENHS_SYN_0113,Grade 7,Section C,2026-08-17,25,23,2,0.92,1
ENHS_SYN_0113,Grade 7,Section C,2026-08-24,25,23,2,0.92,1
ENHS_SYN_0113,Grade 7,Section C,2026-08-31,25,23,2,0.92,1
ENHS_SYN_0113,Grade 7,Section C,2026-09-07,25,23,2,0.92,1
ENHS_SYN_0113,Grade 7,Section C,2026-09-14,25,23,2,0.92,1
ENHS_SYN_0113,Grade 7,Section C,2026-09-21,25,22,3,0.88,1
ENHS_SYN_0113,Grade 7,Section C,2026-09-28,25,24,1,0.96,1
ENHS_SYN_0113,Grade 7,Section C,2026-10-05,25,21,4,0.84,1
ENHS_SYN_0113,Grade 7,Section C,2026-10-12,25,25,0,1.0,0
ENHS_SYN_0113,Grade 7,Section C,2026-10-19,25,22,3,0.88,1
ENHS_SYN_0114,Grade 7,Section C,2026-08-03,25,24,1,0.96,1
ENHS_SYN_0114,Grade 7,Section C,2026-08-10,25,25,0,1.0,0
ENHS_SYN_0114,Grade 7,Section C,2026-08-17,25,25,0,1.0,0
ENHS_SYN_0114,Grade 7,Section C,2026-08-24,25,25,0,1.0,0
ENHS_SYN_0114,Grade 7,Section C,2026-08-31,25,24,1,0.96,1
ENHS_SYN_0114,Grade 7,Section C,2026-09-07,25,23,2,0.92,1
ENHS_SYN_0114,Grade 7,Section C,2026-09-14,24,23,1,0.9583,1
ENHS_SYN_0114,Grade 7,Section C,2026-09-21,25,24,1,0.96,1
ENHS_SYN_0114,Grade 7,Section C,2026-09-28,25,24,1,0.96,1
ENHS_SYN_0114,Grade 7,Section C,2026-10-05,25,25,0,1.0,0
ENHS_SYN_0114,Grade 7,Section C,2026-10-12,25,25,0,1.0,0
ENHS_SYN_0114,Grade 7,Section C,2026-10-19,24,23,1,0.9583,1
ENHS_SYN_0115,Grade 7,Section C,2026-08-03,25,24,1,0.96,1
ENHS_SYN_0115,Grade 7,Section C,2026-08-10,25,23,2,0.92,1
ENHS_SYN_0115,Grade 7,Section C,2026-08-17,25,24,1,0.96,1
ENHS_SYN_0115,Grade 7,Section C,2026-08-24,25,25,0,1.0,0
ENHS_SYN_0115,Grade 7,Section C,2026-08-31,25,25,0,1.0,0
ENHS_SYN_0115,Grade 7,Section C,2026-09-07,25,25,0,1.0,0
ENHS_SYN_0115,Grade 7,Section C,2026-09-14,25,24,1,0.96,1
ENHS_SYN_0115,Grade 7,Section C,2026-09-21,25,24,1,0.96,1
ENHS_SYN_0115,Grade 7,Section C,2026-09-28,25,25,0,1.0,0
ENHS_SYN_0115,Grade 7,Section C,2026-10-05,25,25,0,1.0,0
ENHS_SYN_0115,Grade 7,Section C,2026-10-12,25,23,2,0.92,1
ENHS_SYN_0115,Grade 7,Section C,2026-10-19,24,24,0,1.0,0
ENHS_SYN_0116,Grade 7,Section C,2026-08-03,25,22,3,0.88,1
ENHS_SYN_0116,Grade 7,Section C,2026-08-10,25,24,1,0.96,1
ENHS_SYN_0116,Grade 7,Section C,2026-08-17,25,24,1,0.96,1
ENHS_SYN_0116,Grade 7,Section C,2026-08-24,25,25,0,1.0,0
ENHS_SYN_0116,Grade 7,Section C,2026-08-31,25,23,2,0.92,1
ENHS_SYN_0116,Grade 7,Section C,2026-09-07,25,21,4,0.84,1
ENHS_SYN_0116,Grade 7,Section C,2026-09-14,25,21,4,0.84,1
ENHS_SYN_0116,Grade 7,Section C,2026-09-21,25,25,0,1.0,0
ENHS_SYN_0116,Grade 7,Section C,2026-09-28,25,21,4,0.84,1
ENHS_SYN_0116,Grade 7,Section C,2026-10-05,25,23,2,0.92,1
ENHS_SYN_0116,Grade 7,Section C,2026-10-12,25,23,2,0.92,1
ENHS_SYN_0116,Grade 7,Section C,2026-10-19,25,21,4,0.84,1
ENHS_SYN_0117,Grade 7,Section C,2026-08-03,25,24,1,0.96,1
ENHS_SYN_0117,Grade 7,Section C,2026-08-10,25,25,0,1.0,0
ENHS_SYN_0117,Grade 7,Section C,2026-08-17,25,23,2,0.92,1
ENHS_SYN_0117,Grade 7,Section C,2026-08-24,25,22,3,0.88,1
ENHS_SYN_0117,Grade 7,Section C,2026-08-31,25,23,2,0.92,1
ENHS_SYN_0117,Grade 7,Section C,2026-09-07,25,23,2,0.92,1
ENHS_SYN_0117,Grade 7,Section C,2026-09-14,25,23,2,0.92,1
ENHS_SYN_0117,Grade 7,Section C,2026-09-21,25,22,3,0.88,1
ENHS_SYN_0117,Grade 7,Section C,2026-09-28,25,22,3,0.88,1
ENHS_SYN_0117,Grade 7,Section C,2026-10-05,25,24,1,0.96,1
ENHS_SYN_0117,Grade 7,Section C,2026-10-12,25,23,2,0.92,1
ENHS_SYN_0117,Grade 7,Section C,2026-10-19,25,25,0,1.0,0
ENHS_SYN_0118,Grade 7,Section C,2026-08-03,25,16,9,0.64,1
ENHS_SYN_0118,Grade 7,Section C,2026-08-10,25,18,7,0.72,1
ENHS_SYN_0118,Grade 7,Section C,2026-08-17,25,16,9,0.64,1
ENHS_SYN_0118,Grade 7,Section C,2026-08-24,25,18,7,0.72,1
ENHS_SYN_0118,Grade 7,Section C,2026-08-31,25,20,5,0.8,1
ENHS_SYN_0118,Grade 7,Section C,2026-09-07,25,19,6,0.76,1
ENHS_SYN_0118,Grade 7,Section C,2026-09-14,25,20,5,0.8,1
ENHS_SYN_0118,Grade 7,Section C,2026-09-21,25,18,7,0.72,1
ENHS_SYN_0118,Grade 7,Section C,2026-09-28,25,23,2,0.92,1
ENHS_SYN_0118,Grade 7,Section C,2026-10-05,25,20,5,0.8,1
ENHS_SYN_0118,Grade 7,Section C,2026-10-12,25,20,5,0.8,1
ENHS_SYN_0118,Grade 7,Section C,2026-10-19,25,20,5,0.8,1
ENHS_SYN_0119,Grade 7,Section C,2026-08-03,25,23,2,0.92,1
ENHS_SYN_0119,Grade 7,Section C,2026-08-10,25,24,1,0.96,1
ENHS_SYN_0119,Grade 7,Section C,2026-08-17,25,23,2,0.92,1
ENHS_SYN_0119,Grade 7,Section C,2026-08-24,25,23,2,0.92,1
ENHS_SYN_0119,Grade 7,Section C,2026-08-31,25,23,2,0.92,1
ENHS_SYN_0119,Grade 7,Section C,2026-09-07,25,22,3,0.88,1
ENHS_SYN_0119,Grade 7,Section C,2026-09-14,25,24,1,0.96,1
ENHS_SYN_0119,Grade 7,Section C,2026-09-21,25,22,3,0.88,1
ENHS_SYN_0119,Grade 7,Section C,2026-09-28,25,25,0,1.0,0
ENHS_SYN_0119,Grade 7,Section C,2026-10-05,25,20,5,0.8,1
ENHS_SYN_0119,Grade 7,Section C,2026-10-12,25,24,1,0.96,1
ENHS_SYN_0119,Grade 7,Section C,2026-10-19,25,22,3,0.88,1
ENHS_SYN_0120,Grade 7,Section C,2026-08-03,24,21,3,0.875,1
ENHS_SYN_0120,Grade 7,Section C,2026-08-10,25,25,0,1.0,0
ENHS_SYN_0120,Grade 7,Section C,2026-08-17,25,21,4,0.84,1
ENHS_SYN_0120,Grade 7,Section C,2026-08-24,25,24,1,0.96,1
ENHS_SYN_0120,Grade 7,Section C,2026-08-31,25,23,2,0.92,1
ENHS_SYN_0120,Grade 7,Section C,2026-09-07,25,21,4,0.84,1
ENHS_SYN_0120,Grade 7,Section C,2026-09-14,25,24,1,0.96,1
ENHS_SYN_0120,Grade 7,Section C,2026-09-21,25,20,5,0.8,1
ENHS_SYN_0120,Grade 7,Section C,2026-09-28,25,23,2,0.92,1
ENHS_SYN_0120,Grade 7,Section C,2026-10-05,25,23,2,0.92,1
ENHS_SYN_0120,Grade 7,Section C,2026-10-12,25,23,2,0.92,1
ENHS_SYN_0120,Grade 7,Section C,2026-10-19,25,21,4,0.84,1
ENHS_SYN_0121,Grade 7,Section C,2026-08-03,25,23,2,0.92,1
ENHS_SYN_0121,Grade 7,Section C,2026-08-10,25,24,1,0.96,1
ENHS_SYN_0121,Grade 7,Section C,2026-08-17,25,25,0,1.0,0
ENHS_SYN_0121,Grade 7,Section C,2026-08-24,25,21,4,0.84,1
ENHS_SYN_0121,Grade 7,Section C,2026-08-31,25,24,1,0.96,1
ENHS_SYN_0121,Grade 7,Section C,2026-09-07,25,25,0,1.0,0
ENHS_SYN_0121,Grade 7,Section C,2026-09-14,25,25,0,1.0,0
ENHS_SYN_0121,Grade 7,Section C,2026-09-21,25,23,2,0.92,1
ENHS_SYN_0121,Grade 7,Section C,2026-09-28,25,24,1,0.96,1
ENHS_SYN_0121,Grade 7,Section C,2026-10-05,25,24,1,0.96,1
ENHS_SYN_0121,Grade 7,Section C,2026-10-12,24,23,1,0.9583,1
ENHS_SYN_0121,Grade 7,Section C,2026-10-19,25,24,1,0.96,1
ENHS_SYN_0122,Grade 7,Section C,2026-08-03,25,22,3,0.88,1
ENHS_SYN_0122,Grade 7,Section C,2026-08-10,25,25,0,1.0,0
ENHS_SYN_0122,Grade 7,Section C,2026-08-17,25,24,1,0.96,1
ENHS_SYN_0122,Grade 7,Section C,2026-08-24,25,23,2,0.92,1
ENHS_SYN_0122,Grade 7,Section C,2026-08-31,25,23,2,0.92,1
ENHS_SYN_0122,Grade 7,Section C,2026-09-07,25,22,3,0.88,1
ENHS_SYN_0122,Grade 7,Section C,2026-09-14,25,23,2,0.92,1
ENHS_SYN_0122,Grade 7,Section C,2026-09-21,24,21,3,0.875,1
ENHS_SYN_0122,Grade 7,Section C,2026-09-28,25,25,0,1.0,0
ENHS_SYN_0122,Grade 7,Section C,2026-10-05,24,22,2,0.9167,1
ENHS_SYN_0122,Grade 7,Section C,2026-10-12,25,24,1,0.96,1
ENHS_SYN_0122,Grade 7,Section C,2026-10-19,25,21,4,0.84,1
ENHS_SYN_0123,Grade 7,Section C,2026-08-03,25,19,6,0.76,1
ENHS_SYN_0123,Grade 7,Section C,2026-08-10,25,22,3,0.88,1
ENHS_SYN_0123,Grade 7,Section C,2026-08-17,25,20,5,0.8,1
ENHS_SYN_0123,Grade 7,Section C,2026-08-24,25,24,1,0.96,1
ENHS_SYN_0123,Grade 7,Section C,2026-08-31,25,21,4,0.84,1
ENHS_SYN_0123,Grade 7,Section C,2026-09-07,24,20,4,0.8333,1
ENHS_SYN_0123,Grade 7,Section C,2026-09-14,25,21,4,0.84,1
ENHS_SYN_0123,Grade 7,Section C,2026-09-21,25,23,2,0.92,1
ENHS_SYN_0123,Grade 7,Section C,2026-09-28,25,22,3,0.88,1
ENHS_SYN_0123,Grade 7,Section C,2026-10-05,24,18,6,0.75,1
ENHS_SYN_0123,Grade 7,Section C,2026-10-12,25,21,4,0.84,1
ENHS_SYN_0123,Grade 7,Section C,2026-10-19,25,20,5,0.8,1
ENHS_SYN_0124,Grade 7,Section C,2026-08-03,25,24,1,0.96,1
ENHS_SYN_0124,Grade 7,Section C,2026-08-10,25,25,0,1.0,0
ENHS_SYN_0124,Grade 7,Section C,2026-08-17,25,25,0,1.0,0
ENHS_SYN_0124,Grade 7,Section C,2026-08-24,25,25,0,1.0,0
ENHS_SYN_0124,Grade 7,Section C,2026-08-31,25,25,0,1.0,0
ENHS_SYN_0124,Grade 7,Section C,2026-09-07,25,25,0,1.0,0
ENHS_SYN_0124,Grade 7,Section C,2026-09-14,25,24,1,0.96,1
ENHS_SYN_0124,Grade 7,Section C,2026-09-21,25,25,0,1.0,0
ENHS_SYN_0124,Grade 7,Section C,2026-09-28,25,24,1,0.96,1
ENHS_SYN_0124,Grade 7,Section C,2026-10-05,25,24,1,0.96,1
ENHS_SYN_0124,Grade 7,Section C,2026-10-12,24,24,0,1.0,0
ENHS_SYN_0124,Grade 7,Section C,2026-10-19,25,23,2,0.92,1
ENHS_SYN_0125,Grade 7,Section C,2026-08-03,25,24,1,0.96,1
ENHS_SYN_0125,Grade 7,Section C,2026-08-10,25,24,1,0.96,1
ENHS_SYN_0125,Grade 7,Section C,2026-08-17,24,23,1,0.9583,1
ENHS_SYN_0125,Grade 7,Section C,2026-08-24,25,24,1,0.96,1
ENHS_SYN_0125,Grade 7,Section C,2026-08-31,25,25,0,1.0,0
ENHS_SYN_0125,Grade 7,Section C,2026-09-07,25,23,2,0.92,1
ENHS_SYN_0125,Grade 7,Section C,2026-09-14,25,24,1,0.96,1
ENHS_SYN_0125,Grade 7,Section C,2026-09-21,25,24,1,0.96,1
ENHS_SYN_0125,Grade 7,Section C,2026-09-28,25,25,0,1.0,0
ENHS_SYN_0125,Grade 7,Section C,2026-10-05,25,25,0,1.0,0
ENHS_SYN_0125,Grade 7,Section C,2026-10-12,25,25,0,1.0,0
ENHS_SYN_0125,Grade 7,Section C,2026-10-19,25,25,0,1.0,0
ENHS_SYN_0126,Grade 7,Section C,2026-08-03,25,20,5,0.8,1
ENHS_SYN_0126,Grade 7,Section C,2026-08-10,25,16,9,0.64,1
ENHS_SYN_0126,Grade 7,Section C,2026-08-17,25,21,4,0.84,1
ENHS_SYN_0126,Grade 7,Section C,2026-08-24,25,15,10,0.6,1
ENHS_SYN_0126,Grade 7,Section C,2026-08-31,25,18,7,0.72,1
ENHS_SYN_0126,Grade 7,Section C,2026-09-07,25,21,4,0.84,1
ENHS_SYN_0126,Grade 7,Section C,2026-09-14,25,21,4,0.84,1
ENHS_SYN_0126,Grade 7,Section C,2026-09-21,25,19,6,0.76,1
ENHS_SYN_0126,Grade 7,Section C,2026-09-28,25,16,9,0.64,1
ENHS_SYN_0126,Grade 7,Section C,2026-10-05,25,20,5,0.8,1
ENHS_SYN_0126,Grade 7,Section C,2026-10-12,25,16,9,0.64,1
ENHS_SYN_0126,Grade 7,Section C,2026-10-19,25,18,7,0.72,1
ENHS_SYN_0127,Grade 7,Section C,2026-08-03,25,23,2,0.92,1
ENHS_SYN_0127,Grade 7,Section C,2026-08-10,25,17,8,0.68,1
ENHS_SYN_0127,Grade 7,Section C,2026-08-17,25,15,10,0.6,1
ENHS_SYN_0127,Grade 7,Section C,2026-08-24,25,19,6,0.76,1
ENHS_SYN_0127,Grade 7,Section C,2026-08-31,25,16,9,0.64,1
ENHS_SYN_0127,Grade 7,Section C,2026-09-07,25,19,6,0.76,1
ENHS_SYN_0127,Grade 7,Section C,2026-09-14,24,17,7,0.7083,1
ENHS_SYN_0127,Grade 7,Section C,2026-09-21,25,15,10,0.6,1
ENHS_SYN_0127,Grade 7,Section C,2026-09-28,25,14,11,0.56,1
ENHS_SYN_0127,Grade 7,Section C,2026-10-05,25,19,6,0.76,1
ENHS_SYN_0127,Grade 7,Section C,2026-10-12,25,19,6,0.76,1
ENHS_SYN_0127,Grade 7,Section C,2026-10-19,25,21,4,0.84,1
ENHS_SYN_0128,Grade 7,Section C,2026-08-03,25,19,6,0.76,1
ENHS_SYN_0128,Grade 7,Section C,2026-08-10,25,16,9,0.64,1
ENHS_SYN_0128,Grade 7,Section C,2026-08-17,25,20,5,0.8,1
ENHS_SYN_0128,Grade 7,Section C,2026-08-24,25,18,7,0.72,1
ENHS_SYN_0128,Grade 7,Section C,2026-08-31,25,20,5,0.8,1
ENHS_SYN_0128,Grade 7,Section C,2026-09-07,25,23,2,0.92,1
ENHS_SYN_0128,Grade 7,Section C,2026-09-14,25,21,4,0.84,1
ENHS_SYN_0128,Grade 7,Section C,2026-09-21,25,18,7,0.72,1
ENHS_SYN_0128,Grade 7,Section C,2026-09-28,25,20,5,0.8,1
ENHS_SYN_0128,Grade 7,Section C,2026-10-05,25,18,7,0.72,1
ENHS_SYN_0128,Grade 7,Section C,2026-10-12,25,22,3,0.88,1
ENHS_SYN_0128,Grade 7,Section C,2026-10-19,25,17,8,0.68,1
ENHS_SYN_0129,Grade 7,Section C,2026-08-03,25,21,4,0.84,1
ENHS_SYN_0129,Grade 7,Section C,2026-08-10,25,23,2,0.92,1
ENHS_SYN_0129,Grade 7,Section C,2026-08-17,25,21,4,0.84,1
ENHS_SYN_0129,Grade 7,Section C,2026-08-24,25,23,2,0.92,1
ENHS_SYN_0129,Grade 7,Section C,2026-08-31,25,17,8,0.68,1
ENHS_SYN_0129,Grade 7,Section C,2026-09-07,25,21,4,0.84,1
ENHS_SYN_0129,Grade 7,Section C,2026-09-14,25,22,3,0.88,1
ENHS_SYN_0129,Grade 7,Section C,2026-09-21,25,20,5,0.8,1
ENHS_SYN_0129,Grade 7,Section C,2026-09-28,25,23,2,0.92,1
ENHS_SYN_0129,Grade 7,Section C,2026-10-05,25,24,1,0.96,1
ENHS_SYN_0129,Grade 7,Section C,2026-10-12,25,24,1,0.96,1
ENHS_SYN_0129,Grade 7,Section C,2026-10-19,25,21,4,0.84,1
ENHS_SYN_0130,Grade 7,Section C,2026-08-03,25,23,2,0.92,1
ENHS_SYN_0130,Grade 7,Section C,2026-08-10,25,21,4,0.84,1
ENHS_SYN_0130,Grade 7,Section C,2026-08-17,25,25,0,1.0,0
ENHS_SYN_0130,Grade 7,Section C,2026-08-24,25,24,1,0.96,1
ENHS_SYN_0130,Grade 7,Section C,2026-08-31,25,23,2,0.92,1
ENHS_SYN_0130,Grade 7,Section C,2026-09-07,25,24,1,0.96,1
ENHS_SYN_0130,Grade 7,Section C,2026-09-14,25,23,2,0.92,1
ENHS_SYN_0130,Grade 7,Section C,2026-09-21,25,23,2,0.92,1
ENHS_SYN_0130,Grade 7,Section C,2026-09-28,25,24,1,0.96,1
ENHS_SYN_0130,Grade 7,Section C,2026-10-05,25,22,3,0.88,1
ENHS_SYN_0130,Grade 7,Section C,2026-10-12,25,19,6,0.76,1
ENHS_SYN_0130,Grade 7,Section C,2026-10-19,25,24,1,0.96,1
ENHS_SYN_0131,Grade 7,Section C,2026-08-03,25,20,5,0.8,1
ENHS_SYN_0131,Grade 7,Section C,2026-08-10,25,24,1,0.96,1
ENHS_SYN_0131,Grade 7,Section C,2026-08-17,25,19,6,0.76,1
ENHS_SYN_0131,Grade 7,Section C,2026-08-24,24,16,8,0.6667,1
ENHS_SYN_0131,Grade 7,Section C,2026-08-31,25,23,2,0.92,1
ENHS_SYN_0131,Grade 7,Section C,2026-09-07,25,18,7,0.72,1
ENHS_SYN_0131,Grade 7,Section C,2026-09-14,25,20,5,0.8,1
ENHS_SYN_0131,Grade 7,Section C,2026-09-21,25,18,7,0.72,1
ENHS_SYN_0131,Grade 7,Section C,2026-09-28,25,17,8,0.68,1
ENHS_SYN_0131,Grade 7,Section C,2026-10-05,25,21,4,0.84,1
ENHS_SYN_0131,Grade 7,Section C,2026-10-12,25,22,3,0.88,1
ENHS_SYN_0131,Grade 7,Section C,2026-10-19,25,21,4,0.84,1
ENHS_SYN_0132,Grade 7,Section C,2026-08-03,25,21,4,0.84,1
ENHS_SYN_0132,Grade 7,Section C,2026-08-10,25,23,2,0.92,1
ENHS_SYN_0132,Grade 7,Section C,2026-08-17,25,19,6,0.76,1
ENHS_SYN_0132,Grade 7,Section C,2026-08-24,25,20,5,0.8,1
ENHS_SYN_0132,Grade 7,Section C,2026-08-31,25,22,3,0.88,1
ENHS_SYN_0132,Grade 7,Section C,2026-09-07,25,20,5,0.8,1
ENHS_SYN_0132,Grade 7,Section C,2026-09-14,25,20,5,0.8,1
ENHS_SYN_0132,Grade 7,Section C,2026-09-21,25,18,7,0.72,1
ENHS_SYN_0132,Grade 7,Section C,2026-09-28,25,24,1,0.96,1
ENHS_SYN_0132,Grade 7,Section C,2026-10-05,25,20,5,0.8,1
ENHS_SYN_0132,Grade 7,Section C,2026-10-12,25,22,3,0.88,1
ENHS_SYN_0132,Grade 7,Section C,2026-10-19,25,21,4,0.84,1
ENHS_SYN_0133,Grade 7,Section C,2026-08-03,25,25,0,1.0,0
ENHS_SYN_0133,Grade 7,Section C,2026-08-10,25,23,2,0.92,1
ENHS_SYN_0133,Grade 7,Section C,2026-08-17,25,22,3,0.88,1
ENHS_SYN_0133,Grade 7,Section C,2026-08-24,25,24,1,0.96,1
ENHS_SYN_0133,Grade 7,Section C,2026-08-31,24,23,1,0.9583,1
ENHS_SYN_0133,Grade 7,Section C,2026-09-07,25,21,4,0.84,1
ENHS_SYN_0133,Grade 7,Section C,2026-09-14,25,20,5,0.8,1
ENHS_SYN_0133,Grade 7,Section C,2026-09-21,25,25,0,1.0,0
ENHS_SYN_0133,Grade 7,Section C,2026-09-28,25,23,2,0.92,1
ENHS_SYN_0133,Grade 7,Section C,2026-10-05,25,22,3,0.88,1
ENHS_SYN_0133,Grade 7,Section C,2026-10-12,25,21,4,0.84,1
ENHS_SYN_0133,Grade 7,Section C,2026-10-19,25,24,1,0.96,1
ENHS_SYN_0134,Grade 7,Section C,2026-08-03,25,24,1,0.96,1
ENHS_SYN_0134,Grade 7,Section C,2026-08-10,25,23,2,0.92,1
ENHS_SYN_0134,Grade 7,Section C,2026-08-17,24,22,2,0.9167,1
ENHS_SYN_0134,Grade 7,Section C,2026-08-24,25,23,2,0.92,1
ENHS_SYN_0134,Grade 7,Section C,2026-08-31,25,24,1,0.96,1
ENHS_SYN_0134,Grade 7,Section C,2026-09-07,25,23,2,0.92,1
ENHS_SYN_0134,Grade 7,Section C,2026-09-14,25,21,4,0.84,1
ENHS_SYN_0134,Grade 7,Section C,2026-09-21,25,23,2,0.92,1
ENHS_SYN_0134,Grade 7,Section C,2026-09-28,25,24,1,0.96,1
ENHS_SYN_0134,Grade 7,Section C,2026-10-05,25,18,7,0.72,1
ENHS_SYN_0134,Grade 7,Section C,2026-10-12,25,23,2,0.92,1
ENHS_SYN_0134,Grade 7,Section C,2026-10-19,25,22,3,0.88,1
ENHS_SYN_0135,Grade 7,Section C,2026-08-03,25,21,4,0.84,1
ENHS_SYN_0135,Grade 7,Section C,2026-08-10,25,22,3,0.88,1
ENHS_SYN_0135,Grade 7,Section C,2026-08-17,25,19,6,0.76,1
ENHS_SYN_0135,Grade 7,Section C,2026-08-24,25,24,1,0.96,1
ENHS_SYN_0135,Grade 7,Section C,2026-08-31,25,23,2,0.92,1
ENHS_SYN_0135,Grade 7,Section C,2026-09-07,25,22,3,0.88,1
ENHS_SYN_0135,Grade 7,Section C,2026-09-14,25,23,2,0.92,1
ENHS_SYN_0135,Grade 7,Section C,2026-09-21,25,22,3,0.88,1
ENHS_SYN_0135,Grade 7,Section C,2026-09-28,25,21,4,0.84,1
ENHS_SYN_0135,Grade 7,Section C,2026-10-05,25,21,4,0.84,1
ENHS_SYN_0135,Grade 7,Section C,2026-10-12,25,21,4,0.84,1
ENHS_SYN_0135,Grade 7,Section C,2026-10-19,25,21,4,0.84,1
ENHS_SYN_0136,Grade 7,Section C,2026-08-03,25,21,4,0.84,1
ENHS_SYN_0136,Grade 7,Section C,2026-08-10,25,24,1,0.96,1
ENHS_SYN_0136,Grade 7,Section C,2026-08-17,25,24,1,0.96,1
ENHS_SYN_0136,Grade 7,Section C,2026-08-24,25,24,1,0.96,1
ENHS_SYN_0136,Grade 7,Section C,2026-08-31,25,22,3,0.88,1
ENHS_SYN_0136,Grade 7,Section C,2026-09-07,25,23,2,0.92,1
ENHS_SYN_0136,Grade 7,Section C,2026-09-14,25,21,4,0.84,1
ENHS_SYN_0136,Grade 7,Section C,2026-09-21,25,22,3,0.88,1
ENHS_SYN_0136,Grade 7,Section C,2026-09-28,25,23,2,0.92,1
ENHS_SYN_0136,Grade 7,Section C,2026-10-05,25,22,3,0.88,1
ENHS_SYN_0136,Grade 7,Section C,2026-10-12,25,25,0,1.0,0
ENHS_SYN_0136,Grade 7,Section C,2026-10-19,25,22,3,0.88,1
ENHS_SYN_0137,Grade 7,Section C,2026-08-03,25,23,2,0.92,1
ENHS_SYN_0137,Grade 7,Section C,2026-08-10,25,24,1,0.96,1
ENHS_SYN_0137,Grade 7,Section C,2026-08-17,25,22,3,0.88,1
ENHS_SYN_0137,Grade 7,Section C,2026-08-24,25,20,5,0.8,1
ENHS_SYN_0137,Grade 7,Section C,2026-08-31,25,21,4,0.84,1
ENHS_SYN_0137,Grade 7,Section C,2026-09-07,25,22,3,0.88,1
ENHS_SYN_0137,Grade 7,Section C,2026-09-14,24,22,2,0.9167,1
ENHS_SYN_0137,Grade 7,Section C,2026-09-21,25,24,1,0.96,1
ENHS_SYN_0137,Grade 7,Section C,2026-09-28,25,24,1,0.96,1
ENHS_SYN_0137,Grade 7,Section C,2026-10-05,25,22,3,0.88,1
ENHS_SYN_0137,Grade 7,Section C,2026-10-12,25,22,3,0.88,1
ENHS_SYN_0137,Grade 7,Section C,2026-10-19,25,23,2,0.92,1
ENHS_SYN_0138,Grade 7,Section C,2026-08-03,25,20,5,0.8,1
ENHS_SYN_0138,Grade 7,Section C,2026-08-10,25,19,6,0.76,1
ENHS_SYN_0138,Grade 7,Section C,2026-08-17,25,15,10,0.6,1
ENHS_SYN_0138,Grade 7,Section C,2026-08-24,25,22,3,0.88,1
ENHS_SYN_0138,Grade 7,Section C,2026-08-31,25,19,6,0.76,1
ENHS_SYN_0138,Grade 7,Section C,2026-09-07,25,19,6,0.76,1
ENHS_SYN_0138,Grade 7,Section C,2026-09-14,25,19,6,0.76,1
ENHS_SYN_0138,Grade 7,Section C,2026-09-21,24,16,8,0.6667,1
ENHS_SYN_0138,Grade 7,Section C,2026-09-28,25,15,10,0.6,1
ENHS_SYN_0138,Grade 7,Section C,2026-10-05,25,13,12,0.52,1
ENHS_SYN_0138,Grade 7,Section C,2026-10-12,25,20,5,0.8,1
ENHS_SYN_0138,Grade 7,Section C,2026-10-19,24,16,8,0.6667,1
ENHS_SYN_0139,Grade 7,Section C,2026-08-03,25,23,2,0.92,1
ENHS_SYN_0139,Grade 7,Section C,2026-08-10,25,19,6,0.76,1
ENHS_SYN_0139,Grade 7,Section C,2026-08-17,25,19,6,0.76,1
ENHS_SYN_0139,Grade 7,Section C,2026-08-24,25,25,0,1.0,0
ENHS_SYN_0139,Grade 7,Section C,2026-08-31,25,22,3,0.88,1
ENHS_SYN_0139,Grade 7,Section C,2026-09-07,24,18,6,0.75,1
ENHS_SYN_0139,Grade 7,Section C,2026-09-14,25,22,3,0.88,1
ENHS_SYN_0139,Grade 7,Section C,2026-09-21,25,22,3,0.88,1
ENHS_SYN_0139,Grade 7,Section C,2026-09-28,25,23,2,0.92,1
ENHS_SYN_0139,Grade 7,Section C,2026-10-05,25,22,3,0.88,1
ENHS_SYN_0139,Grade 7,Section C,2026-10-12,25,24,1,0.96,1
ENHS_SYN_0139,Grade 7,Section C,2026-10-19,25,23,2,0.92,1
ENHS_SYN_0140,Grade 7,Section C,2026-08-03,25,23,2,0.92,1
ENHS_SYN_0140,Grade 7,Section C,2026-08-10,25,22,3,0.88,1
ENHS_SYN_0140,Grade 7,Section C,2026-08-17,25,25,0,1.0,0
ENHS_SYN_0140,Grade 7,Section C,2026-08-24,25,23,2,0.92,1
ENHS_SYN_0140,Grade 7,Section C,2026-08-31,25,23,2,0.92,1
ENHS_SYN_0140,Grade 7,Section C,2026-09-07,25,25,0,1.0,0
ENHS_SYN_0140,Grade 7,Section C,2026-09-14,25,24,1,0.96,1
ENHS_SYN_0140,Grade 7,Section C,2026-09-21,25,23,2,0.92,1
ENHS_SYN_0140,Grade 7,Section C,2026-09-28,25,25,0,1.0,0
ENHS_SYN_0140,Grade 7,Section C,2026-10-05,25,24,1,0.96,1
ENHS_SYN_0140,Grade 7,Section C,2026-10-12,25,24,1,0.96,1
ENHS_SYN_0140,Grade 7,Section C,2026-10-19,25,24,1,0.96,1
ENHS_SYN_0141,Grade 7,Section C,2026-08-03,25,21,4,0.84,1
ENHS_SYN_0141,Grade 7,Section C,2026-08-10,25,22,3,0.88,1
ENHS_SYN_0141,Grade 7,Section C,2026-08-17,25,23,2,0.92,1
ENHS_SYN_0141,Grade 7,Section C,2026-08-24,25,24,1,0.96,1
ENHS_SYN_0141,Grade 7,Section C,2026-08-31,25,24,1,0.96,1
ENHS_SYN_0141,Grade 7,Section C,2026-09-07,25,22,3,0.88,1
ENHS_SYN_0141,Grade 7,Section C,2026-09-14,25,21,4,0.84,1
ENHS_SYN_0141,Grade 7,Section C,2026-09-21,25,24,1,0.96,1
ENHS_SYN_0141,Grade 7,Section C,2026-09-28,25,21,4,0.84,1
ENHS_SYN_0141,Grade 7,Section C,2026-10-05,25,22,3,0.88,1
ENHS_SYN_0141,Grade 7,Section C,2026-10-12,25,24,1,0.96,1
ENHS_SYN_0141,Grade 7,Section C,2026-10-19,25,25,0,1.0,0
ENHS_SYN_0142,Grade 7,Section C,2026-08-03,25,20,5,0.8,1
ENHS_SYN_0142,Grade 7,Section C,2026-08-10,25,17,8,0.68,1
ENHS_SYN_0142,Grade 7,Section C,2026-08-17,25,19,6,0.76,1
ENHS_SYN_0142,Grade 7,Section C,2026-08-24,25,21,4,0.84,1
ENHS_SYN_0142,Grade 7,Section C,2026-08-31,25,24,1,0.96,1
ENHS_SYN_0142,Grade 7,Section C,2026-09-07,25,18,7,0.72,1
ENHS_SYN_0142,Grade 7,Section C,2026-09-14,25,21,4,0.84,1
ENHS_SYN_0142,Grade 7,Section C,2026-09-21,25,18,7,0.72,1
ENHS_SYN_0142,Grade 7,Section C,2026-09-28,25,22,3,0.88,1
ENHS_SYN_0142,Grade 7,Section C,2026-10-05,25,21,4,0.84,1
ENHS_SYN_0142,Grade 7,Section C,2026-10-12,24,21,3,0.875,1
ENHS_SYN_0142,Grade 7,Section C,2026-10-19,25,21,4,0.84,1
ENHS_SYN_0143,Grade 7,Section C,2026-08-03,25,21,4,0.84,1
ENHS_SYN_0143,Grade 7,Section C,2026-08-10,25,23,2,0.92,1
ENHS_SYN_0143,Grade 7,Section C,2026-08-17,25,22,3,0.88,1
ENHS_SYN_0143,Grade 7,Section C,2026-08-24,25,15,10,0.6,1
ENHS_SYN_0143,Grade 7,Section C,2026-08-31,25,24,1,0.96,1
ENHS_SYN_0143,Grade 7,Section C,2026-09-07,25,21,4,0.84,1
ENHS_SYN_0143,Grade 7,Section C,2026-09-14,25,23,2,0.92,1
ENHS_SYN_0143,Grade 7,Section C,2026-09-21,24,23,1,0.9583,1
ENHS_SYN_0143,Grade 7,Section C,2026-09-28,25,22,3,0.88,1
ENHS_SYN_0143,Grade 7,Section C,2026-10-05,24,20,4,0.8333,1
ENHS_SYN_0143,Grade 7,Section C,2026-10-12,25,22,3,0.88,1
ENHS_SYN_0143,Grade 7,Section C,2026-10-19,25,19,6,0.76,1
ENHS_SYN_0144,Grade 7,Section C,2026-08-03,25,20,5,0.8,1
ENHS_SYN_0144,Grade 7,Section C,2026-08-10,25,21,4,0.84,1
ENHS_SYN_0144,Grade 7,Section C,2026-08-17,25,23,2,0.92,1
ENHS_SYN_0144,Grade 7,Section C,2026-08-24,25,19,6,0.76,1
ENHS_SYN_0144,Grade 7,Section C,2026-08-31,25,20,5,0.8,1
ENHS_SYN_0144,Grade 7,Section C,2026-09-07,25,22,3,0.88,1
ENHS_SYN_0144,Grade 7,Section C,2026-09-14,25,21,4,0.84,1
ENHS_SYN_0144,Grade 7,Section C,2026-09-21,25,22,3,0.88,1
ENHS_SYN_0144,Grade 7,Section C,2026-09-28,25,22,3,0.88,1
ENHS_SYN_0144,Grade 7,Section C,2026-10-05,24,19,5,0.7917,1
ENHS_SYN_0144,Grade 7,Section C,2026-10-12,25,18,7,0.72,1
ENHS_SYN_0144,Grade 7,Section C,2026-10-19,25,17,8,0.68,1
ENHS_SYN_0145,Grade 7,Section C,2026-08-03,25,24,1,0.96,1
ENHS_SYN_0145,Grade 7,Section C,2026-08-10,25,24,1,0.96,1
ENHS_SYN_0145,Grade 7,Section C,2026-08-17,25,25,0,1.0,0
ENHS_SYN_0145,Grade 7,Section C,2026-08-24,25,24,1,0.96,1
ENHS_SYN_0145,Grade 7,Section C,2026-08-31,25,23,2,0.92,1
ENHS_SYN_0145,Grade 7,Section C,2026-09-07,25,21,4,0.84,1
ENHS_SYN_0145,Grade 7,Section C,2026-09-14,25,23,2,0.92,1
ENHS_SYN_0145,Grade 7,Section C,2026-09-21,25,23,2,0.92,1
ENHS_SYN_0145,Grade 7,Section C,2026-09-28,25,23,2,0.92,1
ENHS_SYN_0145,Grade 7,Section C,2026-10-05,25,23,2,0.92,1
ENHS_SYN_0145,Grade 7,Section C,2026-10-12,25,25,0,1.0,0
ENHS_SYN_0145,Grade 7,Section C,2026-10-19,25,25,0,1.0,0
ENHS_SYN_0146,Grade 7,Section C,2026-08-03,25,24,1,0.96,1
ENHS_SYN_0146,Grade 7,Section C,2026-08-10,25,23,2,0.92,1
ENHS_SYN_0146,Grade 7,Section C,2026-08-17,25,23,2,0.92,1
ENHS_SYN_0146,Grade 7,Section C,2026-08-24,24,24,0,1.0,0
ENHS_SYN_0146,Grade 7,Section C,2026-08-31,24,24,0,1.0,0
ENHS_SYN_0146,Grade 7,Section C,2026-09-07,25,24,1,0.96,1
ENHS_SYN_0146,Grade 7,Section C,2026-09-14,25,24,1,0.96,1
ENHS_SYN_0146,Grade 7,Section C,2026-09-21,25,24,1,0.96,1
ENHS_SYN_0146,Grade 7,Section C,2026-09-28,25,25,0,1.0,0
ENHS_SYN_0146,Grade 7,Section C,2026-10-05,25,24,1,0.96,1
ENHS_SYN_0146,Grade 7,Section C,2026-10-12,25,25,0,1.0,0
ENHS_SYN_0146,Grade 7,Section C,2026-10-19,25,23,2,0.92,1
ENHS_SYN_0147,Grade 7,Section C,2026-08-03,25,22,3,0.88,1
ENHS_SYN_0147,Grade 7,Section C,2026-08-10,25,22,3,0.88,1
ENHS_SYN_0147,Grade 7,Section C,2026-08-17,25,22,3,0.88,1
ENHS_SYN_0147,Grade 7,Section C,2026-08-24,25,22,3,0.88,1
ENHS_SYN_0147,Grade 7,Section C,2026-08-31,25,21,4,0.84,1
ENHS_SYN_0147,Grade 7,Section C,2026-09-07,25,19,6,0.76,1
ENHS_SYN_0147,Grade 7,Section C,2026-09-14,25,23,2,0.92,1
ENHS_SYN_0147,Grade 7,Section C,2026-09-21,25,20,5,0.8,1
ENHS_SYN_0147,Grade 7,Section C,2026-09-28,25,23,2,0.92,1
ENHS_SYN_0147,Grade 7,Section C,2026-10-05,25,20,5,0.8,1
ENHS_SYN_0147,Grade 7,Section C,2026-10-12,25,23,2,0.92,1
ENHS_SYN_0147,Grade 7,Section C,2026-10-19,25,22,3,0.88,1
ENHS_SYN_0148,Grade 7,Section C,2026-08-03,25,19,6,0.76,1
ENHS_SYN_0148,Grade 7,Section C,2026-08-10,25,22,3,0.88,1
ENHS_SYN_0148,Grade 7,Section C,2026-08-17,25,19,6,0.76,1
ENHS_SYN_0148,Grade 7,Section C,2026-08-24,25,22,3,0.88,1
ENHS_SYN_0148,Grade 7,Section C,2026-08-31,25,21,4,0.84,1
ENHS_SYN_0148,Grade 7,Section C,2026-09-07,25,20,5,0.8,1
ENHS_SYN_0148,Grade 7,Section C,2026-09-14,25,19,6,0.76,1
ENHS_SYN_0148,Grade 7,Section C,2026-09-21,25,22,3,0.88,1
ENHS_SYN_0148,Grade 7,Section C,2026-09-28,25,23,2,0.92,1
ENHS_SYN_0148,Grade 7,Section C,2026-10-05,25,20,5,0.8,1
ENHS_SYN_0148,Grade 7,Section C,2026-10-12,25,20,5,0.8,1
ENHS_SYN_0148,Grade 7,Section C,2026-10-19,25,17,8,0.68,1
ENHS_SYN_0149,Grade 7,Section C,2026-08-03,25,23,2,0.92,1
ENHS_SYN_0149,Grade 7,Section C,2026-08-10,25,25,0,1.0,0
ENHS_SYN_0149,Grade 7,Section C,2026-08-17,25,24,1,0.96,1
ENHS_SYN_0149,Grade 7,Section C,2026-08-24,25,21,4,0.84,1
ENHS_SYN_0149,Grade 7,Section C,2026-08-31,25,24,1,0.96,1
ENHS_SYN_0149,Grade 7,Section C,2026-09-07,25,24,1,0.96,1
ENHS_SYN_0149,Grade 7,Section C,2026-09-14,25,23,2,0.92,1
ENHS_SYN_0149,Grade 7,Section C,2026-09-21,25,23,2,0.92,1
ENHS_SYN_0149,Grade 7,Section C,2026-09-28,25,22,3,0.88,1
ENHS_SYN_0149,Grade 7,Section C,2026-10-05,25,21,4,0.84,1
ENHS_SYN_0149,Grade 7,Section C,2026-10-12,24,20,4,0.8333,1
ENHS_SYN_0149,Grade 7,Section C,2026-10-19,24,21,3,0.875,1
ENHS_SYN_0150,Grade 7,Section C,2026-08-03,25,19,6,0.76,1
ENHS_SYN_0150,Grade 7,Section C,2026-08-10,25,20,5,0.8,1
ENHS_SYN_0150,Grade 7,Section C,2026-08-17,25,18,7,0.72,1
ENHS_SYN_0150,Grade 7,Section C,2026-08-24,25,16,9,0.64,1
ENHS_SYN_0150,Grade 7,Section C,2026-08-31,25,17,8,0.68,1
ENHS_SYN_0150,Grade 7,Section C,2026-09-07,25,18,7,0.72,1
ENHS_SYN_0150,Grade 7,Section C,2026-09-14,25,20,5,0.8,1
ENHS_SYN_0150,Grade 7,Section C,2026-09-21,25,16,9,0.64,1
ENHS_SYN_0150,Grade 7,Section C,2026-09-28,25,18,7,0.72,1
ENHS_SYN_0150,Grade 7,Section C,2026-10-05,25,18,7,0.72,1
ENHS_SYN_0150,Grade 7,Section C,2026-10-12,25,18,7,0.72,1
ENHS_SYN_0150,Grade 7,Section C,2026-10-19,25,20,5,0.8,1
ENHS_SYN_0151,Grade 8,Section A,2026-08-03,24,18,6,0.75,1
ENHS_SYN_0151,Grade 8,Section A,2026-08-10,25,19,6,0.76,1
ENHS_SYN_0151,Grade 8,Section A,2026-08-17,25,21,4,0.84,1
ENHS_SYN_0151,Grade 8,Section A,2026-08-24,25,20,5,0.8,1
ENHS_SYN_0151,Grade 8,Section A,2026-08-31,25,20,5,0.8,1
ENHS_SYN_0151,Grade 8,Section A,2026-09-07,25,20,5,0.8,1
ENHS_SYN_0151,Grade 8,Section A,2026-09-14,25,24,1,0.96,1
ENHS_SYN_0151,Grade 8,Section A,2026-09-21,25,22,3,0.88,1
ENHS_SYN_0151,Grade 8,Section A,2026-09-28,25,24,1,0.96,1
ENHS_SYN_0151,Grade 8,Section A,2026-10-05,25,21,4,0.84,1
ENHS_SYN_0151,Grade 8,Section A,2026-10-12,25,22,3,0.88,1
ENHS_SYN_0151,Grade 8,Section A,2026-10-19,25,24,1,0.96,1
ENHS_SYN_0152,Grade 8,Section A,2026-08-03,25,22,3,0.88,1
ENHS_SYN_0152,Grade 8,Section A,2026-08-10,25,23,2,0.92,1
ENHS_SYN_0152,Grade 8,Section A,2026-08-17,25,22,3,0.88,1
ENHS_SYN_0152,Grade 8,Section A,2026-08-24,25,20,5,0.8,1
ENHS_SYN_0152,Grade 8,Section A,2026-08-31,25,21,4,0.84,1
ENHS_SYN_0152,Grade 8,Section A,2026-09-07,25,22,3,0.88,1
ENHS_SYN_0152,Grade 8,Section A,2026-09-14,25,21,4,0.84,1
ENHS_SYN_0152,Grade 8,Section A,2026-09-21,25,20,5,0.8,1
ENHS_SYN_0152,Grade 8,Section A,2026-09-28,25,20,5,0.8,1
ENHS_SYN_0152,Grade 8,Section A,2026-10-05,25,19,6,0.76,1
ENHS_SYN_0152,Grade 8,Section A,2026-10-12,25,18,7,0.72,1
ENHS_SYN_0152,Grade 8,Section A,2026-10-19,25,15,10,0.6,1
ENHS_SYN_0153,Grade 8,Section A,2026-08-03,25,23,2,0.92,1
ENHS_SYN_0153,Grade 8,Section A,2026-08-10,25,24,1,0.96,1
ENHS_SYN_0153,Grade 8,Section A,2026-08-17,25,24,1,0.96,1
ENHS_SYN_0153,Grade 8,Section A,2026-08-24,25,23,2,0.92,1
ENHS_SYN_0153,Grade 8,Section A,2026-08-31,25,23,2,0.92,1
ENHS_SYN_0153,Grade 8,Section A,2026-09-07,25,21,4,0.84,1
ENHS_SYN_0153,Grade 8,Section A,2026-09-14,25,20,5,0.8,1
ENHS_SYN_0153,Grade 8,Section A,2026-09-21,25,21,4,0.84,1
ENHS_SYN_0153,Grade 8,Section A,2026-09-28,25,25,0,1.0,0
ENHS_SYN_0153,Grade 8,Section A,2026-10-05,25,20,5,0.8,1
ENHS_SYN_0153,Grade 8,Section A,2026-10-12,25,24,1,0.96,1
ENHS_SYN_0153,Grade 8,Section A,2026-10-19,25,24,1,0.96,1
ENHS_SYN_0154,Grade 8,Section A,2026-08-03,25,19,6,0.76,1
ENHS_SYN_0154,Grade 8,Section A,2026-08-10,25,23,2,0.92,1
ENHS_SYN_0154,Grade 8,Section A,2026-08-17,25,23,2,0.92,1
ENHS_SYN_0154,Grade 8,Section A,2026-08-24,25,23,2,0.92,1
ENHS_SYN_0154,Grade 8,Section A,2026-08-31,25,20,5,0.8,1
ENHS_SYN_0154,Grade 8,Section A,2026-09-07,25,15,10,0.6,1
ENHS_SYN_0154,Grade 8,Section A,2026-09-14,25,23,2,0.92,1
ENHS_SYN_0154,Grade 8,Section A,2026-09-21,25,21,4,0.84,1
ENHS_SYN_0154,Grade 8,Section A,2026-09-28,25,18,7,0.72,1
ENHS_SYN_0154,Grade 8,Section A,2026-10-05,25,20,5,0.8,1
ENHS_SYN_0154,Grade 8,Section A,2026-10-12,25,23,2,0.92,1
ENHS_SYN_0154,Grade 8,Section A,2026-10-19,25,19,6,0.76,1
ENHS_SYN_0155,Grade 8,Section A,2026-08-03,25,23,2,0.92,1
ENHS_SYN_0155,Grade 8,Section A,2026-08-10,25,17,8,0.68,1
ENHS_SYN_0155,Grade 8,Section A,2026-08-17,25,19,6,0.76,1
ENHS_SYN_0155,Grade 8,Section A,2026-08-24,25,19,6,0.76,1
ENHS_SYN_0155,Grade 8,Section A,2026-08-31,25,21,4,0.84,1
ENHS_SYN_0155,Grade 8,Section A,2026-09-07,25,23,2,0.92,1
ENHS_SYN_0155,Grade 8,Section A,2026-09-14,25,22,3,0.88,1
ENHS_SYN_0155,Grade 8,Section A,2026-09-21,25,23,2,0.92,1
ENHS_SYN_0155,Grade 8,Section A,2026-09-28,25,20,5,0.8,1
ENHS_SYN_0155,Grade 8,Section A,2026-10-05,25,20,5,0.8,1
ENHS_SYN_0155,Grade 8,Section A,2026-10-12,25,20,5,0.8,1
ENHS_SYN_0155,Grade 8,Section A,2026-10-19,25,20,5,0.8,1
ENHS_SYN_0156,Grade 8,Section A,2026-08-03,25,24,1,0.96,1
ENHS_SYN_0156,Grade 8,Section A,2026-08-10,24,21,3,0.875,1
ENHS_SYN_0156,Grade 8,Section A,2026-08-17,24,23,1,0.9583,1
ENHS_SYN_0156,Grade 8,Section A,2026-08-24,25,24,1,0.96,1
ENHS_SYN_0156,Grade 8,Section A,2026-08-31,25,24,1,0.96,1
ENHS_SYN_0156,Grade 8,Section A,2026-09-07,25,23,2,0.92,1
ENHS_SYN_0156,Grade 8,Section A,2026-09-14,24,24,0,1.0,0
ENHS_SYN_0156,Grade 8,Section A,2026-09-21,25,21,4,0.84,1
ENHS_SYN_0156,Grade 8,Section A,2026-09-28,25,24,1,0.96,1
ENHS_SYN_0156,Grade 8,Section A,2026-10-05,25,21,4,0.84,1
ENHS_SYN_0156,Grade 8,Section A,2026-10-12,25,23,2,0.92,1
ENHS_SYN_0156,Grade 8,Section A,2026-10-19,25,22,3,0.88,1
ENHS_SYN_0157,Grade 8,Section A,2026-08-03,25,24,1,0.96,1
ENHS_SYN_0157,Grade 8,Section A,2026-08-10,25,25,0,1.0,0
ENHS_SYN_0157,Grade 8,Section A,2026-08-17,24,21,3,0.875,1
ENHS_SYN_0157,Grade 8,Section A,2026-08-24,25,21,4,0.84,1
ENHS_SYN_0157,Grade 8,Section A,2026-08-31,25,21,4,0.84,1
ENHS_SYN_0157,Grade 8,Section A,2026-09-07,25,24,1,0.96,1
ENHS_SYN_0157,Grade 8,Section A,2026-09-14,25,24,1,0.96,1
ENHS_SYN_0157,Grade 8,Section A,2026-09-21,25,24,1,0.96,1
ENHS_SYN_0157,Grade 8,Section A,2026-09-28,25,22,3,0.88,1
ENHS_SYN_0157,Grade 8,Section A,2026-10-05,25,22,3,0.88,1
ENHS_SYN_0157,Grade 8,Section A,2026-10-12,25,25,0,1.0,0
ENHS_SYN_0157,Grade 8,Section A,2026-10-19,25,24,1,0.96,1
ENHS_SYN_0158,Grade 8,Section A,2026-08-03,25,25,0,1.0,0
ENHS_SYN_0158,Grade 8,Section A,2026-08-10,25,22,3,0.88,1
ENHS_SYN_0158,Grade 8,Section A,2026-08-17,25,20,5,0.8,1
ENHS_SYN_0158,Grade 8,Section A,2026-08-24,25,21,4,0.84,1
ENHS_SYN_0158,Grade 8,Section A,2026-08-31,25,22,3,0.88,1
ENHS_SYN_0158,Grade 8,Section A,2026-09-07,25,22,3,0.88,1
ENHS_SYN_0158,Grade 8,Section A,2026-09-14,25,21,4,0.84,1
ENHS_SYN_0158,Grade 8,Section A,2026-09-21,25,24,1,0.96,1
ENHS_SYN_0158,Grade 8,Section A,2026-09-28,24,22,2,0.9167,1
ENHS_SYN_0158,Grade 8,Section A,2026-10-05,25,23,2,0.92,1
ENHS_SYN_0158,Grade 8,Section A,2026-10-12,25,18,7,0.72,1
ENHS_SYN_0158,Grade 8,Section A,2026-10-19,25,19,6,0.76,1
ENHS_SYN_0159,Grade 8,Section A,2026-08-03,25,24,1,0.96,1
ENHS_SYN_0159,Grade 8,Section A,2026-08-10,25,20,5,0.8,1
ENHS_SYN_0159,Grade 8,Section A,2026-08-17,25,20,5,0.8,1
ENHS_SYN_0159,Grade 8,Section A,2026-08-24,25,24,1,0.96,1
ENHS_SYN_0159,Grade 8,Section A,2026-08-31,25,24,1,0.96,1
ENHS_SYN_0159,Grade 8,Section A,2026-09-07,25,24,1,0.96,1
ENHS_SYN_0159,Grade 8,Section A,2026-09-14,25,22,3,0.88,1
ENHS_SYN_0159,Grade 8,Section A,2026-09-21,25,25,0,1.0,0
ENHS_SYN_0159,Grade 8,Section A,2026-09-28,25,24,1,0.96,1
ENHS_SYN_0159,Grade 8,Section A,2026-10-05,25,22,3,0.88,1
ENHS_SYN_0159,Grade 8,Section A,2026-10-12,25,20,5,0.8,1
ENHS_SYN_0159,Grade 8,Section A,2026-10-19,25,23,2,0.92,1
ENHS_SYN_0160,Grade 8,Section A,2026-08-03,25,21,4,0.84,1
ENHS_SYN_0160,Grade 8,Section A,2026-08-10,25,22,3,0.88,1
ENHS_SYN_0160,Grade 8,Section A,2026-08-17,25,21,4,0.84,1
ENHS_SYN_0160,Grade 8,Section A,2026-08-24,25,18,7,0.72,1
ENHS_SYN_0160,Grade 8,Section A,2026-08-31,25,23,2,0.92,1
ENHS_SYN_0160,Grade 8,Section A,2026-09-07,25,20,5,0.8,1
ENHS_SYN_0160,Grade 8,Section A,2026-09-14,25,19,6,0.76,1
ENHS_SYN_0160,Grade 8,Section A,2026-09-21,25,22,3,0.88,1
ENHS_SYN_0160,Grade 8,Section A,2026-09-28,25,21,4,0.84,1
ENHS_SYN_0160,Grade 8,Section A,2026-10-05,25,22,3,0.88,1
ENHS_SYN_0160,Grade 8,Section A,2026-10-12,25,19,6,0.76,1
ENHS_SYN_0160,Grade 8,Section A,2026-10-19,25,21,4,0.84,1
ENHS_SYN_0161,Grade 8,Section A,2026-08-03,24,23,1,0.9583,1
ENHS_SYN_0161,Grade 8,Section A,2026-08-10,25,24,1,0.96,1
ENHS_SYN_0161,Grade 8,Section A,2026-08-17,25,24,1,0.96,1
ENHS_SYN_0161,Grade 8,Section A,2026-08-24,25,25,0,1.0,0
ENHS_SYN_0161,Grade 8,Section A,2026-08-31,25,23,2,0.92,1
ENHS_SYN_0161,Grade 8,Section A,2026-09-07,25,25,0,1.0,0
ENHS_SYN_0161,Grade 8,Section A,2026-09-14,25,24,1,0.96,1
ENHS_SYN_0161,Grade 8,Section A,2026-09-21,25,24,1,0.96,1
ENHS_SYN_0161,Grade 8,Section A,2026-09-28,25,24,1,0.96,1
ENHS_SYN_0161,Grade 8,Section A,2026-10-05,25,23,2,0.92,1
ENHS_SYN_0161,Grade 8,Section A,2026-10-12,25,24,1,0.96,1
ENHS_SYN_0161,Grade 8,Section A,2026-10-19,25,22,3,0.88,1
ENHS_SYN_0162,Grade 8,Section A,2026-08-03,25,16,9,0.64,1
ENHS_SYN_0162,Grade 8,Section A,2026-08-10,25,19,6,0.76,1
ENHS_SYN_0162,Grade 8,Section A,2026-08-17,25,19,6,0.76,1
ENHS_SYN_0162,Grade 8,Section A,2026-08-24,25,18,7,0.72,1
ENHS_SYN_0162,Grade 8,Section A,2026-08-31,25,20,5,0.8,1
ENHS_SYN_0162,Grade 8,Section A,2026-09-07,25,14,11,0.56,1
ENHS_SYN_0162,Grade 8,Section A,2026-09-14,25,18,7,0.72,1
ENHS_SYN_0162,Grade 8,Section A,2026-09-21,25,13,12,0.52,1
ENHS_SYN_0162,Grade 8,Section A,2026-09-28,25,20,5,0.8,1
ENHS_SYN_0162,Grade 8,Section A,2026-10-05,25,15,10,0.6,1
ENHS_SYN_0162,Grade 8,Section A,2026-10-12,25,18,7,0.72,1
ENHS_SYN_0162,Grade 8,Section A,2026-10-19,25,20,5,0.8,1
ENHS_SYN_0163,Grade 8,Section A,2026-08-03,25,23,2,0.92,1
ENHS_SYN_0163,Grade 8,Section A,2026-08-10,25,24,1,0.96,1
ENHS_SYN_0163,Grade 8,Section A,2026-08-17,25,23,2,0.92,1
ENHS_SYN_0163,Grade 8,Section A,2026-08-24,25,24,1,0.96,1
ENHS_SYN_0163,Grade 8,Section A,2026-08-31,25,25,0,1.0,0
ENHS_SYN_0163,Grade 8,Section A,2026-09-07,25,21,4,0.84,1
ENHS_SYN_0163,Grade 8,Section A,2026-09-14,25,25,0,1.0,0
ENHS_SYN_0163,Grade 8,Section A,2026-09-21,25,19,6,0.76,1
ENHS_SYN_0163,Grade 8,Section A,2026-09-28,25,25,0,1.0,0
ENHS_SYN_0163,Grade 8,Section A,2026-10-05,25,22,3,0.88,1
ENHS_SYN_0163,Grade 8,Section A,2026-10-12,25,19,6,0.76,1
ENHS_SYN_0163,Grade 8,Section A,2026-10-19,25,24,1,0.96,1
ENHS_SYN_0164,Grade 8,Section A,2026-08-03,25,24,1,0.96,1
ENHS_SYN_0164,Grade 8,Section A,2026-08-10,25,23,2,0.92,1
ENHS_SYN_0164,Grade 8,Section A,2026-08-17,25,25,0,1.0,0
ENHS_SYN_0164,Grade 8,Section A,2026-08-24,25,25,0,1.0,0
ENHS_SYN_0164,Grade 8,Section A,2026-08-31,25,24,1,0.96,1
ENHS_SYN_0164,Grade 8,Section A,2026-09-07,25,25,0,1.0,0
ENHS_SYN_0164,Grade 8,Section A,2026-09-14,25,23,2,0.92,1
ENHS_SYN_0164,Grade 8,Section A,2026-09-21,25,25,0,1.0,0
ENHS_SYN_0164,Grade 8,Section A,2026-09-28,25,24,1,0.96,1
ENHS_SYN_0164,Grade 8,Section A,2026-10-05,25,21,4,0.84,1
ENHS_SYN_0164,Grade 8,Section A,2026-10-12,25,21,4,0.84,1
ENHS_SYN_0164,Grade 8,Section A,2026-10-19,25,24,1,0.96,1
ENHS_SYN_0165,Grade 8,Section A,2026-08-03,25,19,6,0.76,1
ENHS_SYN_0165,Grade 8,Section A,2026-08-10,25,20,5,0.8,1
ENHS_SYN_0165,Grade 8,Section A,2026-08-17,25,24,1,0.96,1
ENHS_SYN_0165,Grade 8,Section A,2026-08-24,25,21,4,0.84,1
ENHS_SYN_0165,Grade 8,Section A,2026-08-31,25,21,4,0.84,1
ENHS_SYN_0165,Grade 8,Section A,2026-09-07,25,20,5,0.8,1
ENHS_SYN_0165,Grade 8,Section A,2026-09-14,25,19,6,0.76,1
ENHS_SYN_0165,Grade 8,Section A,2026-09-21,25,18,7,0.72,1
ENHS_SYN_0165,Grade 8,Section A,2026-09-28,25,18,7,0.72,1
ENHS_SYN_0165,Grade 8,Section A,2026-10-05,25,18,7,0.72,1
ENHS_SYN_0165,Grade 8,Section A,2026-10-12,25,20,5,0.8,1
ENHS_SYN_0165,Grade 8,Section A,2026-10-19,25,20,5,0.8,1
ENHS_SYN_0166,Grade 8,Section A,2026-08-03,25,23,2,0.92,1
ENHS_SYN_0166,Grade 8,Section A,2026-08-10,25,24,1,0.96,1
ENHS_SYN_0166,Grade 8,Section A,2026-08-17,25,23,2,0.92,1
ENHS_SYN_0166,Grade 8,Section A,2026-08-24,25,24,1,0.96,1
ENHS_SYN_0166,Grade 8,Section A,2026-08-31,25,23,2,0.92,1
ENHS_SYN_0166,Grade 8,Section A,2026-09-07,25,23,2,0.92,1
ENHS_SYN_0166,Grade 8,Section A,2026-09-14,25,22,3,0.88,1
ENHS_SYN_0166,Grade 8,Section A,2026-09-21,25,22,3,0.88,1
ENHS_SYN_0166,Grade 8,Section A,2026-09-28,25,24,1,0.96,1
ENHS_SYN_0166,Grade 8,Section A,2026-10-05,25,22,3,0.88,1
ENHS_SYN_0166,Grade 8,Section A,2026-10-12,25,25,0,1.0,0
ENHS_SYN_0166,Grade 8,Section A,2026-10-19,25,21,4,0.84,1
ENHS_SYN_0167,Grade 8,Section A,2026-08-03,25,23,2,0.92,1
ENHS_SYN_0167,Grade 8,Section A,2026-08-10,25,22,3,0.88,1
ENHS_SYN_0167,Grade 8,Section A,2026-08-17,25,24,1,0.96,1
ENHS_SYN_0167,Grade 8,Section A,2026-08-24,25,22,3,0.88,1
ENHS_SYN_0167,Grade 8,Section A,2026-08-31,25,25,0,1.0,0
ENHS_SYN_0167,Grade 8,Section A,2026-09-07,25,24,1,0.96,1
ENHS_SYN_0167,Grade 8,Section A,2026-09-14,25,22,3,0.88,1
ENHS_SYN_0167,Grade 8,Section A,2026-09-21,25,25,0,1.0,0
ENHS_SYN_0167,Grade 8,Section A,2026-09-28,24,20,4,0.8333,1
ENHS_SYN_0167,Grade 8,Section A,2026-10-05,25,22,3,0.88,1
ENHS_SYN_0167,Grade 8,Section A,2026-10-12,25,23,2,0.92,1
ENHS_SYN_0167,Grade 8,Section A,2026-10-19,25,24,1,0.96,1
ENHS_SYN_0168,Grade 8,Section A,2026-08-03,25,17,8,0.68,1
ENHS_SYN_0168,Grade 8,Section A,2026-08-10,25,21,4,0.84,1
ENHS_SYN_0168,Grade 8,Section A,2026-08-17,25,22,3,0.88,1
ENHS_SYN_0168,Grade 8,Section A,2026-08-24,25,18,7,0.72,1
ENHS_SYN_0168,Grade 8,Section A,2026-08-31,24,16,8,0.6667,1
ENHS_SYN_0168,Grade 8,Section A,2026-09-07,24,18,6,0.75,1
ENHS_SYN_0168,Grade 8,Section A,2026-09-14,25,17,8,0.68,1
ENHS_SYN_0168,Grade 8,Section A,2026-09-21,25,16,9,0.64,1
ENHS_SYN_0168,Grade 8,Section A,2026-09-28,25,15,10,0.6,1
ENHS_SYN_0168,Grade 8,Section A,2026-10-05,25,21,4,0.84,1
ENHS_SYN_0168,Grade 8,Section A,2026-10-12,25,18,7,0.72,1
ENHS_SYN_0168,Grade 8,Section A,2026-10-19,25,24,1,0.96,1
ENHS_SYN_0169,Grade 8,Section A,2026-08-03,25,21,4,0.84,1
ENHS_SYN_0169,Grade 8,Section A,2026-08-10,25,20,5,0.8,1
ENHS_SYN_0169,Grade 8,Section A,2026-08-17,24,20,4,0.8333,1
ENHS_SYN_0169,Grade 8,Section A,2026-08-24,25,18,7,0.72,1
ENHS_SYN_0169,Grade 8,Section A,2026-08-31,25,18,7,0.72,1
ENHS_SYN_0169,Grade 8,Section A,2026-09-07,25,22,3,0.88,1
ENHS_SYN_0169,Grade 8,Section A,2026-09-14,25,20,5,0.8,1
ENHS_SYN_0169,Grade 8,Section A,2026-09-21,25,21,4,0.84,1
ENHS_SYN_0169,Grade 8,Section A,2026-09-28,25,23,2,0.92,1
ENHS_SYN_0169,Grade 8,Section A,2026-10-05,25,21,4,0.84,1
ENHS_SYN_0169,Grade 8,Section A,2026-10-12,25,23,2,0.92,1
ENHS_SYN_0169,Grade 8,Section A,2026-10-19,25,21,4,0.84,1
ENHS_SYN_0170,Grade 8,Section A,2026-08-03,24,23,1,0.9583,1
ENHS_SYN_0170,Grade 8,Section A,2026-08-10,25,24,1,0.96,1
ENHS_SYN_0170,Grade 8,Section A,2026-08-17,25,25,0,1.0,0
ENHS_SYN_0170,Grade 8,Section A,2026-08-24,25,23,2,0.92,1
ENHS_SYN_0170,Grade 8,Section A,2026-08-31,25,23,2,0.92,1
ENHS_SYN_0170,Grade 8,Section A,2026-09-07,25,21,4,0.84,1
ENHS_SYN_0170,Grade 8,Section A,2026-09-14,25,24,1,0.96,1
ENHS_SYN_0170,Grade 8,Section A,2026-09-21,25,22,3,0.88,1
ENHS_SYN_0170,Grade 8,Section A,2026-09-28,25,24,1,0.96,1
ENHS_SYN_0170,Grade 8,Section A,2026-10-05,24,22,2,0.9167,1
ENHS_SYN_0170,Grade 8,Section A,2026-10-12,25,25,0,1.0,0
ENHS_SYN_0170,Grade 8,Section A,2026-10-19,25,25,0,1.0,0
ENHS_SYN_0171,Grade 8,Section A,2026-08-03,25,22,3,0.88,1
ENHS_SYN_0171,Grade 8,Section A,2026-08-10,25,21,4,0.84,1
ENHS_SYN_0171,Grade 8,Section A,2026-08-17,25,20,5,0.8,1
ENHS_SYN_0171,Grade 8,Section A,2026-08-24,25,22,3,0.88,1
ENHS_SYN_0171,Grade 8,Section A,2026-08-31,25,23,2,0.92,1
ENHS_SYN_0171,Grade 8,Section A,2026-09-07,25,22,3,0.88,1
ENHS_SYN_0171,Grade 8,Section A,2026-09-14,25,20,5,0.8,1
ENHS_SYN_0171,Grade 8,Section A,2026-09-21,25,24,1,0.96,1
ENHS_SYN_0171,Grade 8,Section A,2026-09-28,25,23,2,0.92,1
ENHS_SYN_0171,Grade 8,Section A,2026-10-05,25,21,4,0.84,1
ENHS_SYN_0171,Grade 8,Section A,2026-10-12,25,22,3,0.88,1
ENHS_SYN_0171,Grade 8,Section A,2026-10-19,25,25,0,1.0,0
ENHS_SYN_0172,Grade 8,Section A,2026-08-03,25,20,5,0.8,1
ENHS_SYN_0172,Grade 8,Section A,2026-08-10,25,18,7,0.72,1
ENHS_SYN_0172,Grade 8,Section A,2026-08-17,25,21,4,0.84,1
ENHS_SYN_0172,Grade 8,Section A,2026-08-24,25,17,8,0.68,1
ENHS_SYN_0172,Grade 8,Section A,2026-08-31,25,19,6,0.76,1
ENHS_SYN_0172,Grade 8,Section A,2026-09-07,25,16,9,0.64,1
ENHS_SYN_0172,Grade 8,Section A,2026-09-14,25,22,3,0.88,1
ENHS_SYN_0172,Grade 8,Section A,2026-09-21,25,19,6,0.76,1
ENHS_SYN_0172,Grade 8,Section A,2026-09-28,25,21,4,0.84,1
ENHS_SYN_0172,Grade 8,Section A,2026-10-05,25,21,4,0.84,1
ENHS_SYN_0172,Grade 8,Section A,2026-10-12,25,19,6,0.76,1
ENHS_SYN_0172,Grade 8,Section A,2026-10-19,25,18,7,0.72,1
ENHS_SYN_0173,Grade 8,Section A,2026-08-03,25,20,5,0.8,1
ENHS_SYN_0173,Grade 8,Section A,2026-08-10,25,20,5,0.8,1
ENHS_SYN_0173,Grade 8,Section A,2026-08-17,25,15,10,0.6,1
ENHS_SYN_0173,Grade 8,Section A,2026-08-24,25,20,5,0.8,1
ENHS_SYN_0173,Grade 8,Section A,2026-08-31,25,21,4,0.84,1
ENHS_SYN_0173,Grade 8,Section A,2026-09-07,25,20,5,0.8,1
ENHS_SYN_0173,Grade 8,Section A,2026-09-14,25,17,8,0.68,1
ENHS_SYN_0173,Grade 8,Section A,2026-09-21,25,20,5,0.8,1
ENHS_SYN_0173,Grade 8,Section A,2026-09-28,25,22,3,0.88,1
ENHS_SYN_0173,Grade 8,Section A,2026-10-05,25,14,11,0.56,1
ENHS_SYN_0173,Grade 8,Section A,2026-10-12,25,19,6,0.76,1
ENHS_SYN_0173,Grade 8,Section A,2026-10-19,25,19,6,0.76,1
ENHS_SYN_0174,Grade 8,Section A,2026-08-03,25,23,2,0.92,1
ENHS_SYN_0174,Grade 8,Section A,2026-08-10,25,24,1,0.96,1
ENHS_SYN_0174,Grade 8,Section A,2026-08-17,25,22,3,0.88,1
ENHS_SYN_0174,Grade 8,Section A,2026-08-24,25,22,3,0.88,1
ENHS_SYN_0174,Grade 8,Section A,2026-08-31,25,22,3,0.88,1
ENHS_SYN_0174,Grade 8,Section A,2026-09-07,25,23,2,0.92,1
ENHS_SYN_0174,Grade 8,Section A,2026-09-14,25,21,4,0.84,1
ENHS_SYN_0174,Grade 8,Section A,2026-09-21,25,25,0,1.0,0
ENHS_SYN_0174,Grade 8,Section A,2026-09-28,25,23,2,0.92,1
ENHS_SYN_0174,Grade 8,Section A,2026-10-05,25,14,11,0.56,1
ENHS_SYN_0174,Grade 8,Section A,2026-10-12,25,23,2,0.92,1
ENHS_SYN_0174,Grade 8,Section A,2026-10-19,25,21,4,0.84,1
ENHS_SYN_0175,Grade 8,Section A,2026-08-03,25,19,6,0.76,1
ENHS_SYN_0175,Grade 8,Section A,2026-08-10,25,17,8,0.68,1
ENHS_SYN_0175,Grade 8,Section A,2026-08-17,25,20,5,0.8,1
ENHS_SYN_0175,Grade 8,Section A,2026-08-24,25,21,4,0.84,1
ENHS_SYN_0175,Grade 8,Section A,2026-08-31,25,19,6,0.76,1
ENHS_SYN_0175,Grade 8,Section A,2026-09-07,25,18,7,0.72,1
ENHS_SYN_0175,Grade 8,Section A,2026-09-14,25,20,5,0.8,1
ENHS_SYN_0175,Grade 8,Section A,2026-09-21,25,19,6,0.76,1
ENHS_SYN_0175,Grade 8,Section A,2026-09-28,25,22,3,0.88,1
ENHS_SYN_0175,Grade 8,Section A,2026-10-05,25,23,2,0.92,1
ENHS_SYN_0175,Grade 8,Section A,2026-10-12,25,19,6,0.76,1
ENHS_SYN_0175,Grade 8,Section A,2026-10-19,25,24,1,0.96,1
ENHS_SYN_0176,Grade 8,Section A,2026-08-03,25,20,5,0.8,1
ENHS_SYN_0176,Grade 8,Section A,2026-08-10,25,22,3,0.88,1
ENHS_SYN_0176,Grade 8,Section A,2026-08-17,25,24,1,0.96,1
ENHS_SYN_0176,Grade 8,Section A,2026-08-24,25,24,1,0.96,1
ENHS_SYN_0176,Grade 8,Section A,2026-08-31,25,25,0,1.0,0
ENHS_SYN_0176,Grade 8,Section A,2026-09-07,25,23,2,0.92,1
ENHS_SYN_0176,Grade 8,Section A,2026-09-14,25,24,1,0.96,1
ENHS_SYN_0176,Grade 8,Section A,2026-09-21,25,22,3,0.88,1
ENHS_SYN_0176,Grade 8,Section A,2026-09-28,25,25,0,1.0,0
ENHS_SYN_0176,Grade 8,Section A,2026-10-05,25,19,6,0.76,1
ENHS_SYN_0176,Grade 8,Section A,2026-10-12,25,23,2,0.92,1
ENHS_SYN_0176,Grade 8,Section A,2026-10-19,25,22,3,0.88,1
ENHS_SYN_0177,Grade 8,Section A,2026-08-03,25,23,2,0.92,1
ENHS_SYN_0177,Grade 8,Section A,2026-08-10,25,22,3,0.88,1
ENHS_SYN_0177,Grade 8,Section A,2026-08-17,25,23,2,0.92,1
ENHS_SYN_0177,Grade 8,Section A,2026-08-24,25,20,5,0.8,1
ENHS_SYN_0177,Grade 8,Section A,2026-08-31,25,18,7,0.72,1
ENHS_SYN_0177,Grade 8,Section A,2026-09-07,25,22,3,0.88,1
ENHS_SYN_0177,Grade 8,Section A,2026-09-14,25,20,5,0.8,1
ENHS_SYN_0177,Grade 8,Section A,2026-09-21,25,23,2,0.92,1
ENHS_SYN_0177,Grade 8,Section A,2026-09-28,25,20,5,0.8,1
ENHS_SYN_0177,Grade 8,Section A,2026-10-05,25,21,4,0.84,1
ENHS_SYN_0177,Grade 8,Section A,2026-10-12,25,21,4,0.84,1
ENHS_SYN_0177,Grade 8,Section A,2026-10-19,25,21,4,0.84,1
ENHS_SYN_0178,Grade 8,Section A,2026-08-03,25,25,0,1.0,0
ENHS_SYN_0178,Grade 8,Section A,2026-08-10,25,21,4,0.84,1
ENHS_SYN_0178,Grade 8,Section A,2026-08-17,25,18,7,0.72,1
ENHS_SYN_0178,Grade 8,Section A,2026-08-24,25,24,1,0.96,1
ENHS_SYN_0178,Grade 8,Section A,2026-08-31,25,24,1,0.96,1
ENHS_SYN_0178,Grade 8,Section A,2026-09-07,25,22,3,0.88,1
ENHS_SYN_0178,Grade 8,Section A,2026-09-14,25,23,2,0.92,1
ENHS_SYN_0178,Grade 8,Section A,2026-09-21,25,20,5,0.8,1
ENHS_SYN_0178,Grade 8,Section A,2026-09-28,25,21,4,0.84,1
ENHS_SYN_0178,Grade 8,Section A,2026-10-05,25,21,4,0.84,1
ENHS_SYN_0178,Grade 8,Section A,2026-10-12,25,21,4,0.84,1
ENHS_SYN_0178,Grade 8,Section A,2026-10-19,25,21,4,0.84,1
ENHS_SYN_0179,Grade 8,Section A,2026-08-03,25,24,1,0.96,1
ENHS_SYN_0179,Grade 8,Section A,2026-08-10,25,24,1,0.96,1
ENHS_SYN_0179,Grade 8,Section A,2026-08-17,25,23,2,0.92,1
ENHS_SYN_0179,Grade 8,Section A,2026-08-24,25,21,4,0.84,1
ENHS_SYN_0179,Grade 8,Section A,2026-08-31,25,23,2,0.92,1
ENHS_SYN_0179,Grade 8,Section A,2026-09-07,25,23,2,0.92,1
ENHS_SYN_0179,Grade 8,Section A,2026-09-14,25,22,3,0.88,1
ENHS_SYN_0179,Grade 8,Section A,2026-09-21,25,21,4,0.84,1
ENHS_SYN_0179,Grade 8,Section A,2026-09-28,25,22,3,0.88,1
ENHS_SYN_0179,Grade 8,Section A,2026-10-05,25,18,7,0.72,1
ENHS_SYN_0179,Grade 8,Section A,2026-10-12,25,18,7,0.72,1
ENHS_SYN_0179,Grade 8,Section A,2026-10-19,24,19,5,0.7917,1
ENHS_SYN_0180,Grade 8,Section A,2026-08-03,25,20,5,0.8,1
ENHS_SYN_0180,Grade 8,Section A,2026-08-10,25,24,1,0.96,1
ENHS_SYN_0180,Grade 8,Section A,2026-08-17,25,21,4,0.84,1
ENHS_SYN_0180,Grade 8,Section A,2026-08-24,25,22,3,0.88,1
ENHS_SYN_0180,Grade 8,Section A,2026-08-31,25,21,4,0.84,1
ENHS_SYN_0180,Grade 8,Section A,2026-09-07,25,21,4,0.84,1
ENHS_SYN_0180,Grade 8,Section A,2026-09-14,25,23,2,0.92,1
ENHS_SYN_0180,Grade 8,Section A,2026-09-21,25,21,4,0.84,1
ENHS_SYN_0180,Grade 8,Section A,2026-09-28,24,22,2,0.9167,1
ENHS_SYN_0180,Grade 8,Section A,2026-10-05,24,22,2,0.9167,1
ENHS_SYN_0180,Grade 8,Section A,2026-10-12,25,18,7,0.72,1
ENHS_SYN_0180,Grade 8,Section A,2026-10-19,25,21,4,0.84,1
ENHS_SYN_0181,Grade 8,Section A,2026-08-03,25,24,1,0.96,1
ENHS_SYN_0181,Grade 8,Section A,2026-08-10,25,25,0,1.0,0
ENHS_SYN_0181,Grade 8,Section A,2026-08-17,24,24,0,1.0,0
ENHS_SYN_0181,Grade 8,Section A,2026-08-24,25,25,0,1.0,0
ENHS_SYN_0181,Grade 8,Section A,2026-08-31,25,24,1,0.96,1
ENHS_SYN_0181,Grade 8,Section A,2026-09-07,25,24,1,0.96,1
ENHS_SYN_0181,Grade 8,Section A,2026-09-14,25,25,0,1.0,0
ENHS_SYN_0181,Grade 8,Section A,2026-09-21,25,21,4,0.84,1
ENHS_SYN_0181,Grade 8,Section A,2026-09-28,25,24,1,0.96,1
ENHS_SYN_0181,Grade 8,Section A,2026-10-05,25,25,0,1.0,0
ENHS_SYN_0181,Grade 8,Section A,2026-10-12,25,23,2,0.92,1
ENHS_SYN_0181,Grade 8,Section A,2026-10-19,25,25,0,1.0,0
ENHS_SYN_0182,Grade 8,Section A,2026-08-03,25,21,4,0.84,1
ENHS_SYN_0182,Grade 8,Section A,2026-08-10,25,15,10,0.6,1
ENHS_SYN_0182,Grade 8,Section A,2026-08-17,25,18,7,0.72,1
ENHS_SYN_0182,Grade 8,Section A,2026-08-24,25,20,5,0.8,1
ENHS_SYN_0182,Grade 8,Section A,2026-08-31,25,21,4,0.84,1
ENHS_SYN_0182,Grade 8,Section A,2026-09-07,25,20,5,0.8,1
ENHS_SYN_0182,Grade 8,Section A,2026-09-14,25,16,9,0.64,1
ENHS_SYN_0182,Grade 8,Section A,2026-09-21,25,17,8,0.68,1
ENHS_SYN_0182,Grade 8,Section A,2026-09-28,25,21,4,0.84,1
ENHS_SYN_0182,Grade 8,Section A,2026-10-05,25,22,3,0.88,1
ENHS_SYN_0182,Grade 8,Section A,2026-10-12,25,20,5,0.8,1
ENHS_SYN_0182,Grade 8,Section A,2026-10-19,25,19,6,0.76,1
ENHS_SYN_0183,Grade 8,Section A,2026-08-03,25,25,0,1.0,0
ENHS_SYN_0183,Grade 8,Section A,2026-08-10,25,25,0,1.0,0
ENHS_SYN_0183,Grade 8,Section A,2026-08-17,25,22,3,0.88,1
ENHS_SYN_0183,Grade 8,Section A,2026-08-24,25,24,1,0.96,1
ENHS_SYN_0183,Grade 8,Section A,2026-08-31,25,25,0,1.0,0
ENHS_SYN_0183,Grade 8,Section A,2026-09-07,25,23,2,0.92,1
ENHS_SYN_0183,Grade 8,Section A,2026-09-14,25,25,0,1.0,0
ENHS_SYN_0183,Grade 8,Section A,2026-09-21,25,22,3,0.88,1
ENHS_SYN_0183,Grade 8,Section A,2026-09-28,25,23,2,0.92,1
ENHS_SYN_0183,Grade 8,Section A,2026-10-05,25,23,2,0.92,1
ENHS_SYN_0183,Grade 8,Section A,2026-10-12,25,23,2,0.92,1
ENHS_SYN_0183,Grade 8,Section A,2026-10-19,25,24,1,0.96,1
ENHS_SYN_0184,Grade 8,Section A,2026-08-03,25,20,5,0.8,1
ENHS_SYN_0184,Grade 8,Section A,2026-08-10,25,19,6,0.76,1
ENHS_SYN_0184,Grade 8,Section A,2026-08-17,25,19,6,0.76,1
ENHS_SYN_0184,Grade 8,Section A,2026-08-24,25,18,7,0.72,1
ENHS_SYN_0184,Grade 8,Section A,2026-08-31,25,19,6,0.76,1
ENHS_SYN_0184,Grade 8,Section A,2026-09-07,25,19,6,0.76,1
ENHS_SYN_0184,Grade 8,Section A,2026-09-14,25,16,9,0.64,1
ENHS_SYN_0184,Grade 8,Section A,2026-09-21,25,15,10,0.6,1
ENHS_SYN_0184,Grade 8,Section A,2026-09-28,25,20,5,0.8,1
ENHS_SYN_0184,Grade 8,Section A,2026-10-05,25,21,4,0.84,1
ENHS_SYN_0184,Grade 8,Section A,2026-10-12,25,17,8,0.68,1
ENHS_SYN_0184,Grade 8,Section A,2026-10-19,25,15,10,0.6,1
ENHS_SYN_0185,Grade 8,Section A,2026-08-03,25,21,4,0.84,1
ENHS_SYN_0185,Grade 8,Section A,2026-08-10,25,20,5,0.8,1
ENHS_SYN_0185,Grade 8,Section A,2026-08-17,25,18,7,0.72,1
ENHS_SYN_0185,Grade 8,Section A,2026-08-24,25,18,7,0.72,1
ENHS_SYN_0185,Grade 8,Section A,2026-08-31,25,23,2,0.92,1
ENHS_SYN_0185,Grade 8,Section A,2026-09-07,25,21,4,0.84,1
ENHS_SYN_0185,Grade 8,Section A,2026-09-14,25,20,5,0.8,1
ENHS_SYN_0185,Grade 8,Section A,2026-09-21,25,16,9,0.64,1
ENHS_SYN_0185,Grade 8,Section A,2026-09-28,25,20,5,0.8,1
ENHS_SYN_0185,Grade 8,Section A,2026-10-05,25,22,3,0.88,1
ENHS_SYN_0185,Grade 8,Section A,2026-10-12,24,17,7,0.7083,1
ENHS_SYN_0185,Grade 8,Section A,2026-10-19,25,20,5,0.8,1
ENHS_SYN_0186,Grade 8,Section A,2026-08-03,25,19,6,0.76,1
ENHS_SYN_0186,Grade 8,Section A,2026-08-10,25,21,4,0.84,1
ENHS_SYN_0186,Grade 8,Section A,2026-08-17,25,18,7,0.72,1
ENHS_SYN_0186,Grade 8,Section A,2026-08-24,25,22,3,0.88,1
ENHS_SYN_0186,Grade 8,Section A,2026-08-31,25,21,4,0.84,1
ENHS_SYN_0186,Grade 8,Section A,2026-09-07,25,20,5,0.8,1
ENHS_SYN_0186,Grade 8,Section A,2026-09-14,25,24,1,0.96,1
ENHS_SYN_0186,Grade 8,Section A,2026-09-21,25,21,4,0.84,1
ENHS_SYN_0186,Grade 8,Section A,2026-09-28,25,18,7,0.72,1
ENHS_SYN_0186,Grade 8,Section A,2026-10-05,25,20,5,0.8,1
ENHS_SYN_0186,Grade 8,Section A,2026-10-12,25,22,3,0.88,1
ENHS_SYN_0186,Grade 8,Section A,2026-10-19,25,22,3,0.88,1
ENHS_SYN_0187,Grade 8,Section A,2026-08-03,25,24,1,0.96,1
ENHS_SYN_0187,Grade 8,Section A,2026-08-10,25,23,2,0.92,1
ENHS_SYN_0187,Grade 8,Section A,2026-08-17,25,24,1,0.96,1
ENHS_SYN_0187,Grade 8,Section A,2026-08-24,25,23,2,0.92,1
ENHS_SYN_0187,Grade 8,Section A,2026-08-31,25,21,4,0.84,1
ENHS_SYN_0187,Grade 8,Section A,2026-09-07,25,24,1,0.96,1
ENHS_SYN_0187,Grade 8,Section A,2026-09-14,25,24,1,0.96,1
ENHS_SYN_0187,Grade 8,Section A,2026-09-21,25,24,1,0.96,1
ENHS_SYN_0187,Grade 8,Section A,2026-09-28,25,24,1,0.96,1
ENHS_SYN_0187,Grade 8,Section A,2026-10-05,25,25,0,1.0,0
ENHS_SYN_0187,Grade 8,Section A,2026-10-12,25,23,2,0.92,1
ENHS_SYN_0187,Grade 8,Section A,2026-10-19,25,23,2,0.92,1
ENHS_SYN_0188,Grade 8,Section A,2026-08-03,25,21,4,0.84,1
ENHS_SYN_0188,Grade 8,Section A,2026-08-10,25,22,3,0.88,1
ENHS_SYN_0188,Grade 8,Section A,2026-08-17,25,23,2,0.92,1
ENHS_SYN_0188,Grade 8,Section A,2026-08-24,25,21,4,0.84,1
ENHS_SYN_0188,Grade 8,Section A,2026-08-31,25,24,1,0.96,1
ENHS_SYN_0188,Grade 8,Section A,2026-09-07,25,23,2,0.92,1
ENHS_SYN_0188,Grade 8,Section A,2026-09-14,25,23,2,0.92,1
ENHS_SYN_0188,Grade 8,Section A,2026-09-21,25,18,7,0.72,1
ENHS_SYN_0188,Grade 8,Section A,2026-09-28,25,22,3,0.88,1
ENHS_SYN_0188,Grade 8,Section A,2026-10-05,25,24,1,0.96,1
ENHS_SYN_0188,Grade 8,Section A,2026-10-12,25,21,4,0.84,1
ENHS_SYN_0188,Grade 8,Section A,2026-10-19,25,24,1,0.96,1
ENHS_SYN_0189,Grade 8,Section A,2026-08-03,25,22,3,0.88,1
ENHS_SYN_0189,Grade 8,Section A,2026-08-10,25,21,4,0.84,1
ENHS_SYN_0189,Grade 8,Section A,2026-08-17,25,23,2,0.92,1
ENHS_SYN_0189,Grade 8,Section A,2026-08-24,25,19,6,0.76,1
ENHS_SYN_0189,Grade 8,Section A,2026-08-31,25,17,8,0.68,1
ENHS_SYN_0189,Grade 8,Section A,2026-09-07,25,20,5,0.8,1
ENHS_SYN_0189,Grade 8,Section A,2026-09-14,25,21,4,0.84,1
ENHS_SYN_0189,Grade 8,Section A,2026-09-21,25,15,10,0.6,1
ENHS_SYN_0189,Grade 8,Section A,2026-09-28,25,15,10,0.6,1
ENHS_SYN_0189,Grade 8,Section A,2026-10-05,25,15,10,0.6,1
ENHS_SYN_0189,Grade 8,Section A,2026-10-12,25,17,8,0.68,1
ENHS_SYN_0189,Grade 8,Section A,2026-10-19,25,18,7,0.72,1
ENHS_SYN_0190,Grade 8,Section A,2026-08-03,25,19,6,0.76,1
ENHS_SYN_0190,Grade 8,Section A,2026-08-10,25,19,6,0.76,1
ENHS_SYN_0190,Grade 8,Section A,2026-08-17,25,20,5,0.8,1
ENHS_SYN_0190,Grade 8,Section A,2026-08-24,25,21,4,0.84,1
ENHS_SYN_0190,Grade 8,Section A,2026-08-31,25,20,5,0.8,1
ENHS_SYN_0190,Grade 8,Section A,2026-09-07,25,18,7,0.72,1
ENHS_SYN_0190,Grade 8,Section A,2026-09-14,25,19,6,0.76,1
ENHS_SYN_0190,Grade 8,Section A,2026-09-21,25,20,5,0.8,1
ENHS_SYN_0190,Grade 8,Section A,2026-09-28,25,21,4,0.84,1
ENHS_SYN_0190,Grade 8,Section A,2026-10-05,25,17,8,0.68,1
ENHS_SYN_0190,Grade 8,Section A,2026-10-12,25,21,4,0.84,1
ENHS_SYN_0190,Grade 8,Section A,2026-10-19,25,18,7,0.72,1
ENHS_SYN_0191,Grade 8,Section A,2026-08-03,25,25,0,1.0,0
ENHS_SYN_0191,Grade 8,Section A,2026-08-10,25,24,1,0.96,1
ENHS_SYN_0191,Grade 8,Section A,2026-08-17,24,22,2,0.9167,1
ENHS_SYN_0191,Grade 8,Section A,2026-08-24,25,22,3,0.88,1
ENHS_SYN_0191,Grade 8,Section A,2026-08-31,25,25,0,1.0,0
ENHS_SYN_0191,Grade 8,Section A,2026-09-07,25,24,1,0.96,1
ENHS_SYN_0191,Grade 8,Section A,2026-09-14,25,23,2,0.92,1
ENHS_SYN_0191,Grade 8,Section A,2026-09-21,25,24,1,0.96,1
ENHS_SYN_0191,Grade 8,Section A,2026-09-28,25,25,0,1.0,0
ENHS_SYN_0191,Grade 8,Section A,2026-10-05,25,25,0,1.0,0
ENHS_SYN_0191,Grade 8,Section A,2026-10-12,25,25,0,1.0,0
ENHS_SYN_0191,Grade 8,Section A,2026-10-19,25,25,0,1.0,0
ENHS_SYN_0192,Grade 8,Section A,2026-08-03,25,23,2,0.92,1
ENHS_SYN_0192,Grade 8,Section A,2026-08-10,25,21,4,0.84,1
ENHS_SYN_0192,Grade 8,Section A,2026-08-17,25,24,1,0.96,1
ENHS_SYN_0192,Grade 8,Section A,2026-08-24,25,24,1,0.96,1
ENHS_SYN_0192,Grade 8,Section A,2026-08-31,25,24,1,0.96,1
ENHS_SYN_0192,Grade 8,Section A,2026-09-07,25,21,4,0.84,1
ENHS_SYN_0192,Grade 8,Section A,2026-09-14,25,22,3,0.88,1
ENHS_SYN_0192,Grade 8,Section A,2026-09-21,25,24,1,0.96,1
ENHS_SYN_0192,Grade 8,Section A,2026-09-28,25,23,2,0.92,1
ENHS_SYN_0192,Grade 8,Section A,2026-10-05,25,23,2,0.92,1
ENHS_SYN_0192,Grade 8,Section A,2026-10-12,24,23,1,0.9583,1
ENHS_SYN_0192,Grade 8,Section A,2026-10-19,25,22,3,0.88,1
ENHS_SYN_0193,Grade 8,Section A,2026-08-03,25,23,2,0.92,1
ENHS_SYN_0193,Grade 8,Section A,2026-08-10,25,22,3,0.88,1
ENHS_SYN_0193,Grade 8,Section A,2026-08-17,25,24,1,0.96,1
ENHS_SYN_0193,Grade 8,Section A,2026-08-24,25,20,5,0.8,1
ENHS_SYN_0193,Grade 8,Section A,2026-08-31,25,21,4,0.84,1
ENHS_SYN_0193,Grade 8,Section A,2026-09-07,25,22,3,0.88,1
ENHS_SYN_0193,Grade 8,Section A,2026-09-14,25,22,3,0.88,1
ENHS_SYN_0193,Grade 8,Section A,2026-09-21,25,23,2,0.92,1
ENHS_SYN_0193,Grade 8,Section A,2026-09-28,25,22,3,0.88,1
ENHS_SYN_0193,Grade 8,Section A,2026-10-05,25,21,4,0.84,1
ENHS_SYN_0193,Grade 8,Section A,2026-10-12,25,22,3,0.88,1
ENHS_SYN_0193,Grade 8,Section A,2026-10-19,25,23,2,0.92,1
ENHS_SYN_0194,Grade 8,Section A,2026-08-03,25,25,0,1.0,0
ENHS_SYN_0194,Grade 8,Section A,2026-08-10,25,22,3,0.88,1
ENHS_SYN_0194,Grade 8,Section A,2026-08-17,25,21,4,0.84,1
ENHS_SYN_0194,Grade 8,Section A,2026-08-24,25,23,2,0.92,1
ENHS_SYN_0194,Grade 8,Section A,2026-08-31,25,23,2,0.92,1
ENHS_SYN_0194,Grade 8,Section A,2026-09-07,25,23,2,0.92,1
ENHS_SYN_0194,Grade 8,Section A,2026-09-14,25,24,1,0.96,1
ENHS_SYN_0194,Grade 8,Section A,2026-09-21,25,23,2,0.92,1
ENHS_SYN_0194,Grade 8,Section A,2026-09-28,25,21,4,0.84,1
ENHS_SYN_0194,Grade 8,Section A,2026-10-05,25,23,2,0.92,1
ENHS_SYN_0194,Grade 8,Section A,2026-10-12,25,24,1,0.96,1
ENHS_SYN_0194,Grade 8,Section A,2026-10-19,25,23,2,0.92,1
ENHS_SYN_0195,Grade 8,Section A,2026-08-03,25,20,5,0.8,1
ENHS_SYN_0195,Grade 8,Section A,2026-08-10,25,16,9,0.64,1
ENHS_SYN_0195,Grade 8,Section A,2026-08-17,25,15,10,0.6,1
ENHS_SYN_0195,Grade 8,Section A,2026-08-24,24,21,3,0.875,1
ENHS_SYN_0195,Grade 8,Section A,2026-08-31,25,23,2,0.92,1
ENHS_SYN_0195,Grade 8,Section A,2026-09-07,25,22,3,0.88,1
ENHS_SYN_0195,Grade 8,Section A,2026-09-14,25,22,3,0.88,1
ENHS_SYN_0195,Grade 8,Section A,2026-09-21,25,22,3,0.88,1
ENHS_SYN_0195,Grade 8,Section A,2026-09-28,25,20,5,0.8,1
ENHS_SYN_0195,Grade 8,Section A,2026-10-05,25,19,6,0.76,1
ENHS_SYN_0195,Grade 8,Section A,2026-10-12,25,22,3,0.88,1
ENHS_SYN_0195,Grade 8,Section A,2026-10-19,25,22,3,0.88,1
ENHS_SYN_0196,Grade 8,Section A,2026-08-03,25,23,2,0.92,1
ENHS_SYN_0196,Grade 8,Section A,2026-08-10,25,24,1,0.96,1
ENHS_SYN_0196,Grade 8,Section A,2026-08-17,25,22,3,0.88,1
ENHS_SYN_0196,Grade 8,Section A,2026-08-24,25,21,4,0.84,1
ENHS_SYN_0196,Grade 8,Section A,2026-08-31,25,22,3,0.88,1
ENHS_SYN_0196,Grade 8,Section A,2026-09-07,25,20,5,0.8,1
ENHS_SYN_0196,Grade 8,Section A,2026-09-14,25,21,4,0.84,1
ENHS_SYN_0196,Grade 8,Section A,2026-09-21,25,22,3,0.88,1
ENHS_SYN_0196,Grade 8,Section A,2026-09-28,25,23,2,0.92,1
ENHS_SYN_0196,Grade 8,Section A,2026-10-05,25,24,1,0.96,1
ENHS_SYN_0196,Grade 8,Section A,2026-10-12,25,22,3,0.88,1
ENHS_SYN_0196,Grade 8,Section A,2026-10-19,25,24,1,0.96,1
ENHS_SYN_0197,Grade 8,Section A,2026-08-03,25,24,1,0.96,1
ENHS_SYN_0197,Grade 8,Section A,2026-08-10,25,25,0,1.0,0
ENHS_SYN_0197,Grade 8,Section A,2026-08-17,25,22,3,0.88,1
ENHS_SYN_0197,Grade 8,Section A,2026-08-24,25,25,0,1.0,0
ENHS_SYN_0197,Grade 8,Section A,2026-08-31,25,19,6,0.76,1
ENHS_SYN_0197,Grade 8,Section A,2026-09-07,25,23,2,0.92,1
ENHS_SYN_0197,Grade 8,Section A,2026-09-14,25,23,2,0.92,1
ENHS_SYN_0197,Grade 8,Section A,2026-09-21,25,24,1,0.96,1
ENHS_SYN_0197,Grade 8,Section A,2026-09-28,25,24,1,0.96,1
ENHS_SYN_0197,Grade 8,Section A,2026-10-05,25,22,3,0.88,1
ENHS_SYN_0197,Grade 8,Section A,2026-10-12,25,25,0,1.0,0
ENHS_SYN_0197,Grade 8,Section A,2026-10-19,25,21,4,0.84,1
ENHS_SYN_0198,Grade 8,Section A,2026-08-03,25,23,2,0.92,1
ENHS_SYN_0198,Grade 8,Section A,2026-08-10,25,19,6,0.76,1
ENHS_SYN_0198,Grade 8,Section A,2026-08-17,25,20,5,0.8,1
ENHS_SYN_0198,Grade 8,Section A,2026-08-24,25,19,6,0.76,1
ENHS_SYN_0198,Grade 8,Section A,2026-08-31,25,23,2,0.92,1
ENHS_SYN_0198,Grade 8,Section A,2026-09-07,25,18,7,0.72,1
ENHS_SYN_0198,Grade 8,Section A,2026-09-14,25,21,4,0.84,1
ENHS_SYN_0198,Grade 8,Section A,2026-09-21,25,24,1,0.96,1
ENHS_SYN_0198,Grade 8,Section A,2026-09-28,25,21,4,0.84,1
ENHS_SYN_0198,Grade 8,Section A,2026-10-05,25,23,2,0.92,1
ENHS_SYN_0198,Grade 8,Section A,2026-10-12,25,16,9,0.64,1
ENHS_SYN_0198,Grade 8,Section A,2026-10-19,25,20,5,0.8,1
ENHS_SYN_0199,Grade 8,Section A,2026-08-03,25,24,1,0.96,1
ENHS_SYN_0199,Grade 8,Section A,2026-08-10,25,24,1,0.96,1
ENHS_SYN_0199,Grade 8,Section A,2026-08-17,25,22,3,0.88,1
ENHS_SYN_0199,Grade 8,Section A,2026-08-24,25,21,4,0.84,1
ENHS_SYN_0199,Grade 8,Section A,2026-08-31,25,23,2,0.92,1
ENHS_SYN_0199,Grade 8,Section A,2026-09-07,25,25,0,1.0,0
ENHS_SYN_0199,Grade 8,Section A,2026-09-14,25,25,0,1.0,0
ENHS_SYN_0199,Grade 8,Section A,2026-09-21,25,24,1,0.96,1
ENHS_SYN_0199,Grade 8,Section A,2026-09-28,25,24,1,0.96,1
ENHS_SYN_0199,Grade 8,Section A,2026-10-05,25,21,4,0.84,1
ENHS_SYN_0199,Grade 8,Section A,2026-10-12,25,23,2,0.92,1
ENHS_SYN_0199,Grade 8,Section A,2026-10-19,25,24,1,0.96,1
ENHS_SYN_0200,Grade 8,Section A,2026-08-03,25,22,3,0.88,1
ENHS_SYN_0200,Grade 8,Section A,2026-08-10,25,23,2,0.92,1
ENHS_SYN_0200,Grade 8,Section A,2026-08-17,25,20,5,0.8,1
ENHS_SYN_0200,Grade 8,Section A,2026-08-24,25,20,5,0.8,1
ENHS_SYN_0200,Grade 8,Section A,2026-08-31,25,21,4,0.84,1
ENHS_SYN_0200,Grade 8,Section A,2026-09-07,25,24,1,0.96,1
ENHS_SYN_0200,Grade 8,Section A,2026-09-14,25,22,3,0.88,1
ENHS_SYN_0200,Grade 8,Section A,2026-09-21,25,20,5,0.8,1
ENHS_SYN_0200,Grade 8,Section A,2026-09-28,25,23,2,0.92,1
ENHS_SYN_0200,Grade 8,Section A,2026-10-05,25,21,4,0.84,1
ENHS_SYN_0200,Grade 8,Section A,2026-10-12,25,22,3,0.88,1
ENHS_SYN_0200,Grade 8,Section A,2026-10-19,25,24,1,0.96,1
ENHS_SYN_0201,Grade 8,Section B,2026-08-03,25,23,2,0.92,1
ENHS_SYN_0201,Grade 8,Section B,2026-08-10,25,22,3,0.88,1
ENHS_SYN_0201,Grade 8,Section B,2026-08-17,25,22,3,0.88,1
ENHS_SYN_0201,Grade 8,Section B,2026-08-24,25,25,0,1.0,0
ENHS_SYN_0201,Grade 8,Section B,2026-08-31,25,24,1,0.96,1
ENHS_SYN_0201,Grade 8,Section B,2026-09-07,25,24,1,0.96,1
ENHS_SYN_0201,Grade 8,Section B,2026-09-14,25,22,3,0.88,1
ENHS_SYN_0201,Grade 8,Section B,2026-09-21,25,24,1,0.96,1
ENHS_SYN_0201,Grade 8,Section B,2026-09-28,25,20,5,0.8,1
ENHS_SYN_0201,Grade 8,Section B,2026-10-05,25,22,3,0.88,1
ENHS_SYN_0201,Grade 8,Section B,2026-10-12,25,24,1,0.96,1
ENHS_SYN_0201,Grade 8,Section B,2026-10-19,25,22,3,0.88,1
ENHS_SYN_0202,Grade 8,Section B,2026-08-03,25,25,0,1.0,0
ENHS_SYN_0202,Grade 8,Section B,2026-08-10,25,25,0,1.0,0
ENHS_SYN_0202,Grade 8,Section B,2026-08-17,25,24,1,0.96,1
ENHS_SYN_0202,Grade 8,Section B,2026-08-24,24,22,2,0.9167,1
ENHS_SYN_0202,Grade 8,Section B,2026-08-31,25,23,2,0.92,1
ENHS_SYN_0202,Grade 8,Section B,2026-09-07,25,24,1,0.96,1
ENHS_SYN_0202,Grade 8,Section B,2026-09-14,25,24,1,0.96,1
ENHS_SYN_0202,Grade 8,Section B,2026-09-21,24,24,0,1.0,0
ENHS_SYN_0202,Grade 8,Section B,2026-09-28,25,25,0,1.0,0
ENHS_SYN_0202,Grade 8,Section B,2026-10-05,25,21,4,0.84,1
ENHS_SYN_0202,Grade 8,Section B,2026-10-12,25,23,2,0.92,1
ENHS_SYN_0202,Grade 8,Section B,2026-10-19,25,22,3,0.88,1
ENHS_SYN_0203,Grade 8,Section B,2026-08-03,25,24,1,0.96,1
ENHS_SYN_0203,Grade 8,Section B,2026-08-10,25,25,0,1.0,0
ENHS_SYN_0203,Grade 8,Section B,2026-08-17,25,25,0,1.0,0
ENHS_SYN_0203,Grade 8,Section B,2026-08-24,25,24,1,0.96,1
ENHS_SYN_0203,Grade 8,Section B,2026-08-31,25,24,1,0.96,1
ENHS_SYN_0203,Grade 8,Section B,2026-09-07,25,24,1,0.96,1
ENHS_SYN_0203,Grade 8,Section B,2026-09-14,25,25,0,1.0,0
ENHS_SYN_0203,Grade 8,Section B,2026-09-21,25,25,0,1.0,0
ENHS_SYN_0203,Grade 8,Section B,2026-09-28,25,25,0,1.0,0
ENHS_SYN_0203,Grade 8,Section B,2026-10-05,25,24,1,0.96,1
ENHS_SYN_0203,Grade 8,Section B,2026-10-12,25,22,3,0.88,1
ENHS_SYN_0203,Grade 8,Section B,2026-10-19,25,23,2,0.92,1
ENHS_SYN_0204,Grade 8,Section B,2026-08-03,25,20,5,0.8,1
ENHS_SYN_0204,Grade 8,Section B,2026-08-10,25,21,4,0.84,1
ENHS_SYN_0204,Grade 8,Section B,2026-08-17,25,22,3,0.88,1
ENHS_SYN_0204,Grade 8,Section B,2026-08-24,25,19,6,0.76,1
ENHS_SYN_0204,Grade 8,Section B,2026-08-31,25,14,11,0.56,1
ENHS_SYN_0204,Grade 8,Section B,2026-09-07,25,15,10,0.6,1
ENHS_SYN_0204,Grade 8,Section B,2026-09-14,25,17,8,0.68,1
ENHS_SYN_0204,Grade 8,Section B,2026-09-21,25,17,8,0.68,1
ENHS_SYN_0204,Grade 8,Section B,2026-09-28,25,20,5,0.8,1
ENHS_SYN_0204,Grade 8,Section B,2026-10-05,25,19,6,0.76,1
ENHS_SYN_0204,Grade 8,Section B,2026-10-12,25,18,7,0.72,1
ENHS_SYN_0204,Grade 8,Section B,2026-10-19,25,19,6,0.76,1
ENHS_SYN_0205,Grade 8,Section B,2026-08-03,25,22,3,0.88,1
ENHS_SYN_0205,Grade 8,Section B,2026-08-10,25,22,3,0.88,1
ENHS_SYN_0205,Grade 8,Section B,2026-08-17,25,21,4,0.84,1
ENHS_SYN_0205,Grade 8,Section B,2026-08-24,25,24,1,0.96,1
ENHS_SYN_0205,Grade 8,Section B,2026-08-31,25,23,2,0.92,1
ENHS_SYN_0205,Grade 8,Section B,2026-09-07,25,25,0,1.0,0
ENHS_SYN_0205,Grade 8,Section B,2026-09-14,25,19,6,0.76,1
ENHS_SYN_0205,Grade 8,Section B,2026-09-21,25,21,4,0.84,1
ENHS_SYN_0205,Grade 8,Section B,2026-09-28,25,22,3,0.88,1
ENHS_SYN_0205,Grade 8,Section B,2026-10-05,25,24,1,0.96,1
ENHS_SYN_0205,Grade 8,Section B,2026-10-12,25,24,1,0.96,1
ENHS_SYN_0205,Grade 8,Section B,2026-10-19,25,22,3,0.88,1
ENHS_SYN_0206,Grade 8,Section B,2026-08-03,24,15,9,0.625,1
ENHS_SYN_0206,Grade 8,Section B,2026-08-10,25,17,8,0.68,1
ENHS_SYN_0206,Grade 8,Section B,2026-08-17,25,19,6,0.76,1
ENHS_SYN_0206,Grade 8,Section B,2026-08-24,25,24,1,0.96,1
ENHS_SYN_0206,Grade 8,Section B,2026-08-31,25,23,2,0.92,1
ENHS_SYN_0206,Grade 8,Section B,2026-09-07,25,22,3,0.88,1
ENHS_SYN_0206,Grade 8,Section B,2026-09-14,25,21,4,0.84,1
ENHS_SYN_0206,Grade 8,Section B,2026-09-21,25,21,4,0.84,1
ENHS_SYN_0206,Grade 8,Section B,2026-09-28,25,22,3,0.88,1
ENHS_SYN_0206,Grade 8,Section B,2026-10-05,25,21,4,0.84,1
ENHS_SYN_0206,Grade 8,Section B,2026-10-12,25,22,3,0.88,1
ENHS_SYN_0206,Grade 8,Section B,2026-10-19,25,20,5,0.8,1
ENHS_SYN_0207,Grade 8,Section B,2026-08-03,25,21,4,0.84,1
ENHS_SYN_0207,Grade 8,Section B,2026-08-10,25,21,4,0.84,1
ENHS_SYN_0207,Grade 8,Section B,2026-08-17,25,20,5,0.8,1
ENHS_SYN_0207,Grade 8,Section B,2026-08-24,24,21,3,0.875,1
ENHS_SYN_0207,Grade 8,Section B,2026-08-31,25,22,3,0.88,1
ENHS_SYN_0207,Grade 8,Section B,2026-09-07,25,24,1,0.96,1
ENHS_SYN_0207,Grade 8,Section B,2026-09-14,25,23,2,0.92,1
ENHS_SYN_0207,Grade 8,Section B,2026-09-21,24,19,5,0.7917,1
ENHS_SYN_0207,Grade 8,Section B,2026-09-28,25,18,7,0.72,1
ENHS_SYN_0207,Grade 8,Section B,2026-10-05,25,22,3,0.88,1
ENHS_SYN_0207,Grade 8,Section B,2026-10-12,25,18,7,0.72,1
ENHS_SYN_0207,Grade 8,Section B,2026-10-19,25,21,4,0.84,1
ENHS_SYN_0208,Grade 8,Section B,2026-08-03,25,18,7,0.72,1
ENHS_SYN_0208,Grade 8,Section B,2026-08-10,25,18,7,0.72,1
ENHS_SYN_0208,Grade 8,Section B,2026-08-17,25,16,9,0.64,1
ENHS_SYN_0208,Grade 8,Section B,2026-08-24,25,15,10,0.6,1
ENHS_SYN_0208,Grade 8,Section B,2026-08-31,25,21,4,0.84,1
ENHS_SYN_0208,Grade 8,Section B,2026-09-07,25,21,4,0.84,1
ENHS_SYN_0208,Grade 8,Section B,2026-09-14,25,20,5,0.8,1
ENHS_SYN_0208,Grade 8,Section B,2026-09-21,25,15,10,0.6,1
ENHS_SYN_0208,Grade 8,Section B,2026-09-28,25,16,9,0.64,1
ENHS_SYN_0208,Grade 8,Section B,2026-10-05,25,13,12,0.52,1
ENHS_SYN_0208,Grade 8,Section B,2026-10-12,25,19,6,0.76,1
ENHS_SYN_0208,Grade 8,Section B,2026-10-19,25,18,7,0.72,1
ENHS_SYN_0209,Grade 8,Section B,2026-08-03,25,22,3,0.88,1
ENHS_SYN_0209,Grade 8,Section B,2026-08-10,25,23,2,0.92,1
ENHS_SYN_0209,Grade 8,Section B,2026-08-17,25,24,1,0.96,1
ENHS_SYN_0209,Grade 8,Section B,2026-08-24,25,21,4,0.84,1
ENHS_SYN_0209,Grade 8,Section B,2026-08-31,25,22,3,0.88,1
ENHS_SYN_0209,Grade 8,Section B,2026-09-07,25,22,3,0.88,1
ENHS_SYN_0209,Grade 8,Section B,2026-09-14,25,22,3,0.88,1
ENHS_SYN_0209,Grade 8,Section B,2026-09-21,25,24,1,0.96,1
ENHS_SYN_0209,Grade 8,Section B,2026-09-28,25,21,4,0.84,1
ENHS_SYN_0209,Grade 8,Section B,2026-10-05,25,24,1,0.96,1
ENHS_SYN_0209,Grade 8,Section B,2026-10-12,25,21,4,0.84,1
ENHS_SYN_0209,Grade 8,Section B,2026-10-19,25,21,4,0.84,1
ENHS_SYN_0210,Grade 8,Section B,2026-08-03,25,23,2,0.92,1
ENHS_SYN_0210,Grade 8,Section B,2026-08-10,25,25,0,1.0,0
ENHS_SYN_0210,Grade 8,Section B,2026-08-17,25,23,2,0.92,1
ENHS_SYN_0210,Grade 8,Section B,2026-08-24,25,22,3,0.88,1
ENHS_SYN_0210,Grade 8,Section B,2026-08-31,25,24,1,0.96,1
ENHS_SYN_0210,Grade 8,Section B,2026-09-07,25,22,3,0.88,1
ENHS_SYN_0210,Grade 8,Section B,2026-09-14,25,23,2,0.92,1
ENHS_SYN_0210,Grade 8,Section B,2026-09-21,25,24,1,0.96,1
ENHS_SYN_0210,Grade 8,Section B,2026-09-28,25,25,0,1.0,0
ENHS_SYN_0210,Grade 8,Section B,2026-10-05,25,25,0,1.0,0
ENHS_SYN_0210,Grade 8,Section B,2026-10-12,25,23,2,0.92,1
ENHS_SYN_0210,Grade 8,Section B,2026-10-19,25,22,3,0.88,1
ENHS_SYN_0211,Grade 8,Section B,2026-08-03,25,24,1,0.96,1
ENHS_SYN_0211,Grade 8,Section B,2026-08-10,25,24,1,0.96,1
ENHS_SYN_0211,Grade 8,Section B,2026-08-17,25,23,2,0.92,1
ENHS_SYN_0211,Grade 8,Section B,2026-08-24,25,23,2,0.92,1
ENHS_SYN_0211,Grade 8,Section B,2026-08-31,25,24,1,0.96,1
ENHS_SYN_0211,Grade 8,Section B,2026-09-07,25,24,1,0.96,1
ENHS_SYN_0211,Grade 8,Section B,2026-09-14,25,25,0,1.0,0
ENHS_SYN_0211,Grade 8,Section B,2026-09-21,25,23,2,0.92,1
ENHS_SYN_0211,Grade 8,Section B,2026-09-28,25,25,0,1.0,0
ENHS_SYN_0211,Grade 8,Section B,2026-10-05,25,25,0,1.0,0
ENHS_SYN_0211,Grade 8,Section B,2026-10-12,25,25,0,1.0,0
ENHS_SYN_0211,Grade 8,Section B,2026-10-19,25,24,1,0.96,1
ENHS_SYN_0212,Grade 8,Section B,2026-08-03,25,20,5,0.8,1
ENHS_SYN_0212,Grade 8,Section B,2026-08-10,25,24,1,0.96,1
ENHS_SYN_0212,Grade 8,Section B,2026-08-17,25,17,8,0.68,1
ENHS_SYN_0212,Grade 8,Section B,2026-08-24,25,14,11,0.56,1
ENHS_SYN_0212,Grade 8,Section B,2026-08-31,25,23,2,0.92,1
ENHS_SYN_0212,Grade 8,Section B,2026-09-07,25,20,5,0.8,1
ENHS_SYN_0212,Grade 8,Section B,2026-09-14,25,18,7,0.72,1
ENHS_SYN_0212,Grade 8,Section B,2026-09-21,25,18,7,0.72,1
ENHS_SYN_0212,Grade 8,Section B,2026-09-28,25,18,7,0.72,1
ENHS_SYN_0212,Grade 8,Section B,2026-10-05,25,20,5,0.8,1
ENHS_SYN_0212,Grade 8,Section B,2026-10-12,25,17,8,0.68,1
ENHS_SYN_0212,Grade 8,Section B,2026-10-19,25,23,2,0.92,1
ENHS_SYN_0213,Grade 8,Section B,2026-08-03,24,20,4,0.8333,1
ENHS_SYN_0213,Grade 8,Section B,2026-08-10,25,23,2,0.92,1
ENHS_SYN_0213,Grade 8,Section B,2026-08-17,25,23,2,0.92,1
ENHS_SYN_0213,Grade 8,Section B,2026-08-24,25,24,1,0.96,1
ENHS_SYN_0213,Grade 8,Section B,2026-08-31,25,16,9,0.64,1
ENHS_SYN_0213,Grade 8,Section B,2026-09-07,25,20,5,0.8,1
ENHS_SYN_0213,Grade 8,Section B,2026-09-14,25,23,2,0.92,1
ENHS_SYN_0213,Grade 8,Section B,2026-09-21,25,20,5,0.8,1
ENHS_SYN_0213,Grade 8,Section B,2026-09-28,25,22,3,0.88,1
ENHS_SYN_0213,Grade 8,Section B,2026-10-05,25,18,7,0.72,1
ENHS_SYN_0213,Grade 8,Section B,2026-10-12,25,22,3,0.88,1
ENHS_SYN_0213,Grade 8,Section B,2026-10-19,25,23,2,0.92,1
ENHS_SYN_0214,Grade 8,Section B,2026-08-03,25,22,3,0.88,1
ENHS_SYN_0214,Grade 8,Section B,2026-08-10,25,22,3,0.88,1
ENHS_SYN_0214,Grade 8,Section B,2026-08-17,25,14,11,0.56,1
ENHS_SYN_0214,Grade 8,Section B,2026-08-24,25,19,6,0.76,1
ENHS_SYN_0214,Grade 8,Section B,2026-08-31,25,14,11,0.56,1
ENHS_SYN_0214,Grade 8,Section B,2026-09-07,25,15,10,0.6,1
ENHS_SYN_0214,Grade 8,Section B,2026-09-14,25,19,6,0.76,1
ENHS_SYN_0214,Grade 8,Section B,2026-09-21,25,20,5,0.8,1
ENHS_SYN_0214,Grade 8,Section B,2026-09-28,24,17,7,0.7083,1
ENHS_SYN_0214,Grade 8,Section B,2026-10-05,25,12,13,0.48,1
ENHS_SYN_0214,Grade 8,Section B,2026-10-12,25,18,7,0.72,1
ENHS_SYN_0214,Grade 8,Section B,2026-10-19,25,19,6,0.76,1
ENHS_SYN_0215,Grade 8,Section B,2026-08-03,25,25,0,1.0,0
ENHS_SYN_0215,Grade 8,Section B,2026-08-10,25,25,0,1.0,0
ENHS_SYN_0215,Grade 8,Section B,2026-08-17,25,25,0,1.0,0
ENHS_SYN_0215,Grade 8,Section B,2026-08-24,24,23,1,0.9583,1
ENHS_SYN_0215,Grade 8,Section B,2026-08-31,25,25,0,1.0,0
ENHS_SYN_0215,Grade 8,Section B,2026-09-07,25,24,1,0.96,1
ENHS_SYN_0215,Grade 8,Section B,2026-09-14,25,25,0,1.0,0
ENHS_SYN_0215,Grade 8,Section B,2026-09-21,25,24,1,0.96,1
ENHS_SYN_0215,Grade 8,Section B,2026-09-28,25,25,0,1.0,0
ENHS_SYN_0215,Grade 8,Section B,2026-10-05,24,24,0,1.0,0
ENHS_SYN_0215,Grade 8,Section B,2026-10-12,25,25,0,1.0,0
ENHS_SYN_0215,Grade 8,Section B,2026-10-19,25,24,1,0.96,1
ENHS_SYN_0216,Grade 8,Section B,2026-08-03,25,24,1,0.96,1
ENHS_SYN_0216,Grade 8,Section B,2026-08-10,25,22,3,0.88,1
ENHS_SYN_0216,Grade 8,Section B,2026-08-17,25,22,3,0.88,1
ENHS_SYN_0216,Grade 8,Section B,2026-08-24,25,23,2,0.92,1
ENHS_SYN_0216,Grade 8,Section B,2026-08-31,25,24,1,0.96,1
ENHS_SYN_0216,Grade 8,Section B,2026-09-07,25,25,0,1.0,0
ENHS_SYN_0216,Grade 8,Section B,2026-09-14,25,23,2,0.92,1
ENHS_SYN_0216,Grade 8,Section B,2026-09-21,25,25,0,1.0,0
ENHS_SYN_0216,Grade 8,Section B,2026-09-28,25,23,2,0.92,1
ENHS_SYN_0216,Grade 8,Section B,2026-10-05,25,25,0,1.0,0
ENHS_SYN_0216,Grade 8,Section B,2026-10-12,24,23,1,0.9583,1
ENHS_SYN_0216,Grade 8,Section B,2026-10-19,25,24,1,0.96,1
ENHS_SYN_0217,Grade 8,Section B,2026-08-03,25,21,4,0.84,1
ENHS_SYN_0217,Grade 8,Section B,2026-08-10,25,21,4,0.84,1
ENHS_SYN_0217,Grade 8,Section B,2026-08-17,25,17,8,0.68,1
ENHS_SYN_0217,Grade 8,Section B,2026-08-24,25,21,4,0.84,1
ENHS_SYN_0217,Grade 8,Section B,2026-08-31,25,18,7,0.72,1
ENHS_SYN_0217,Grade 8,Section B,2026-09-07,25,22,3,0.88,1
ENHS_SYN_0217,Grade 8,Section B,2026-09-14,25,19,6,0.76,1
ENHS_SYN_0217,Grade 8,Section B,2026-09-21,25,16,9,0.64,1
ENHS_SYN_0217,Grade 8,Section B,2026-09-28,25,17,8,0.68,1
ENHS_SYN_0217,Grade 8,Section B,2026-10-05,25,20,5,0.8,1
ENHS_SYN_0217,Grade 8,Section B,2026-10-12,25,20,5,0.8,1
ENHS_SYN_0217,Grade 8,Section B,2026-10-19,25,18,7,0.72,1
ENHS_SYN_0218,Grade 8,Section B,2026-08-03,25,24,1,0.96,1
ENHS_SYN_0218,Grade 8,Section B,2026-08-10,24,21,3,0.875,1
ENHS_SYN_0218,Grade 8,Section B,2026-08-17,25,24,1,0.96,1
ENHS_SYN_0218,Grade 8,Section B,2026-08-24,25,23,2,0.92,1
ENHS_SYN_0218,Grade 8,Section B,2026-08-31,25,25,0,1.0,0
ENHS_SYN_0218,Grade 8,Section B,2026-09-07,25,21,4,0.84,1
ENHS_SYN_0218,Grade 8,Section B,2026-09-14,25,25,0,1.0,0
ENHS_SYN_0218,Grade 8,Section B,2026-09-21,25,25,0,1.0,0
ENHS_SYN_0218,Grade 8,Section B,2026-09-28,25,25,0,1.0,0
ENHS_SYN_0218,Grade 8,Section B,2026-10-05,25,22,3,0.88,1
ENHS_SYN_0218,Grade 8,Section B,2026-10-12,25,23,2,0.92,1
ENHS_SYN_0218,Grade 8,Section B,2026-10-19,25,24,1,0.96,1
ENHS_SYN_0219,Grade 8,Section B,2026-08-03,25,19,6,0.76,1
ENHS_SYN_0219,Grade 8,Section B,2026-08-10,25,19,6,0.76,1
ENHS_SYN_0219,Grade 8,Section B,2026-08-17,25,18,7,0.72,1
ENHS_SYN_0219,Grade 8,Section B,2026-08-24,25,22,3,0.88,1
ENHS_SYN_0219,Grade 8,Section B,2026-08-31,25,20,5,0.8,1
ENHS_SYN_0219,Grade 8,Section B,2026-09-07,25,14,11,0.56,1
ENHS_SYN_0219,Grade 8,Section B,2026-09-14,25,19,6,0.76,1
ENHS_SYN_0219,Grade 8,Section B,2026-09-21,25,19,6,0.76,1
ENHS_SYN_0219,Grade 8,Section B,2026-09-28,25,18,7,0.72,1
ENHS_SYN_0219,Grade 8,Section B,2026-10-05,25,17,8,0.68,1
ENHS_SYN_0219,Grade 8,Section B,2026-10-12,25,17,8,0.68,1
ENHS_SYN_0219,Grade 8,Section B,2026-10-19,25,24,1,0.96,1
ENHS_SYN_0220,Grade 8,Section B,2026-08-03,25,23,2,0.92,1
ENHS_SYN_0220,Grade 8,Section B,2026-08-10,25,21,4,0.84,1
ENHS_SYN_0220,Grade 8,Section B,2026-08-17,25,20,5,0.8,1
ENHS_SYN_0220,Grade 8,Section B,2026-08-24,25,21,4,0.84,1
ENHS_SYN_0220,Grade 8,Section B,2026-08-31,25,20,5,0.8,1
ENHS_SYN_0220,Grade 8,Section B,2026-09-07,25,23,2,0.92,1
ENHS_SYN_0220,Grade 8,Section B,2026-09-14,25,23,2,0.92,1
ENHS_SYN_0220,Grade 8,Section B,2026-09-21,25,18,7,0.72,1
ENHS_SYN_0220,Grade 8,Section B,2026-09-28,25,23,2,0.92,1
ENHS_SYN_0220,Grade 8,Section B,2026-10-05,25,23,2,0.92,1
ENHS_SYN_0220,Grade 8,Section B,2026-10-12,25,20,5,0.8,1
ENHS_SYN_0220,Grade 8,Section B,2026-10-19,25,20,5,0.8,1
ENHS_SYN_0221,Grade 8,Section B,2026-08-03,25,25,0,1.0,0
ENHS_SYN_0221,Grade 8,Section B,2026-08-10,25,24,1,0.96,1
ENHS_SYN_0221,Grade 8,Section B,2026-08-17,25,22,3,0.88,1
ENHS_SYN_0221,Grade 8,Section B,2026-08-24,25,24,1,0.96,1
ENHS_SYN_0221,Grade 8,Section B,2026-08-31,25,23,2,0.92,1
ENHS_SYN_0221,Grade 8,Section B,2026-09-07,25,22,3,0.88,1
ENHS_SYN_0221,Grade 8,Section B,2026-09-14,25,25,0,1.0,0
ENHS_SYN_0221,Grade 8,Section B,2026-09-21,25,20,5,0.8,1
ENHS_SYN_0221,Grade 8,Section B,2026-09-28,25,23,2,0.92,1
ENHS_SYN_0221,Grade 8,Section B,2026-10-05,25,23,2,0.92,1
ENHS_SYN_0221,Grade 8,Section B,2026-10-12,25,24,1,0.96,1
ENHS_SYN_0221,Grade 8,Section B,2026-10-19,25,22,3,0.88,1
ENHS_SYN_0222,Grade 8,Section B,2026-08-03,25,22,3,0.88,1
ENHS_SYN_0222,Grade 8,Section B,2026-08-10,24,17,7,0.7083,1
ENHS_SYN_0222,Grade 8,Section B,2026-08-17,25,22,3,0.88,1
ENHS_SYN_0222,Grade 8,Section B,2026-08-24,25,20,5,0.8,1
ENHS_SYN_0222,Grade 8,Section B,2026-08-31,25,23,2,0.92,1
ENHS_SYN_0222,Grade 8,Section B,2026-09-07,25,18,7,0.72,1
ENHS_SYN_0222,Grade 8,Section B,2026-09-14,25,20,5,0.8,1
ENHS_SYN_0222,Grade 8,Section B,2026-09-21,25,22,3,0.88,1
ENHS_SYN_0222,Grade 8,Section B,2026-09-28,25,19,6,0.76,1
ENHS_SYN_0222,Grade 8,Section B,2026-10-05,25,20,5,0.8,1
ENHS_SYN_0222,Grade 8,Section B,2026-10-12,25,23,2,0.92,1
ENHS_SYN_0222,Grade 8,Section B,2026-10-19,25,20,5,0.8,1
ENHS_SYN_0223,Grade 8,Section B,2026-08-03,25,23,2,0.92,1
ENHS_SYN_0223,Grade 8,Section B,2026-08-10,25,24,1,0.96,1
ENHS_SYN_0223,Grade 8,Section B,2026-08-17,25,25,0,1.0,0
ENHS_SYN_0223,Grade 8,Section B,2026-08-24,24,22,2,0.9167,1
ENHS_SYN_0223,Grade 8,Section B,2026-08-31,25,25,0,1.0,0
ENHS_SYN_0223,Grade 8,Section B,2026-09-07,24,23,1,0.9583,1
ENHS_SYN_0223,Grade 8,Section B,2026-09-14,25,25,0,1.0,0
ENHS_SYN_0223,Grade 8,Section B,2026-09-21,25,25,0,1.0,0
ENHS_SYN_0223,Grade 8,Section B,2026-09-28,25,24,1,0.96,1
ENHS_SYN_0223,Grade 8,Section B,2026-10-05,25,24,1,0.96,1
ENHS_SYN_0223,Grade 8,Section B,2026-10-12,25,24,1,0.96,1
ENHS_SYN_0223,Grade 8,Section B,2026-10-19,25,24,1,0.96,1
ENHS_SYN_0224,Grade 8,Section B,2026-08-03,25,22,3,0.88,1
ENHS_SYN_0224,Grade 8,Section B,2026-08-10,24,19,5,0.7917,1
ENHS_SYN_0224,Grade 8,Section B,2026-08-17,25,20,5,0.8,1
ENHS_SYN_0224,Grade 8,Section B,2026-08-24,25,19,6,0.76,1
ENHS_SYN_0224,Grade 8,Section B,2026-08-31,25,22,3,0.88,1
ENHS_SYN_0224,Grade 8,Section B,2026-09-07,25,19,6,0.76,1
ENHS_SYN_0224,Grade 8,Section B,2026-09-14,25,25,0,1.0,0
ENHS_SYN_0224,Grade 8,Section B,2026-09-21,25,22,3,0.88,1
ENHS_SYN_0224,Grade 8,Section B,2026-09-28,25,18,7,0.72,1
ENHS_SYN_0224,Grade 8,Section B,2026-10-05,25,18,7,0.72,1
ENHS_SYN_0224,Grade 8,Section B,2026-10-12,25,15,10,0.6,1
ENHS_SYN_0224,Grade 8,Section B,2026-10-19,24,18,6,0.75,1
ENHS_SYN_0225,Grade 8,Section B,2026-08-03,25,24,1,0.96,1
ENHS_SYN_0225,Grade 8,Section B,2026-08-10,25,23,2,0.92,1
ENHS_SYN_0225,Grade 8,Section B,2026-08-17,25,21,4,0.84,1
ENHS_SYN_0225,Grade 8,Section B,2026-08-24,25,22,3,0.88,1
ENHS_SYN_0225,Grade 8,Section B,2026-08-31,25,24,1,0.96,1
ENHS_SYN_0225,Grade 8,Section B,2026-09-07,25,21,4,0.84,1
ENHS_SYN_0225,Grade 8,Section B,2026-09-14,25,21,4,0.84,1
ENHS_SYN_0225,Grade 8,Section B,2026-09-21,25,21,4,0.84,1
ENHS_SYN_0225,Grade 8,Section B,2026-09-28,25,24,1,0.96,1
ENHS_SYN_0225,Grade 8,Section B,2026-10-05,25,21,4,0.84,1
ENHS_SYN_0225,Grade 8,Section B,2026-10-12,25,21,4,0.84,1
ENHS_SYN_0225,Grade 8,Section B,2026-10-19,25,22,3,0.88,1
ENHS_SYN_0226,Grade 8,Section B,2026-08-03,25,21,4,0.84,1
ENHS_SYN_0226,Grade 8,Section B,2026-08-10,25,23,2,0.92,1
ENHS_SYN_0226,Grade 8,Section B,2026-08-17,25,24,1,0.96,1
ENHS_SYN_0226,Grade 8,Section B,2026-08-24,25,22,3,0.88,1
ENHS_SYN_0226,Grade 8,Section B,2026-08-31,25,21,4,0.84,1
ENHS_SYN_0226,Grade 8,Section B,2026-09-07,25,23,2,0.92,1
ENHS_SYN_0226,Grade 8,Section B,2026-09-14,24,23,1,0.9583,1
ENHS_SYN_0226,Grade 8,Section B,2026-09-21,25,23,2,0.92,1
ENHS_SYN_0226,Grade 8,Section B,2026-09-28,25,24,1,0.96,1
ENHS_SYN_0226,Grade 8,Section B,2026-10-05,25,23,2,0.92,1
ENHS_SYN_0226,Grade 8,Section B,2026-10-12,25,25,0,1.0,0
ENHS_SYN_0226,Grade 8,Section B,2026-10-19,25,24,1,0.96,1
ENHS_SYN_0227,Grade 8,Section B,2026-08-03,25,16,9,0.64,1
ENHS_SYN_0227,Grade 8,Section B,2026-08-10,25,20,5,0.8,1
ENHS_SYN_0227,Grade 8,Section B,2026-08-17,25,16,9,0.64,1
ENHS_SYN_0227,Grade 8,Section B,2026-08-24,25,22,3,0.88,1
ENHS_SYN_0227,Grade 8,Section B,2026-08-31,25,18,7,0.72,1
ENHS_SYN_0227,Grade 8,Section B,2026-09-07,25,22,3,0.88,1
ENHS_SYN_0227,Grade 8,Section B,2026-09-14,25,23,2,0.92,1
ENHS_SYN_0227,Grade 8,Section B,2026-09-21,25,20,5,0.8,1
ENHS_SYN_0227,Grade 8,Section B,2026-09-28,25,15,10,0.6,1
ENHS_SYN_0227,Grade 8,Section B,2026-10-05,25,22,3,0.88,1
ENHS_SYN_0227,Grade 8,Section B,2026-10-12,25,19,6,0.76,1
ENHS_SYN_0227,Grade 8,Section B,2026-10-19,25,23,2,0.92,1
ENHS_SYN_0228,Grade 8,Section B,2026-08-03,25,23,2,0.92,1
ENHS_SYN_0228,Grade 8,Section B,2026-08-10,25,23,2,0.92,1
ENHS_SYN_0228,Grade 8,Section B,2026-08-17,25,17,8,0.68,1
ENHS_SYN_0228,Grade 8,Section B,2026-08-24,25,23,2,0.92,1
ENHS_SYN_0228,Grade 8,Section B,2026-08-31,25,22,3,0.88,1
ENHS_SYN_0228,Grade 8,Section B,2026-09-07,25,23,2,0.92,1
ENHS_SYN_0228,Grade 8,Section B,2026-09-14,25,22,3,0.88,1
ENHS_SYN_0228,Grade 8,Section B,2026-09-21,25,19,6,0.76,1
ENHS_SYN_0228,Grade 8,Section B,2026-09-28,25,25,0,1.0,0
ENHS_SYN_0228,Grade 8,Section B,2026-10-05,25,24,1,0.96,1
ENHS_SYN_0228,Grade 8,Section B,2026-10-12,25,24,1,0.96,1
ENHS_SYN_0228,Grade 8,Section B,2026-10-19,25,22,3,0.88,1
ENHS_SYN_0229,Grade 8,Section B,2026-08-03,25,18,7,0.72,1
ENHS_SYN_0229,Grade 8,Section B,2026-08-10,25,22,3,0.88,1
ENHS_SYN_0229,Grade 8,Section B,2026-08-17,25,21,4,0.84,1
ENHS_SYN_0229,Grade 8,Section B,2026-08-24,24,23,1,0.9583,1
ENHS_SYN_0229,Grade 8,Section B,2026-08-31,25,20,5,0.8,1
ENHS_SYN_0229,Grade 8,Section B,2026-09-07,25,21,4,0.84,1
ENHS_SYN_0229,Grade 8,Section B,2026-09-14,25,24,1,0.96,1
ENHS_SYN_0229,Grade 8,Section B,2026-09-21,25,23,2,0.92,1
ENHS_SYN_0229,Grade 8,Section B,2026-09-28,25,22,3,0.88,1
ENHS_SYN_0229,Grade 8,Section B,2026-10-05,25,22,3,0.88,1
ENHS_SYN_0229,Grade 8,Section B,2026-10-12,25,24,1,0.96,1
ENHS_SYN_0229,Grade 8,Section B,2026-10-19,25,23,2,0.92,1
ENHS_SYN_0230,Grade 8,Section B,2026-08-03,25,16,9,0.64,1
ENHS_SYN_0230,Grade 8,Section B,2026-08-10,25,18,7,0.72,1
ENHS_SYN_0230,Grade 8,Section B,2026-08-17,25,21,4,0.84,1
ENHS_SYN_0230,Grade 8,Section B,2026-08-24,25,22,3,0.88,1
ENHS_SYN_0230,Grade 8,Section B,2026-08-31,25,21,4,0.84,1
ENHS_SYN_0230,Grade 8,Section B,2026-09-07,25,17,8,0.68,1
ENHS_SYN_0230,Grade 8,Section B,2026-09-14,25,17,8,0.68,1
ENHS_SYN_0230,Grade 8,Section B,2026-09-21,25,17,8,0.68,1
ENHS_SYN_0230,Grade 8,Section B,2026-09-28,25,20,5,0.8,1
ENHS_SYN_0230,Grade 8,Section B,2026-10-05,25,16,9,0.64,1
ENHS_SYN_0230,Grade 8,Section B,2026-10-12,25,22,3,0.88,1
ENHS_SYN_0230,Grade 8,Section B,2026-10-19,25,15,10,0.6,1
ENHS_SYN_0231,Grade 8,Section B,2026-08-03,25,25,0,1.0,0
ENHS_SYN_0231,Grade 8,Section B,2026-08-10,25,20,5,0.8,1
ENHS_SYN_0231,Grade 8,Section B,2026-08-17,25,23,2,0.92,1
ENHS_SYN_0231,Grade 8,Section B,2026-08-24,25,23,2,0.92,1
ENHS_SYN_0231,Grade 8,Section B,2026-08-31,25,21,4,0.84,1
ENHS_SYN_0231,Grade 8,Section B,2026-09-07,25,23,2,0.92,1
ENHS_SYN_0231,Grade 8,Section B,2026-09-14,24,22,2,0.9167,1
ENHS_SYN_0231,Grade 8,Section B,2026-09-21,25,20,5,0.8,1
ENHS_SYN_0231,Grade 8,Section B,2026-09-28,25,20,5,0.8,1
ENHS_SYN_0231,Grade 8,Section B,2026-10-05,25,20,5,0.8,1
ENHS_SYN_0231,Grade 8,Section B,2026-10-12,25,18,7,0.72,1
ENHS_SYN_0231,Grade 8,Section B,2026-10-19,25,21,4,0.84,1
ENHS_SYN_0232,Grade 8,Section B,2026-08-03,25,23,2,0.92,1
ENHS_SYN_0232,Grade 8,Section B,2026-08-10,25,25,0,1.0,0
ENHS_SYN_0232,Grade 8,Section B,2026-08-17,25,25,0,1.0,0
ENHS_SYN_0232,Grade 8,Section B,2026-08-24,25,21,4,0.84,1
ENHS_SYN_0232,Grade 8,Section B,2026-08-31,25,24,1,0.96,1
ENHS_SYN_0232,Grade 8,Section B,2026-09-07,25,21,4,0.84,1
ENHS_SYN_0232,Grade 8,Section B,2026-09-14,25,24,1,0.96,1
ENHS_SYN_0232,Grade 8,Section B,2026-09-21,25,23,2,0.92,1
ENHS_SYN_0232,Grade 8,Section B,2026-09-28,25,23,2,0.92,1
ENHS_SYN_0232,Grade 8,Section B,2026-10-05,24,22,2,0.9167,1
ENHS_SYN_0232,Grade 8,Section B,2026-10-12,25,24,1,0.96,1
ENHS_SYN_0232,Grade 8,Section B,2026-10-19,25,25,0,1.0,0
ENHS_SYN_0233,Grade 8,Section B,2026-08-03,25,20,5,0.8,1
ENHS_SYN_0233,Grade 8,Section B,2026-08-10,25,21,4,0.84,1
ENHS_SYN_0233,Grade 8,Section B,2026-08-17,25,23,2,0.92,1
ENHS_SYN_0233,Grade 8,Section B,2026-08-24,24,21,3,0.875,1
ENHS_SYN_0233,Grade 8,Section B,2026-08-31,25,21,4,0.84,1
ENHS_SYN_0233,Grade 8,Section B,2026-09-07,25,22,3,0.88,1
ENHS_SYN_0233,Grade 8,Section B,2026-09-14,25,23,2,0.92,1
ENHS_SYN_0233,Grade 8,Section B,2026-09-21,25,24,1,0.96,1
ENHS_SYN_0233,Grade 8,Section B,2026-09-28,25,18,7,0.72,1
ENHS_SYN_0233,Grade 8,Section B,2026-10-05,25,24,1,0.96,1
ENHS_SYN_0233,Grade 8,Section B,2026-10-12,25,23,2,0.92,1
ENHS_SYN_0233,Grade 8,Section B,2026-10-19,25,23,2,0.92,1
ENHS_SYN_0234,Grade 8,Section B,2026-08-03,25,17,8,0.68,1
ENHS_SYN_0234,Grade 8,Section B,2026-08-10,25,23,2,0.92,1
ENHS_SYN_0234,Grade 8,Section B,2026-08-17,24,15,9,0.625,1
ENHS_SYN_0234,Grade 8,Section B,2026-08-24,25,23,2,0.92,1
ENHS_SYN_0234,Grade 8,Section B,2026-08-31,25,20,5,0.8,1
ENHS_SYN_0234,Grade 8,Section B,2026-09-07,25,19,6,0.76,1
ENHS_SYN_0234,Grade 8,Section B,2026-09-14,25,16,9,0.64,1
ENHS_SYN_0234,Grade 8,Section B,2026-09-21,25,19,6,0.76,1
ENHS_SYN_0234,Grade 8,Section B,2026-09-28,24,20,4,0.8333,1
ENHS_SYN_0234,Grade 8,Section B,2026-10-05,25,18,7,0.72,1
ENHS_SYN_0234,Grade 8,Section B,2026-10-12,25,17,8,0.68,1
ENHS_SYN_0234,Grade 8,Section B,2026-10-19,25,22,3,0.88,1
ENHS_SYN_0235,Grade 8,Section B,2026-08-03,25,24,1,0.96,1
ENHS_SYN_0235,Grade 8,Section B,2026-08-10,25,23,2,0.92,1
ENHS_SYN_0235,Grade 8,Section B,2026-08-17,25,21,4,0.84,1
ENHS_SYN_0235,Grade 8,Section B,2026-08-24,25,21,4,0.84,1
ENHS_SYN_0235,Grade 8,Section B,2026-08-31,25,21,4,0.84,1
ENHS_SYN_0235,Grade 8,Section B,2026-09-07,25,19,6,0.76,1
ENHS_SYN_0235,Grade 8,Section B,2026-09-14,25,19,6,0.76,1
ENHS_SYN_0235,Grade 8,Section B,2026-09-21,25,21,4,0.84,1
ENHS_SYN_0235,Grade 8,Section B,2026-09-28,25,22,3,0.88,1
ENHS_SYN_0235,Grade 8,Section B,2026-10-05,25,22,3,0.88,1
ENHS_SYN_0235,Grade 8,Section B,2026-10-12,25,23,2,0.92,1
ENHS_SYN_0235,Grade 8,Section B,2026-10-19,25,20,5,0.8,1
ENHS_SYN_0236,Grade 8,Section B,2026-08-03,25,23,2,0.92,1
ENHS_SYN_0236,Grade 8,Section B,2026-08-10,25,24,1,0.96,1
ENHS_SYN_0236,Grade 8,Section B,2026-08-17,25,24,1,0.96,1
ENHS_SYN_0236,Grade 8,Section B,2026-08-24,25,22,3,0.88,1
ENHS_SYN_0236,Grade 8,Section B,2026-08-31,25,22,3,0.88,1
ENHS_SYN_0236,Grade 8,Section B,2026-09-07,25,22,3,0.88,1
ENHS_SYN_0236,Grade 8,Section B,2026-09-14,25,23,2,0.92,1
ENHS_SYN_0236,Grade 8,Section B,2026-09-21,25,24,1,0.96,1
ENHS_SYN_0236,Grade 8,Section B,2026-09-28,25,24,1,0.96,1
ENHS_SYN_0236,Grade 8,Section B,2026-10-05,25,24,1,0.96,1
ENHS_SYN_0236,Grade 8,Section B,2026-10-12,25,23,2,0.92,1
ENHS_SYN_0236,Grade 8,Section B,2026-10-19,25,24,1,0.96,1
ENHS_SYN_0237,Grade 8,Section B,2026-08-03,25,22,3,0.88,1
ENHS_SYN_0237,Grade 8,Section B,2026-08-10,25,24,1,0.96,1
ENHS_SYN_0237,Grade 8,Section B,2026-08-17,25,22,3,0.88,1
ENHS_SYN_0237,Grade 8,Section B,2026-08-24,25,22,3,0.88,1
ENHS_SYN_0237,Grade 8,Section B,2026-08-31,25,20,5,0.8,1
ENHS_SYN_0237,Grade 8,Section B,2026-09-07,25,21,4,0.84,1
ENHS_SYN_0237,Grade 8,Section B,2026-09-14,25,22,3,0.88,1
ENHS_SYN_0237,Grade 8,Section B,2026-09-21,25,21,4,0.84,1
ENHS_SYN_0237,Grade 8,Section B,2026-09-28,25,21,4,0.84,1
ENHS_SYN_0237,Grade 8,Section B,2026-10-05,25,23,2,0.92,1
ENHS_SYN_0237,Grade 8,Section B,2026-10-12,25,23,2,0.92,1
ENHS_SYN_0237,Grade 8,Section B,2026-10-19,25,23,2,0.92,1
ENHS_SYN_0238,Grade 8,Section B,2026-08-03,25,20,5,0.8,1
ENHS_SYN_0238,Grade 8,Section B,2026-08-10,25,20,5,0.8,1
ENHS_SYN_0238,Grade 8,Section B,2026-08-17,25,17,8,0.68,1
ENHS_SYN_0238,Grade 8,Section B,2026-08-24,25,19,6,0.76,1
ENHS_SYN_0238,Grade 8,Section B,2026-08-31,25,19,6,0.76,1
ENHS_SYN_0238,Grade 8,Section B,2026-09-07,25,15,10,0.6,1
ENHS_SYN_0238,Grade 8,Section B,2026-09-14,25,18,7,0.72,1
ENHS_SYN_0238,Grade 8,Section B,2026-09-21,25,18,7,0.72,1
ENHS_SYN_0238,Grade 8,Section B,2026-09-28,25,21,4,0.84,1
ENHS_SYN_0238,Grade 8,Section B,2026-10-05,25,15,10,0.6,1
ENHS_SYN_0238,Grade 8,Section B,2026-10-12,25,21,4,0.84,1
ENHS_SYN_0238,Grade 8,Section B,2026-10-19,25,21,4,0.84,1
ENHS_SYN_0239,Grade 8,Section B,2026-08-03,25,20,5,0.8,1
ENHS_SYN_0239,Grade 8,Section B,2026-08-10,25,18,7,0.72,1
ENHS_SYN_0239,Grade 8,Section B,2026-08-17,25,17,8,0.68,1
ENHS_SYN_0239,Grade 8,Section B,2026-08-24,25,17,8,0.68,1
ENHS_SYN_0239,Grade 8,Section B,2026-08-31,25,16,9,0.64,1
ENHS_SYN_0239,Grade 8,Section B,2026-09-07,24,20,4,0.8333,1
ENHS_SYN_0239,Grade 8,Section B,2026-09-14,25,20,5,0.8,1
ENHS_SYN_0239,Grade 8,Section B,2026-09-21,25,19,6,0.76,1
ENHS_SYN_0239,Grade 8,Section B,2026-09-28,25,20,5,0.8,1
ENHS_SYN_0239,Grade 8,Section B,2026-10-05,25,21,4,0.84,1
ENHS_SYN_0239,Grade 8,Section B,2026-10-12,25,20,5,0.8,1
ENHS_SYN_0239,Grade 8,Section B,2026-10-19,25,21,4,0.84,1
ENHS_SYN_0240,Grade 8,Section B,2026-08-03,25,24,1,0.96,1
ENHS_SYN_0240,Grade 8,Section B,2026-08-10,25,25,0,1.0,0
ENHS_SYN_0240,Grade 8,Section B,2026-08-17,25,23,2,0.92,1
ENHS_SYN_0240,Grade 8,Section B,2026-08-24,25,24,1,0.96,1
ENHS_SYN_0240,Grade 8,Section B,2026-08-31,25,25,0,1.0,0
ENHS_SYN_0240,Grade 8,Section B,2026-09-07,25,21,4,0.84,1
ENHS_SYN_0240,Grade 8,Section B,2026-09-14,25,23,2,0.92,1
ENHS_SYN_0240,Grade 8,Section B,2026-09-21,25,25,0,1.0,0
ENHS_SYN_0240,Grade 8,Section B,2026-09-28,25,23,2,0.92,1
ENHS_SYN_0240,Grade 8,Section B,2026-10-05,25,24,1,0.96,1
ENHS_SYN_0240,Grade 8,Section B,2026-10-12,25,22,3,0.88,1
ENHS_SYN_0240,Grade 8,Section B,2026-10-19,25,23,2,0.92,1
ENHS_SYN_0241,Grade 8,Section B,2026-08-03,25,22,3,0.88,1
ENHS_SYN_0241,Grade 8,Section B,2026-08-10,25,24,1,0.96,1
ENHS_SYN_0241,Grade 8,Section B,2026-08-17,25,22,3,0.88,1
ENHS_SYN_0241,Grade 8,Section B,2026-08-24,25,23,2,0.92,1
ENHS_SYN_0241,Grade 8,Section B,2026-08-31,25,25,0,1.0,0
ENHS_SYN_0241,Grade 8,Section B,2026-09-07,25,23,2,0.92,1
ENHS_SYN_0241,Grade 8,Section B,2026-09-14,25,22,3,0.88,1
ENHS_SYN_0241,Grade 8,Section B,2026-09-21,25,24,1,0.96,1
ENHS_SYN_0241,Grade 8,Section B,2026-09-28,25,23,2,0.92,1
ENHS_SYN_0241,Grade 8,Section B,2026-10-05,25,24,1,0.96,1
ENHS_SYN_0241,Grade 8,Section B,2026-10-12,25,24,1,0.96,1
ENHS_SYN_0241,Grade 8,Section B,2026-10-19,25,24,1,0.96,1
ENHS_SYN_0242,Grade 8,Section B,2026-08-03,25,21,4,0.84,1
ENHS_SYN_0242,Grade 8,Section B,2026-08-10,25,22,3,0.88,1
ENHS_SYN_0242,Grade 8,Section B,2026-08-17,25,23,2,0.92,1
ENHS_SYN_0242,Grade 8,Section B,2026-08-24,25,20,5,0.8,1
ENHS_SYN_0242,Grade 8,Section B,2026-08-31,25,21,4,0.84,1
ENHS_SYN_0242,Grade 8,Section B,2026-09-07,25,21,4,0.84,1
ENHS_SYN_0242,Grade 8,Section B,2026-09-14,25,19,6,0.76,1
ENHS_SYN_0242,Grade 8,Section B,2026-09-21,24,21,3,0.875,1
ENHS_SYN_0242,Grade 8,Section B,2026-09-28,25,21,4,0.84,1
ENHS_SYN_0242,Grade 8,Section B,2026-10-05,25,21,4,0.84,1
ENHS_SYN_0242,Grade 8,Section B,2026-10-12,25,24,1,0.96,1
ENHS_SYN_0242,Grade 8,Section B,2026-10-19,25,19,6,0.76,1
ENHS_SYN_0243,Grade 8,Section B,2026-08-03,25,24,1,0.96,1
ENHS_SYN_0243,Grade 8,Section B,2026-08-10,25,23,2,0.92,1
ENHS_SYN_0243,Grade 8,Section B,2026-08-17,24,24,0,1.0,0
ENHS_SYN_0243,Grade 8,Section B,2026-08-24,25,22,3,0.88,1
ENHS_SYN_0243,Grade 8,Section B,2026-08-31,25,24,1,0.96,1
ENHS_SYN_0243,Grade 8,Section B,2026-09-07,25,22,3,0.88,1
ENHS_SYN_0243,Grade 8,Section B,2026-09-14,25,22,3,0.88,1
ENHS_SYN_0243,Grade 8,Section B,2026-09-21,25,24,1,0.96,1
ENHS_SYN_0243,Grade 8,Section B,2026-09-28,25,23,2,0.92,1
ENHS_SYN_0243,Grade 8,Section B,2026-10-05,25,25,0,1.0,0
ENHS_SYN_0243,Grade 8,Section B,2026-10-12,25,22,3,0.88,1
ENHS_SYN_0243,Grade 8,Section B,2026-10-19,25,22,3,0.88,1
ENHS_SYN_0244,Grade 8,Section B,2026-08-03,25,21,4,0.84,1
ENHS_SYN_0244,Grade 8,Section B,2026-08-10,25,24,1,0.96,1
ENHS_SYN_0244,Grade 8,Section B,2026-08-17,25,23,2,0.92,1
ENHS_SYN_0244,Grade 8,Section B,2026-08-24,25,22,3,0.88,1
ENHS_SYN_0244,Grade 8,Section B,2026-08-31,25,21,4,0.84,1
ENHS_SYN_0244,Grade 8,Section B,2026-09-07,25,25,0,1.0,0
ENHS_SYN_0244,Grade 8,Section B,2026-09-14,25,24,1,0.96,1
ENHS_SYN_0244,Grade 8,Section B,2026-09-21,25,21,4,0.84,1
ENHS_SYN_0244,Grade 8,Section B,2026-09-28,25,25,0,1.0,0
ENHS_SYN_0244,Grade 8,Section B,2026-10-05,25,24,1,0.96,1
ENHS_SYN_0244,Grade 8,Section B,2026-10-12,25,22,3,0.88,1
ENHS_SYN_0244,Grade 8,Section B,2026-10-19,25,23,2,0.92,1
ENHS_SYN_0245,Grade 8,Section B,2026-08-03,25,21,4,0.84,1
ENHS_SYN_0245,Grade 8,Section B,2026-08-10,25,18,7,0.72,1
ENHS_SYN_0245,Grade 8,Section B,2026-08-17,25,24,1,0.96,1
ENHS_SYN_0245,Grade 8,Section B,2026-08-24,25,23,2,0.92,1
ENHS_SYN_0245,Grade 8,Section B,2026-08-31,25,22,3,0.88,1
ENHS_SYN_0245,Grade 8,Section B,2026-09-07,25,21,4,0.84,1
ENHS_SYN_0245,Grade 8,Section B,2026-09-14,25,19,6,0.76,1
ENHS_SYN_0245,Grade 8,Section B,2026-09-21,25,22,3,0.88,1
ENHS_SYN_0245,Grade 8,Section B,2026-09-28,25,21,4,0.84,1
ENHS_SYN_0245,Grade 8,Section B,2026-10-05,25,23,2,0.92,1
ENHS_SYN_0245,Grade 8,Section B,2026-10-12,25,24,1,0.96,1
ENHS_SYN_0245,Grade 8,Section B,2026-10-19,25,22,3,0.88,1
ENHS_SYN_0246,Grade 8,Section B,2026-08-03,24,20,4,0.8333,1
ENHS_SYN_0246,Grade 8,Section B,2026-08-10,25,23,2,0.92,1
ENHS_SYN_0246,Grade 8,Section B,2026-08-17,25,21,4,0.84,1
ENHS_SYN_0246,Grade 8,Section B,2026-08-24,25,24,1,0.96,1
ENHS_SYN_0246,Grade 8,Section B,2026-08-31,24,21,3,0.875,1
ENHS_SYN_0246,Grade 8,Section B,2026-09-07,25,23,2,0.92,1
ENHS_SYN_0246,Grade 8,Section B,2026-09-14,25,22,3,0.88,1
ENHS_SYN_0246,Grade 8,Section B,2026-09-21,24,20,4,0.8333,1
ENHS_SYN_0246,Grade 8,Section B,2026-09-28,25,24,1,0.96,1
ENHS_SYN_0246,Grade 8,Section B,2026-10-05,25,23,2,0.92,1
ENHS_SYN_0246,Grade 8,Section B,2026-10-12,25,23,2,0.92,1
ENHS_SYN_0246,Grade 8,Section B,2026-10-19,25,24,1,0.96,1
ENHS_SYN_0247,Grade 8,Section B,2026-08-03,25,20,5,0.8,1
ENHS_SYN_0247,Grade 8,Section B,2026-08-10,25,24,1,0.96,1
ENHS_SYN_0247,Grade 8,Section B,2026-08-17,25,21,4,0.84,1
ENHS_SYN_0247,Grade 8,Section B,2026-08-24,25,22,3,0.88,1
ENHS_SYN_0247,Grade 8,Section B,2026-08-31,25,21,4,0.84,1
ENHS_SYN_0247,Grade 8,Section B,2026-09-07,25,22,3,0.88,1
ENHS_SYN_0247,Grade 8,Section B,2026-09-14,25,20,5,0.8,1
ENHS_SYN_0247,Grade 8,Section B,2026-09-21,25,22,3,0.88,1
ENHS_SYN_0247,Grade 8,Section B,2026-09-28,25,22,3,0.88,1
ENHS_SYN_0247,Grade 8,Section B,2026-10-05,25,22,3,0.88,1
ENHS_SYN_0247,Grade 8,Section B,2026-10-12,25,24,1,0.96,1
ENHS_SYN_0247,Grade 8,Section B,2026-10-19,24,20,4,0.8333,1
ENHS_SYN_0248,Grade 8,Section B,2026-08-03,25,22,3,0.88,1
ENHS_SYN_0248,Grade 8,Section B,2026-08-10,25,18,7,0.72,1
ENHS_SYN_0248,Grade 8,Section B,2026-08-17,25,21,4,0.84,1
ENHS_SYN_0248,Grade 8,Section B,2026-08-24,25,21,4,0.84,1
ENHS_SYN_0248,Grade 8,Section B,2026-08-31,25,22,3,0.88,1
ENHS_SYN_0248,Grade 8,Section B,2026-09-07,25,21,4,0.84,1
ENHS_SYN_0248,Grade 8,Section B,2026-09-14,25,23,2,0.92,1
ENHS_SYN_0248,Grade 8,Section B,2026-09-21,25,18,7,0.72,1
ENHS_SYN_0248,Grade 8,Section B,2026-09-28,25,15,10,0.6,1
ENHS_SYN_0248,Grade 8,Section B,2026-10-05,25,22,3,0.88,1
ENHS_SYN_0248,Grade 8,Section B,2026-10-12,25,20,5,0.8,1
ENHS_SYN_0248,Grade 8,Section B,2026-10-19,25,15,10,0.6,1
ENHS_SYN_0249,Grade 8,Section B,2026-08-03,25,23,2,0.92,1
ENHS_SYN_0249,Grade 8,Section B,2026-08-10,25,24,1,0.96,1
ENHS_SYN_0249,Grade 8,Section B,2026-08-17,25,24,1,0.96,1
ENHS_SYN_0249,Grade 8,Section B,2026-08-24,25,22,3,0.88,1
ENHS_SYN_0249,Grade 8,Section B,2026-08-31,25,23,2,0.92,1
ENHS_SYN_0249,Grade 8,Section B,2026-09-07,25,23,2,0.92,1
ENHS_SYN_0249,Grade 8,Section B,2026-09-14,25,25,0,1.0,0
ENHS_SYN_0249,Grade 8,Section B,2026-09-21,25,24,1,0.96,1
ENHS_SYN_0249,Grade 8,Section B,2026-09-28,25,24,1,0.96,1
ENHS_SYN_0249,Grade 8,Section B,2026-10-05,25,22,3,0.88,1
ENHS_SYN_0249,Grade 8,Section B,2026-10-12,25,25,0,1.0,0
ENHS_SYN_0249,Grade 8,Section B,2026-10-19,25,25,0,1.0,0
ENHS_SYN_0250,Grade 8,Section B,2026-08-03,25,22,3,0.88,1
ENHS_SYN_0250,Grade 8,Section B,2026-08-10,25,25,0,1.0,0
ENHS_SYN_0250,Grade 8,Section B,2026-08-17,25,24,1,0.96,1
ENHS_SYN_0250,Grade 8,Section B,2026-08-24,25,22,3,0.88,1
ENHS_SYN_0250,Grade 8,Section B,2026-08-31,25,23,2,0.92,1
ENHS_SYN_0250,Grade 8,Section B,2026-09-07,25,23,2,0.92,1
ENHS_SYN_0250,Grade 8,Section B,2026-09-14,25,24,1,0.96,1
ENHS_SYN_0250,Grade 8,Section B,2026-09-21,25,24,1,0.96,1
ENHS_SYN_0250,Grade 8,Section B,2026-09-28,25,24,1,0.96,1
ENHS_SYN_0250,Grade 8,Section B,2026-10-05,25,23,2,0.92,1
ENHS_SYN_0250,Grade 8,Section B,2026-10-12,25,25,0,1.0,0
ENHS_SYN_0250,Grade 8,Section B,2026-10-19,25,24,1,0.96,1
ENHS_SYN_0251,Grade 8,Section C,2026-08-03,25,22,3,0.88,1
ENHS_SYN_0251,Grade 8,Section C,2026-08-10,25,23,2,0.92,1
ENHS_SYN_0251,Grade 8,Section C,2026-08-17,25,21,4,0.84,1
ENHS_SYN_0251,Grade 8,Section C,2026-08-24,25,25,0,1.0,0
ENHS_SYN_0251,Grade 8,Section C,2026-08-31,24,24,0,1.0,0
ENHS_SYN_0251,Grade 8,Section C,2026-09-07,24,21,3,0.875,1
ENHS_SYN_0251,Grade 8,Section C,2026-09-14,25,24,1,0.96,1
ENHS_SYN_0251,Grade 8,Section C,2026-09-21,25,23,2,0.92,1
ENHS_SYN_0251,Grade 8,Section C,2026-09-28,25,22,3,0.88,1
ENHS_SYN_0251,Grade 8,Section C,2026-10-05,25,25,0,1.0,0
ENHS_SYN_0251,Grade 8,Section C,2026-10-12,25,24,1,0.96,1
ENHS_SYN_0251,Grade 8,Section C,2026-10-19,25,25,0,1.0,0
ENHS_SYN_0252,Grade 8,Section C,2026-08-03,25,21,4,0.84,1
ENHS_SYN_0252,Grade 8,Section C,2026-08-10,25,21,4,0.84,1
ENHS_SYN_0252,Grade 8,Section C,2026-08-17,25,23,2,0.92,1
ENHS_SYN_0252,Grade 8,Section C,2026-08-24,25,25,0,1.0,0
ENHS_SYN_0252,Grade 8,Section C,2026-08-31,25,22,3,0.88,1
ENHS_SYN_0252,Grade 8,Section C,2026-09-07,25,20,5,0.8,1
ENHS_SYN_0252,Grade 8,Section C,2026-09-14,25,21,4,0.84,1
ENHS_SYN_0252,Grade 8,Section C,2026-09-21,25,24,1,0.96,1
ENHS_SYN_0252,Grade 8,Section C,2026-09-28,24,20,4,0.8333,1
ENHS_SYN_0252,Grade 8,Section C,2026-10-05,25,22,3,0.88,1
ENHS_SYN_0252,Grade 8,Section C,2026-10-12,25,22,3,0.88,1
ENHS_SYN_0252,Grade 8,Section C,2026-10-19,25,21,4,0.84,1
ENHS_SYN_0253,Grade 8,Section C,2026-08-03,25,24,1,0.96,1
ENHS_SYN_0253,Grade 8,Section C,2026-08-10,25,22,3,0.88,1
ENHS_SYN_0253,Grade 8,Section C,2026-08-17,25,24,1,0.96,1
ENHS_SYN_0253,Grade 8,Section C,2026-08-24,25,23,2,0.92,1
ENHS_SYN_0253,Grade 8,Section C,2026-08-31,25,23,2,0.92,1
ENHS_SYN_0253,Grade 8,Section C,2026-09-07,25,25,0,1.0,0
ENHS_SYN_0253,Grade 8,Section C,2026-09-14,24,20,4,0.8333,1
ENHS_SYN_0253,Grade 8,Section C,2026-09-21,25,24,1,0.96,1
ENHS_SYN_0253,Grade 8,Section C,2026-09-28,25,25,0,1.0,0
ENHS_SYN_0253,Grade 8,Section C,2026-10-05,25,24,1,0.96,1
ENHS_SYN_0253,Grade 8,Section C,2026-10-12,25,25,0,1.0,0
ENHS_SYN_0253,Grade 8,Section C,2026-10-19,25,22,3,0.88,1
ENHS_SYN_0254,Grade 8,Section C,2026-08-03,25,21,4,0.84,1
ENHS_SYN_0254,Grade 8,Section C,2026-08-10,25,22,3,0.88,1
ENHS_SYN_0254,Grade 8,Section C,2026-08-17,25,21,4,0.84,1
ENHS_SYN_0254,Grade 8,Section C,2026-08-24,25,17,8,0.68,1
ENHS_SYN_0254,Grade 8,Section C,2026-08-31,25,23,2,0.92,1
ENHS_SYN_0254,Grade 8,Section C,2026-09-07,25,22,3,0.88,1
ENHS_SYN_0254,Grade 8,Section C,2026-09-14,25,24,1,0.96,1
ENHS_SYN_0254,Grade 8,Section C,2026-09-21,25,23,2,0.92,1
ENHS_SYN_0254,Grade 8,Section C,2026-09-28,25,23,2,0.92,1
ENHS_SYN_0254,Grade 8,Section C,2026-10-05,25,22,3,0.88,1
ENHS_SYN_0254,Grade 8,Section C,2026-10-12,25,21,4,0.84,1
ENHS_SYN_0254,Grade 8,Section C,2026-10-19,25,24,1,0.96,1
ENHS_SYN_0255,Grade 8,Section C,2026-08-03,25,18,7,0.72,1
ENHS_SYN_0255,Grade 8,Section C,2026-08-10,25,22,3,0.88,1
ENHS_SYN_0255,Grade 8,Section C,2026-08-17,25,17,8,0.68,1
ENHS_SYN_0255,Grade 8,Section C,2026-08-24,25,22,3,0.88,1
ENHS_SYN_0255,Grade 8,Section C,2026-08-31,25,15,10,0.6,1
ENHS_SYN_0255,Grade 8,Section C,2026-09-07,25,21,4,0.84,1
ENHS_SYN_0255,Grade 8,Section C,2026-09-14,25,17,8,0.68,1
ENHS_SYN_0255,Grade 8,Section C,2026-09-21,25,18,7,0.72,1
ENHS_SYN_0255,Grade 8,Section C,2026-09-28,25,23,2,0.92,1
ENHS_SYN_0255,Grade 8,Section C,2026-10-05,25,18,7,0.72,1
ENHS_SYN_0255,Grade 8,Section C,2026-10-12,25,21,4,0.84,1
ENHS_SYN_0255,Grade 8,Section C,2026-10-19,25,18,7,0.72,1
ENHS_SYN_0256,Grade 8,Section C,2026-08-03,25,21,4,0.84,1
ENHS_SYN_0256,Grade 8,Section C,2026-08-10,25,22,3,0.88,1
ENHS_SYN_0256,Grade 8,Section C,2026-08-17,25,22,3,0.88,1
ENHS_SYN_0256,Grade 8,Section C,2026-08-24,25,19,6,0.76,1
ENHS_SYN_0256,Grade 8,Section C,2026-08-31,25,24,1,0.96,1
ENHS_SYN_0256,Grade 8,Section C,2026-09-07,25,21,4,0.84,1
ENHS_SYN_0256,Grade 8,Section C,2026-09-14,25,20,5,0.8,1
ENHS_SYN_0256,Grade 8,Section C,2026-09-21,25,24,1,0.96,1
ENHS_SYN_0256,Grade 8,Section C,2026-09-28,25,21,4,0.84,1
ENHS_SYN_0256,Grade 8,Section C,2026-10-05,25,21,4,0.84,1
ENHS_SYN_0256,Grade 8,Section C,2026-10-12,25,18,7,0.72,1
ENHS_SYN_0256,Grade 8,Section C,2026-10-19,25,23,2,0.92,1
ENHS_SYN_0257,Grade 8,Section C,2026-08-03,25,22,3,0.88,1
ENHS_SYN_0257,Grade 8,Section C,2026-08-10,25,18,7,0.72,1
ENHS_SYN_0257,Grade 8,Section C,2026-08-17,25,17,8,0.68,1
ENHS_SYN_0257,Grade 8,Section C,2026-08-24,25,20,5,0.8,1
ENHS_SYN_0257,Grade 8,Section C,2026-08-31,25,20,5,0.8,1
ENHS_SYN_0257,Grade 8,Section C,2026-09-07,25,20,5,0.8,1
ENHS_SYN_0257,Grade 8,Section C,2026-09-14,25,15,10,0.6,1
ENHS_SYN_0257,Grade 8,Section C,2026-09-21,25,19,6,0.76,1
ENHS_SYN_0257,Grade 8,Section C,2026-09-28,25,19,6,0.76,1
ENHS_SYN_0257,Grade 8,Section C,2026-10-05,25,19,6,0.76,1
ENHS_SYN_0257,Grade 8,Section C,2026-10-12,25,21,4,0.84,1
ENHS_SYN_0257,Grade 8,Section C,2026-10-19,25,22,3,0.88,1
ENHS_SYN_0258,Grade 8,Section C,2026-08-03,25,21,4,0.84,1
ENHS_SYN_0258,Grade 8,Section C,2026-08-10,25,20,5,0.8,1
ENHS_SYN_0258,Grade 8,Section C,2026-08-17,25,21,4,0.84,1
ENHS_SYN_0258,Grade 8,Section C,2026-08-24,25,22,3,0.88,1
ENHS_SYN_0258,Grade 8,Section C,2026-08-31,25,20,5,0.8,1
ENHS_SYN_0258,Grade 8,Section C,2026-09-07,25,25,0,1.0,0
ENHS_SYN_0258,Grade 8,Section C,2026-09-14,25,21,4,0.84,1
ENHS_SYN_0258,Grade 8,Section C,2026-09-21,25,19,6,0.76,1
ENHS_SYN_0258,Grade 8,Section C,2026-09-28,25,21,4,0.84,1
ENHS_SYN_0258,Grade 8,Section C,2026-10-05,25,19,6,0.76,1
ENHS_SYN_0258,Grade 8,Section C,2026-10-12,25,21,4,0.84,1
ENHS_SYN_0258,Grade 8,Section C,2026-10-19,25,18,7,0.72,1
ENHS_SYN_0259,Grade 8,Section C,2026-08-03,25,22,3,0.88,1
ENHS_SYN_0259,Grade 8,Section C,2026-08-10,25,23,2,0.92,1
ENHS_SYN_0259,Grade 8,Section C,2026-08-17,25,24,1,0.96,1
ENHS_SYN_0259,Grade 8,Section C,2026-08-24,25,23,2,0.92,1
ENHS_SYN_0259,Grade 8,Section C,2026-08-31,25,23,2,0.92,1
ENHS_SYN_0259,Grade 8,Section C,2026-09-07,25,25,0,1.0,0
ENHS_SYN_0259,Grade 8,Section C,2026-09-14,25,24,1,0.96,1
ENHS_SYN_0259,Grade 8,Section C,2026-09-21,25,24,1,0.96,1
ENHS_SYN_0259,Grade 8,Section C,2026-09-28,24,23,1,0.9583,1
ENHS_SYN_0259,Grade 8,Section C,2026-10-05,25,24,1,0.96,1
ENHS_SYN_0259,Grade 8,Section C,2026-10-12,25,23,2,0.92,1
ENHS_SYN_0259,Grade 8,Section C,2026-10-19,25,19,6,0.76,1
ENHS_SYN_0260,Grade 8,Section C,2026-08-03,25,22,3,0.88,1
ENHS_SYN_0260,Grade 8,Section C,2026-08-10,25,20,5,0.8,1
ENHS_SYN_0260,Grade 8,Section C,2026-08-17,25,17,8,0.68,1
ENHS_SYN_0260,Grade 8,Section C,2026-08-24,25,18,7,0.72,1
ENHS_SYN_0260,Grade 8,Section C,2026-08-31,25,21,4,0.84,1
ENHS_SYN_0260,Grade 8,Section C,2026-09-07,25,20,5,0.8,1
ENHS_SYN_0260,Grade 8,Section C,2026-09-14,25,21,4,0.84,1
ENHS_SYN_0260,Grade 8,Section C,2026-09-21,25,19,6,0.76,1
ENHS_SYN_0260,Grade 8,Section C,2026-09-28,25,21,4,0.84,1
ENHS_SYN_0260,Grade 8,Section C,2026-10-05,25,18,7,0.72,1
ENHS_SYN_0260,Grade 8,Section C,2026-10-12,25,19,6,0.76,1
ENHS_SYN_0260,Grade 8,Section C,2026-10-19,25,23,2,0.92,1
ENHS_SYN_0261,Grade 8,Section C,2026-08-03,25,19,6,0.76,1
ENHS_SYN_0261,Grade 8,Section C,2026-08-10,25,20,5,0.8,1
ENHS_SYN_0261,Grade 8,Section C,2026-08-17,25,23,2,0.92,1
ENHS_SYN_0261,Grade 8,Section C,2026-08-24,25,21,4,0.84,1
ENHS_SYN_0261,Grade 8,Section C,2026-08-31,25,19,6,0.76,1
ENHS_SYN_0261,Grade 8,Section C,2026-09-07,25,19,6,0.76,1
ENHS_SYN_0261,Grade 8,Section C,2026-09-14,25,17,8,0.68,1
ENHS_SYN_0261,Grade 8,Section C,2026-09-21,25,22,3,0.88,1
ENHS_SYN_0261,Grade 8,Section C,2026-09-28,25,20,5,0.8,1
ENHS_SYN_0261,Grade 8,Section C,2026-10-05,25,18,7,0.72,1
ENHS_SYN_0261,Grade 8,Section C,2026-10-12,25,17,8,0.68,1
ENHS_SYN_0261,Grade 8,Section C,2026-10-19,25,18,7,0.72,1
ENHS_SYN_0262,Grade 8,Section C,2026-08-03,25,23,2,0.92,1
ENHS_SYN_0262,Grade 8,Section C,2026-08-10,25,20,5,0.8,1
ENHS_SYN_0262,Grade 8,Section C,2026-08-17,25,22,3,0.88,1
ENHS_SYN_0262,Grade 8,Section C,2026-08-24,25,23,2,0.92,1
ENHS_SYN_0262,Grade 8,Section C,2026-08-31,25,21,4,0.84,1
ENHS_SYN_0262,Grade 8,Section C,2026-09-07,25,20,5,0.8,1
ENHS_SYN_0262,Grade 8,Section C,2026-09-14,25,23,2,0.92,1
ENHS_SYN_0262,Grade 8,Section C,2026-09-21,24,20,4,0.8333,1
ENHS_SYN_0262,Grade 8,Section C,2026-09-28,25,21,4,0.84,1
ENHS_SYN_0262,Grade 8,Section C,2026-10-05,25,25,0,1.0,0
ENHS_SYN_0262,Grade 8,Section C,2026-10-12,24,23,1,0.9583,1
ENHS_SYN_0262,Grade 8,Section C,2026-10-19,25,21,4,0.84,1
ENHS_SYN_0263,Grade 8,Section C,2026-08-03,25,21,4,0.84,1
ENHS_SYN_0263,Grade 8,Section C,2026-08-10,25,21,4,0.84,1
ENHS_SYN_0263,Grade 8,Section C,2026-08-17,25,18,7,0.72,1
ENHS_SYN_0263,Grade 8,Section C,2026-08-24,25,23,2,0.92,1
ENHS_SYN_0263,Grade 8,Section C,2026-08-31,25,20,5,0.8,1
ENHS_SYN_0263,Grade 8,Section C,2026-09-07,25,25,0,1.0,0
ENHS_SYN_0263,Grade 8,Section C,2026-09-14,25,18,7,0.72,1
ENHS_SYN_0263,Grade 8,Section C,2026-09-21,25,22,3,0.88,1
ENHS_SYN_0263,Grade 8,Section C,2026-09-28,25,20,5,0.8,1
ENHS_SYN_0263,Grade 8,Section C,2026-10-05,25,22,3,0.88,1
ENHS_SYN_0263,Grade 8,Section C,2026-10-12,25,23,2,0.92,1
ENHS_SYN_0263,Grade 8,Section C,2026-10-19,25,23,2,0.92,1
ENHS_SYN_0264,Grade 8,Section C,2026-08-03,25,22,3,0.88,1
ENHS_SYN_0264,Grade 8,Section C,2026-08-10,25,18,7,0.72,1
ENHS_SYN_0264,Grade 8,Section C,2026-08-17,25,20,5,0.8,1
ENHS_SYN_0264,Grade 8,Section C,2026-08-24,25,15,10,0.6,1
ENHS_SYN_0264,Grade 8,Section C,2026-08-31,25,17,8,0.68,1
ENHS_SYN_0264,Grade 8,Section C,2026-09-07,25,15,10,0.6,1
ENHS_SYN_0264,Grade 8,Section C,2026-09-14,25,13,12,0.52,1
ENHS_SYN_0264,Grade 8,Section C,2026-09-21,25,18,7,0.72,1
ENHS_SYN_0264,Grade 8,Section C,2026-09-28,24,17,7,0.7083,1
ENHS_SYN_0264,Grade 8,Section C,2026-10-05,25,14,11,0.56,1
ENHS_SYN_0264,Grade 8,Section C,2026-10-12,25,16,9,0.64,1
ENHS_SYN_0264,Grade 8,Section C,2026-10-19,25,20,5,0.8,1
ENHS_SYN_0265,Grade 8,Section C,2026-08-03,25,17,8,0.68,1
ENHS_SYN_0265,Grade 8,Section C,2026-08-10,25,21,4,0.84,1
ENHS_SYN_0265,Grade 8,Section C,2026-08-17,25,20,5,0.8,1
ENHS_SYN_0265,Grade 8,Section C,2026-08-24,25,24,1,0.96,1
ENHS_SYN_0265,Grade 8,Section C,2026-08-31,25,21,4,0.84,1
ENHS_SYN_0265,Grade 8,Section C,2026-09-07,25,19,6,0.76,1
ENHS_SYN_0265,Grade 8,Section C,2026-09-14,25,20,5,0.8,1
ENHS_SYN_0265,Grade 8,Section C,2026-09-21,25,20,5,0.8,1
ENHS_SYN_0265,Grade 8,Section C,2026-09-28,25,21,4,0.84,1
ENHS_SYN_0265,Grade 8,Section C,2026-10-05,25,19,6,0.76,1
ENHS_SYN_0265,Grade 8,Section C,2026-10-12,25,18,7,0.72,1
ENHS_SYN_0265,Grade 8,Section C,2026-10-19,25,19,6,0.76,1
ENHS_SYN_0266,Grade 8,Section C,2026-08-03,25,24,1,0.96,1
ENHS_SYN_0266,Grade 8,Section C,2026-08-10,25,22,3,0.88,1
ENHS_SYN_0266,Grade 8,Section C,2026-08-17,25,23,2,0.92,1
ENHS_SYN_0266,Grade 8,Section C,2026-08-24,24,23,1,0.9583,1
ENHS_SYN_0266,Grade 8,Section C,2026-08-31,25,23,2,0.92,1
ENHS_SYN_0266,Grade 8,Section C,2026-09-07,25,23,2,0.92,1
ENHS_SYN_0266,Grade 8,Section C,2026-09-14,25,23,2,0.92,1
ENHS_SYN_0266,Grade 8,Section C,2026-09-21,25,24,1,0.96,1
ENHS_SYN_0266,Grade 8,Section C,2026-09-28,25,24,1,0.96,1
ENHS_SYN_0266,Grade 8,Section C,2026-10-05,25,22,3,0.88,1
ENHS_SYN_0266,Grade 8,Section C,2026-10-12,25,22,3,0.88,1
ENHS_SYN_0266,Grade 8,Section C,2026-10-19,25,23,2,0.92,1
ENHS_SYN_0267,Grade 8,Section C,2026-08-03,25,19,6,0.76,1
ENHS_SYN_0267,Grade 8,Section C,2026-08-10,25,14,11,0.56,1
ENHS_SYN_0267,Grade 8,Section C,2026-08-17,25,18,7,0.72,1
ENHS_SYN_0267,Grade 8,Section C,2026-08-24,25,20,5,0.8,1
ENHS_SYN_0267,Grade 8,Section C,2026-08-31,25,16,9,0.64,1
ENHS_SYN_0267,Grade 8,Section C,2026-09-07,25,20,5,0.8,1
ENHS_SYN_0267,Grade 8,Section C,2026-09-14,25,20,5,0.8,1
ENHS_SYN_0267,Grade 8,Section C,2026-09-21,25,21,4,0.84,1
ENHS_SYN_0267,Grade 8,Section C,2026-09-28,25,14,11,0.56,1
ENHS_SYN_0267,Grade 8,Section C,2026-10-05,25,19,6,0.76,1
ENHS_SYN_0267,Grade 8,Section C,2026-10-12,25,17,8,0.68,1
ENHS_SYN_0267,Grade 8,Section C,2026-10-19,25,18,7,0.72,1
ENHS_SYN_0268,Grade 8,Section C,2026-08-03,25,20,5,0.8,1
ENHS_SYN_0268,Grade 8,Section C,2026-08-10,25,23,2,0.92,1
ENHS_SYN_0268,Grade 8,Section C,2026-08-17,25,17,8,0.68,1
ENHS_SYN_0268,Grade 8,Section C,2026-08-24,25,20,5,0.8,1
ENHS_SYN_0268,Grade 8,Section C,2026-08-31,25,24,1,0.96,1
ENHS_SYN_0268,Grade 8,Section C,2026-09-07,25,20,5,0.8,1
ENHS_SYN_0268,Grade 8,Section C,2026-09-14,25,24,1,0.96,1
ENHS_SYN_0268,Grade 8,Section C,2026-09-21,25,24,1,0.96,1
ENHS_SYN_0268,Grade 8,Section C,2026-09-28,25,16,9,0.64,1
ENHS_SYN_0268,Grade 8,Section C,2026-10-05,25,22,3,0.88,1
ENHS_SYN_0268,Grade 8,Section C,2026-10-12,25,19,6,0.76,1
ENHS_SYN_0268,Grade 8,Section C,2026-10-19,25,22,3,0.88,1
ENHS_SYN_0269,Grade 8,Section C,2026-08-03,24,19,5,0.7917,1
ENHS_SYN_0269,Grade 8,Section C,2026-08-10,25,24,1,0.96,1
ENHS_SYN_0269,Grade 8,Section C,2026-08-17,25,21,4,0.84,1
ENHS_SYN_0269,Grade 8,Section C,2026-08-24,25,21,4,0.84,1
ENHS_SYN_0269,Grade 8,Section C,2026-08-31,25,20,5,0.8,1
ENHS_SYN_0269,Grade 8,Section C,2026-09-07,25,24,1,0.96,1
ENHS_SYN_0269,Grade 8,Section C,2026-09-14,25,15,10,0.6,1
ENHS_SYN_0269,Grade 8,Section C,2026-09-21,25,21,4,0.84,1
ENHS_SYN_0269,Grade 8,Section C,2026-09-28,25,22,3,0.88,1
ENHS_SYN_0269,Grade 8,Section C,2026-10-05,25,20,5,0.8,1
ENHS_SYN_0269,Grade 8,Section C,2026-10-12,25,18,7,0.72,1
ENHS_SYN_0269,Grade 8,Section C,2026-10-19,25,24,1,0.96,1
ENHS_SYN_0270,Grade 8,Section C,2026-08-03,25,23,2,0.92,1
ENHS_SYN_0270,Grade 8,Section C,2026-08-10,25,23,2,0.92,1
ENHS_SYN_0270,Grade 8,Section C,2026-08-17,25,24,1,0.96,1
ENHS_SYN_0270,Grade 8,Section C,2026-08-24,25,25,0,1.0,0
ENHS_SYN_0270,Grade 8,Section C,2026-08-31,25,22,3,0.88,1
ENHS_SYN_0270,Grade 8,Section C,2026-09-07,25,25,0,1.0,0
ENHS_SYN_0270,Grade 8,Section C,2026-09-14,25,22,3,0.88,1
ENHS_SYN_0270,Grade 8,Section C,2026-09-21,25,25,0,1.0,0
ENHS_SYN_0270,Grade 8,Section C,2026-09-28,25,24,1,0.96,1
ENHS_SYN_0270,Grade 8,Section C,2026-10-05,25,25,0,1.0,0
ENHS_SYN_0270,Grade 8,Section C,2026-10-12,25,24,1,0.96,1
ENHS_SYN_0270,Grade 8,Section C,2026-10-19,24,22,2,0.9167,1
ENHS_SYN_0271,Grade 8,Section C,2026-08-03,25,20,5,0.8,1
ENHS_SYN_0271,Grade 8,Section C,2026-08-10,25,21,4,0.84,1
ENHS_SYN_0271,Grade 8,Section C,2026-08-17,25,24,1,0.96,1
ENHS_SYN_0271,Grade 8,Section C,2026-08-24,25,23,2,0.92,1
ENHS_SYN_0271,Grade 8,Section C,2026-08-31,25,23,2,0.92,1
ENHS_SYN_0271,Grade 8,Section C,2026-09-07,25,23,2,0.92,1
ENHS_SYN_0271,Grade 8,Section C,2026-09-14,25,21,4,0.84,1
ENHS_SYN_0271,Grade 8,Section C,2026-09-21,25,24,1,0.96,1
ENHS_SYN_0271,Grade 8,Section C,2026-09-28,25,23,2,0.92,1
ENHS_SYN_0271,Grade 8,Section C,2026-10-05,25,22,3,0.88,1
ENHS_SYN_0271,Grade 8,Section C,2026-10-12,25,20,5,0.8,1
ENHS_SYN_0271,Grade 8,Section C,2026-10-19,25,24,1,0.96,1
ENHS_SYN_0272,Grade 8,Section C,2026-08-03,25,22,3,0.88,1
ENHS_SYN_0272,Grade 8,Section C,2026-08-10,25,23,2,0.92,1
ENHS_SYN_0272,Grade 8,Section C,2026-08-17,25,23,2,0.92,1
ENHS_SYN_0272,Grade 8,Section C,2026-08-24,25,23,2,0.92,1
ENHS_SYN_0272,Grade 8,Section C,2026-08-31,25,22,3,0.88,1
ENHS_SYN_0272,Grade 8,Section C,2026-09-07,25,23,2,0.92,1
ENHS_SYN_0272,Grade 8,Section C,2026-09-14,25,24,1,0.96,1
ENHS_SYN_0272,Grade 8,Section C,2026-09-21,25,25,0,1.0,0
ENHS_SYN_0272,Grade 8,Section C,2026-09-28,25,19,6,0.76,1
ENHS_SYN_0272,Grade 8,Section C,2026-10-05,25,24,1,0.96,1
ENHS_SYN_0272,Grade 8,Section C,2026-10-12,25,24,1,0.96,1
ENHS_SYN_0272,Grade 8,Section C,2026-10-19,25,23,2,0.92,1
ENHS_SYN_0273,Grade 8,Section C,2026-08-03,25,24,1,0.96,1
ENHS_SYN_0273,Grade 8,Section C,2026-08-10,25,22,3,0.88,1
ENHS_SYN_0273,Grade 8,Section C,2026-08-17,25,23,2,0.92,1
ENHS_SYN_0273,Grade 8,Section C,2026-08-24,25,24,1,0.96,1
ENHS_SYN_0273,Grade 8,Section C,2026-08-31,25,25,0,1.0,0
ENHS_SYN_0273,Grade 8,Section C,2026-09-07,25,24,1,0.96,1
ENHS_SYN_0273,Grade 8,Section C,2026-09-14,25,23,2,0.92,1
ENHS_SYN_0273,Grade 8,Section C,2026-09-21,25,23,2,0.92,1
ENHS_SYN_0273,Grade 8,Section C,2026-09-28,25,23,2,0.92,1
ENHS_SYN_0273,Grade 8,Section C,2026-10-05,25,23,2,0.92,1
ENHS_SYN_0273,Grade 8,Section C,2026-10-12,25,22,3,0.88,1
ENHS_SYN_0273,Grade 8,Section C,2026-10-19,25,24,1,0.96,1
ENHS_SYN_0274,Grade 8,Section C,2026-08-03,25,24,1,0.96,1
ENHS_SYN_0274,Grade 8,Section C,2026-08-10,25,16,9,0.64,1
ENHS_SYN_0274,Grade 8,Section C,2026-08-17,25,21,4,0.84,1
ENHS_SYN_0274,Grade 8,Section C,2026-08-24,25,18,7,0.72,1
ENHS_SYN_0274,Grade 8,Section C,2026-08-31,25,22,3,0.88,1
ENHS_SYN_0274,Grade 8,Section C,2026-09-07,25,19,6,0.76,1
ENHS_SYN_0274,Grade 8,Section C,2026-09-14,25,20,5,0.8,1
ENHS_SYN_0274,Grade 8,Section C,2026-09-21,25,22,3,0.88,1
ENHS_SYN_0274,Grade 8,Section C,2026-09-28,25,16,9,0.64,1
ENHS_SYN_0274,Grade 8,Section C,2026-10-05,25,21,4,0.84,1
ENHS_SYN_0274,Grade 8,Section C,2026-10-12,25,23,2,0.92,1
ENHS_SYN_0274,Grade 8,Section C,2026-10-19,25,19,6,0.76,1
ENHS_SYN_0275,Grade 8,Section C,2026-08-03,25,19,6,0.76,1
ENHS_SYN_0275,Grade 8,Section C,2026-08-10,25,21,4,0.84,1
ENHS_SYN_0275,Grade 8,Section C,2026-08-17,25,20,5,0.8,1
ENHS_SYN_0275,Grade 8,Section C,2026-08-24,25,20,5,0.8,1
ENHS_SYN_0275,Grade 8,Section C,2026-08-31,25,21,4,0.84,1
ENHS_SYN_0275,Grade 8,Section C,2026-09-07,25,20,5,0.8,1
ENHS_SYN_0275,Grade 8,Section C,2026-09-14,25,22,3,0.88,1
ENHS_SYN_0275,Grade 8,Section C,2026-09-21,25,20,5,0.8,1
ENHS_SYN_0275,Grade 8,Section C,2026-09-28,25,18,7,0.72,1
ENHS_SYN_0275,Grade 8,Section C,2026-10-05,25,22,3,0.88,1
ENHS_SYN_0275,Grade 8,Section C,2026-10-12,25,20,5,0.8,1
ENHS_SYN_0275,Grade 8,Section C,2026-10-19,25,21,4,0.84,1
ENHS_SYN_0276,Grade 8,Section C,2026-08-03,25,24,1,0.96,1
ENHS_SYN_0276,Grade 8,Section C,2026-08-10,25,22,3,0.88,1
ENHS_SYN_0276,Grade 8,Section C,2026-08-17,25,22,3,0.88,1
ENHS_SYN_0276,Grade 8,Section C,2026-08-24,25,22,3,0.88,1
ENHS_SYN_0276,Grade 8,Section C,2026-08-31,25,22,3,0.88,1
ENHS_SYN_0276,Grade 8,Section C,2026-09-07,25,23,2,0.92,1
ENHS_SYN_0276,Grade 8,Section C,2026-09-14,25,22,3,0.88,1
ENHS_SYN_0276,Grade 8,Section C,2026-09-21,25,24,1,0.96,1
ENHS_SYN_0276,Grade 8,Section C,2026-09-28,25,22,3,0.88,1
ENHS_SYN_0276,Grade 8,Section C,2026-10-05,25,24,1,0.96,1
ENHS_SYN_0276,Grade 8,Section C,2026-10-12,25,24,1,0.96,1
ENHS_SYN_0276,Grade 8,Section C,2026-10-19,25,24,1,0.96,1
ENHS_SYN_0277,Grade 8,Section C,2026-08-03,25,24,1,0.96,1
ENHS_SYN_0277,Grade 8,Section C,2026-08-10,25,22,3,0.88,1
ENHS_SYN_0277,Grade 8,Section C,2026-08-17,25,24,1,0.96,1
ENHS_SYN_0277,Grade 8,Section C,2026-08-24,25,24,1,0.96,1
ENHS_SYN_0277,Grade 8,Section C,2026-08-31,25,25,0,1.0,0
ENHS_SYN_0277,Grade 8,Section C,2026-09-07,25,24,1,0.96,1
ENHS_SYN_0277,Grade 8,Section C,2026-09-14,25,24,1,0.96,1
ENHS_SYN_0277,Grade 8,Section C,2026-09-21,25,22,3,0.88,1
ENHS_SYN_0277,Grade 8,Section C,2026-09-28,25,24,1,0.96,1
ENHS_SYN_0277,Grade 8,Section C,2026-10-05,25,23,2,0.92,1
ENHS_SYN_0277,Grade 8,Section C,2026-10-12,25,23,2,0.92,1
ENHS_SYN_0277,Grade 8,Section C,2026-10-19,25,24,1,0.96,1
ENHS_SYN_0278,Grade 8,Section C,2026-08-03,25,23,2,0.92,1
ENHS_SYN_0278,Grade 8,Section C,2026-08-10,25,23,2,0.92,1
ENHS_SYN_0278,Grade 8,Section C,2026-08-17,25,23,2,0.92,1
ENHS_SYN_0278,Grade 8,Section C,2026-08-24,25,20,5,0.8,1
ENHS_SYN_0278,Grade 8,Section C,2026-08-31,25,21,4,0.84,1
ENHS_SYN_0278,Grade 8,Section C,2026-09-07,25,22,3,0.88,1
ENHS_SYN_0278,Grade 8,Section C,2026-09-14,25,20,5,0.8,1
ENHS_SYN_0278,Grade 8,Section C,2026-09-21,25,22,3,0.88,1
ENHS_SYN_0278,Grade 8,Section C,2026-09-28,25,21,4,0.84,1
ENHS_SYN_0278,Grade 8,Section C,2026-10-05,25,23,2,0.92,1
ENHS_SYN_0278,Grade 8,Section C,2026-10-12,25,24,1,0.96,1
ENHS_SYN_0278,Grade 8,Section C,2026-10-19,25,22,3,0.88,1
ENHS_SYN_0279,Grade 8,Section C,2026-08-03,25,22,3,0.88,1
ENHS_SYN_0279,Grade 8,Section C,2026-08-10,25,24,1,0.96,1
ENHS_SYN_0279,Grade 8,Section C,2026-08-17,25,23,2,0.92,1
ENHS_SYN_0279,Grade 8,Section C,2026-08-24,25,22,3,0.88,1
ENHS_SYN_0279,Grade 8,Section C,2026-08-31,25,21,4,0.84,1
ENHS_SYN_0279,Grade 8,Section C,2026-09-07,25,24,1,0.96,1
ENHS_SYN_0279,Grade 8,Section C,2026-09-14,25,24,1,0.96,1
ENHS_SYN_0279,Grade 8,Section C,2026-09-21,25,22,3,0.88,1
ENHS_SYN_0279,Grade 8,Section C,2026-09-28,25,20,5,0.8,1
ENHS_SYN_0279,Grade 8,Section C,2026-10-05,25,20,5,0.8,1
ENHS_SYN_0279,Grade 8,Section C,2026-10-12,25,24,1,0.96,1
ENHS_SYN_0279,Grade 8,Section C,2026-10-19,25,20,5,0.8,1
ENHS_SYN_0280,Grade 8,Section C,2026-08-03,25,24,1,0.96,1
ENHS_SYN_0280,Grade 8,Section C,2026-08-10,25,24,1,0.96,1
ENHS_SYN_0280,Grade 8,Section C,2026-08-17,25,25,0,1.0,0
ENHS_SYN_0280,Grade 8,Section C,2026-08-24,25,25,0,1.0,0
ENHS_SYN_0280,Grade 8,Section C,2026-08-31,25,23,2,0.92,1
ENHS_SYN_0280,Grade 8,Section C,2026-09-07,25,25,0,1.0,0
ENHS_SYN_0280,Grade 8,Section C,2026-09-14,25,24,1,0.96,1
ENHS_SYN_0280,Grade 8,Section C,2026-09-21,25,25,0,1.0,0
ENHS_SYN_0280,Grade 8,Section C,2026-09-28,25,23,2,0.92,1
ENHS_SYN_0280,Grade 8,Section C,2026-10-05,24,24,0,1.0,0
ENHS_SYN_0280,Grade 8,Section C,2026-10-12,25,24,1,0.96,1
ENHS_SYN_0280,Grade 8,Section C,2026-10-19,25,25,0,1.0,0
ENHS_SYN_0281,Grade 8,Section C,2026-08-03,25,24,1,0.96,1
ENHS_SYN_0281,Grade 8,Section C,2026-08-10,25,22,3,0.88,1
ENHS_SYN_0281,Grade 8,Section C,2026-08-17,25,21,4,0.84,1
ENHS_SYN_0281,Grade 8,Section C,2026-08-24,25,24,1,0.96,1
ENHS_SYN_0281,Grade 8,Section C,2026-08-31,25,25,0,1.0,0
ENHS_SYN_0281,Grade 8,Section C,2026-09-07,25,23,2,0.92,1
ENHS_SYN_0281,Grade 8,Section C,2026-09-14,25,25,0,1.0,0
ENHS_SYN_0281,Grade 8,Section C,2026-09-21,25,18,7,0.72,1
ENHS_SYN_0281,Grade 8,Section C,2026-09-28,25,24,1,0.96,1
ENHS_SYN_0281,Grade 8,Section C,2026-10-05,25,23,2,0.92,1
ENHS_SYN_0281,Grade 8,Section C,2026-10-12,25,25,0,1.0,0
ENHS_SYN_0281,Grade 8,Section C,2026-10-19,25,23,2,0.92,1
ENHS_SYN_0282,Grade 8,Section C,2026-08-03,25,20,5,0.8,1
ENHS_SYN_0282,Grade 8,Section C,2026-08-10,25,23,2,0.92,1
ENHS_SYN_0282,Grade 8,Section C,2026-08-17,25,23,2,0.92,1
ENHS_SYN_0282,Grade 8,Section C,2026-08-24,25,20,5,0.8,1
ENHS_SYN_0282,Grade 8,Section C,2026-08-31,25,24,1,0.96,1
ENHS_SYN_0282,Grade 8,Section C,2026-09-07,25,20,5,0.8,1
ENHS_SYN_0282,Grade 8,Section C,2026-09-14,25,24,1,0.96,1
ENHS_SYN_0282,Grade 8,Section C,2026-09-21,25,25,0,1.0,0
ENHS_SYN_0282,Grade 8,Section C,2026-09-28,25,21,4,0.84,1
ENHS_SYN_0282,Grade 8,Section C,2026-10-05,25,22,3,0.88,1
ENHS_SYN_0282,Grade 8,Section C,2026-10-12,25,22,3,0.88,1
ENHS_SYN_0282,Grade 8,Section C,2026-10-19,25,22,3,0.88,1
ENHS_SYN_0283,Grade 8,Section C,2026-08-03,25,23,2,0.92,1
ENHS_SYN_0283,Grade 8,Section C,2026-08-10,25,25,0,1.0,0
ENHS_SYN_0283,Grade 8,Section C,2026-08-17,25,24,1,0.96,1
ENHS_SYN_0283,Grade 8,Section C,2026-08-24,25,23,2,0.92,1
ENHS_SYN_0283,Grade 8,Section C,2026-08-31,25,24,1,0.96,1
ENHS_SYN_0283,Grade 8,Section C,2026-09-07,25,23,2,0.92,1
ENHS_SYN_0283,Grade 8,Section C,2026-09-14,25,24,1,0.96,1
ENHS_SYN_0283,Grade 8,Section C,2026-09-21,25,23,2,0.92,1
ENHS_SYN_0283,Grade 8,Section C,2026-09-28,25,23,2,0.92,1
ENHS_SYN_0283,Grade 8,Section C,2026-10-05,24,24,0,1.0,0
ENHS_SYN_0283,Grade 8,Section C,2026-10-12,25,23,2,0.92,1
ENHS_SYN_0283,Grade 8,Section C,2026-10-19,25,24,1,0.96,1
ENHS_SYN_0284,Grade 8,Section C,2026-08-03,25,18,7,0.72,1
ENHS_SYN_0284,Grade 8,Section C,2026-08-10,25,21,4,0.84,1
ENHS_SYN_0284,Grade 8,Section C,2026-08-17,25,22,3,0.88,1
ENHS_SYN_0284,Grade 8,Section C,2026-08-24,25,23,2,0.92,1
ENHS_SYN_0284,Grade 8,Section C,2026-08-31,25,23,2,0.92,1
ENHS_SYN_0284,Grade 8,Section C,2026-09-07,25,22,3,0.88,1
ENHS_SYN_0284,Grade 8,Section C,2026-09-14,25,23,2,0.92,1
ENHS_SYN_0284,Grade 8,Section C,2026-09-21,25,23,2,0.92,1
ENHS_SYN_0284,Grade 8,Section C,2026-09-28,25,24,1,0.96,1
ENHS_SYN_0284,Grade 8,Section C,2026-10-05,25,19,6,0.76,1
ENHS_SYN_0284,Grade 8,Section C,2026-10-12,25,19,6,0.76,1
ENHS_SYN_0284,Grade 8,Section C,2026-10-19,25,23,2,0.92,1
ENHS_SYN_0285,Grade 8,Section C,2026-08-03,25,21,4,0.84,1
ENHS_SYN_0285,Grade 8,Section C,2026-08-10,25,22,3,0.88,1
ENHS_SYN_0285,Grade 8,Section C,2026-08-17,25,22,3,0.88,1
ENHS_SYN_0285,Grade 8,Section C,2026-08-24,25,19,6,0.76,1
ENHS_SYN_0285,Grade 8,Section C,2026-08-31,25,20,5,0.8,1
ENHS_SYN_0285,Grade 8,Section C,2026-09-07,25,22,3,0.88,1
ENHS_SYN_0285,Grade 8,Section C,2026-09-14,25,23,2,0.92,1
ENHS_SYN_0285,Grade 8,Section C,2026-09-21,25,20,5,0.8,1
ENHS_SYN_0285,Grade 8,Section C,2026-09-28,25,21,4,0.84,1
ENHS_SYN_0285,Grade 8,Section C,2026-10-05,24,21,3,0.875,1
ENHS_SYN_0285,Grade 8,Section C,2026-10-12,25,24,1,0.96,1
ENHS_SYN_0285,Grade 8,Section C,2026-10-19,25,20,5,0.8,1
ENHS_SYN_0286,Grade 8,Section C,2026-08-03,25,23,2,0.92,1
ENHS_SYN_0286,Grade 8,Section C,2026-08-10,25,24,1,0.96,1
ENHS_SYN_0286,Grade 8,Section C,2026-08-17,25,25,0,1.0,0
ENHS_SYN_0286,Grade 8,Section C,2026-08-24,25,22,3,0.88,1
ENHS_SYN_0286,Grade 8,Section C,2026-08-31,25,25,0,1.0,0
ENHS_SYN_0286,Grade 8,Section C,2026-09-07,25,25,0,1.0,0
ENHS_SYN_0286,Grade 8,Section C,2026-09-14,25,24,1,0.96,1
ENHS_SYN_0286,Grade 8,Section C,2026-09-21,25,23,2,0.92,1
ENHS_SYN_0286,Grade 8,Section C,2026-09-28,25,24,1,0.96,1
ENHS_SYN_0286,Grade 8,Section C,2026-10-05,25,24,1,0.96,1
ENHS_SYN_0286,Grade 8,Section C,2026-10-12,25,25,0,1.0,0
ENHS_SYN_0286,Grade 8,Section C,2026-10-19,25,24,1,0.96,1
ENHS_SYN_0287,Grade 8,Section C,2026-08-03,25,24,1,0.96,1
ENHS_SYN_0287,Grade 8,Section C,2026-08-10,25,24,1,0.96,1
ENHS_SYN_0287,Grade 8,Section C,2026-08-17,25,24,1,0.96,1
ENHS_SYN_0287,Grade 8,Section C,2026-08-24,25,24,1,0.96,1
ENHS_SYN_0287,Grade 8,Section C,2026-08-31,25,24,1,0.96,1
ENHS_SYN_0287,Grade 8,Section C,2026-09-07,25,24,1,0.96,1
ENHS_SYN_0287,Grade 8,Section C,2026-09-14,25,23,2,0.92,1
ENHS_SYN_0287,Grade 8,Section C,2026-09-21,25,23,2,0.92,1
ENHS_SYN_0287,Grade 8,Section C,2026-09-28,25,24,1,0.96,1
ENHS_SYN_0287,Grade 8,Section C,2026-10-05,25,23,2,0.92,1
ENHS_SYN_0287,Grade 8,Section C,2026-10-12,25,25,0,1.0,0
ENHS_SYN_0287,Grade 8,Section C,2026-10-19,25,23,2,0.92,1
ENHS_SYN_0288,Grade 8,Section C,2026-08-03,25,19,6,0.76,1
ENHS_SYN_0288,Grade 8,Section C,2026-08-10,25,22,3,0.88,1
ENHS_SYN_0288,Grade 8,Section C,2026-08-17,25,20,5,0.8,1
ENHS_SYN_0288,Grade 8,Section C,2026-08-24,25,18,7,0.72,1
ENHS_SYN_0288,Grade 8,Section C,2026-08-31,25,19,6,0.76,1
ENHS_SYN_0288,Grade 8,Section C,2026-09-07,25,21,4,0.84,1
ENHS_SYN_0288,Grade 8,Section C,2026-09-14,25,20,5,0.8,1
ENHS_SYN_0288,Grade 8,Section C,2026-09-21,25,22,3,0.88,1
ENHS_SYN_0288,Grade 8,Section C,2026-09-28,25,18,7,0.72,1
ENHS_SYN_0288,Grade 8,Section C,2026-10-05,25,22,3,0.88,1
ENHS_SYN_0288,Grade 8,Section C,2026-10-12,25,21,4,0.84,1
ENHS_SYN_0288,Grade 8,Section C,2026-10-19,25,21,4,0.84,1
ENHS_SYN_0289,Grade 8,Section C,2026-08-03,25,22,3,0.88,1
ENHS_SYN_0289,Grade 8,Section C,2026-08-10,25,22,3,0.88,1
ENHS_SYN_0289,Grade 8,Section C,2026-08-17,25,21,4,0.84,1
ENHS_SYN_0289,Grade 8,Section C,2026-08-24,24,23,1,0.9583,1
ENHS_SYN_0289,Grade 8,Section C,2026-08-31,25,25,0,1.0,0
ENHS_SYN_0289,Grade 8,Section C,2026-09-07,25,23,2,0.92,1
ENHS_SYN_0289,Grade 8,Section C,2026-09-14,25,22,3,0.88,1
ENHS_SYN_0289,Grade 8,Section C,2026-09-21,25,22,3,0.88,1
ENHS_SYN_0289,Grade 8,Section C,2026-09-28,25,23,2,0.92,1
ENHS_SYN_0289,Grade 8,Section C,2026-10-05,25,20,5,0.8,1
ENHS_SYN_0289,Grade 8,Section C,2026-10-12,25,21,4,0.84,1
ENHS_SYN_0289,Grade 8,Section C,2026-10-19,25,23,2,0.92,1
ENHS_SYN_0290,Grade 8,Section C,2026-08-03,25,24,1,0.96,1
ENHS_SYN_0290,Grade 8,Section C,2026-08-10,25,24,1,0.96,1
ENHS_SYN_0290,Grade 8,Section C,2026-08-17,25,24,1,0.96,1
ENHS_SYN_0290,Grade 8,Section C,2026-08-24,25,24,1,0.96,1
ENHS_SYN_0290,Grade 8,Section C,2026-08-31,25,24,1,0.96,1
ENHS_SYN_0290,Grade 8,Section C,2026-09-07,25,22,3,0.88,1
ENHS_SYN_0290,Grade 8,Section C,2026-09-14,25,24,1,0.96,1
ENHS_SYN_0290,Grade 8,Section C,2026-09-21,25,21,4,0.84,1
ENHS_SYN_0290,Grade 8,Section C,2026-09-28,25,24,1,0.96,1
ENHS_SYN_0290,Grade 8,Section C,2026-10-05,25,21,4,0.84,1
ENHS_SYN_0290,Grade 8,Section C,2026-10-12,25,23,2,0.92,1
ENHS_SYN_0290,Grade 8,Section C,2026-10-19,25,23,2,0.92,1
ENHS_SYN_0291,Grade 8,Section C,2026-08-03,25,24,1,0.96,1
ENHS_SYN_0291,Grade 8,Section C,2026-08-10,25,24,1,0.96,1
ENHS_SYN_0291,Grade 8,Section C,2026-08-17,25,24,1,0.96,1
ENHS_SYN_0291,Grade 8,Section C,2026-08-24,25,25,0,1.0,0
ENHS_SYN_0291,Grade 8,Section C,2026-08-31,25,25,0,1.0,0
ENHS_SYN_0291,Grade 8,Section C,2026-09-07,25,24,1,0.96,1
ENHS_SYN_0291,Grade 8,Section C,2026-09-14,25,23,2,0.92,1
ENHS_SYN_0291,Grade 8,Section C,2026-09-21,25,24,1,0.96,1
ENHS_SYN_0291,Grade 8,Section C,2026-09-28,25,24,1,0.96,1
ENHS_SYN_0291,Grade 8,Section C,2026-10-05,25,23,2,0.92,1
ENHS_SYN_0291,Grade 8,Section C,2026-10-12,24,22,2,0.9167,1
ENHS_SYN_0291,Grade 8,Section C,2026-10-19,24,23,1,0.9583,1
ENHS_SYN_0292,Grade 8,Section C,2026-08-03,25,23,2,0.92,1
ENHS_SYN_0292,Grade 8,Section C,2026-08-10,25,19,6,0.76,1
ENHS_SYN_0292,Grade 8,Section C,2026-08-17,25,24,1,0.96,1
ENHS_SYN_0292,Grade 8,Section C,2026-08-24,25,24,1,0.96,1
ENHS_SYN_0292,Grade 8,Section C,2026-08-31,25,20,5,0.8,1
ENHS_SYN_0292,Grade 8,Section C,2026-09-07,25,20,5,0.8,1
ENHS_SYN_0292,Grade 8,Section C,2026-09-14,25,20,5,0.8,1
ENHS_SYN_0292,Grade 8,Section C,2026-09-21,25,19,6,0.76,1
ENHS_SYN_0292,Grade 8,Section C,2026-09-28,25,18,7,0.72,1
ENHS_SYN_0292,Grade 8,Section C,2026-10-05,25,23,2,0.92,1
ENHS_SYN_0292,Grade 8,Section C,2026-10-12,25,22,3,0.88,1
ENHS_SYN_0292,Grade 8,Section C,2026-10-19,25,17,8,0.68,1
ENHS_SYN_0293,Grade 8,Section C,2026-08-03,25,20,5,0.8,1
ENHS_SYN_0293,Grade 8,Section C,2026-08-10,25,23,2,0.92,1
ENHS_SYN_0293,Grade 8,Section C,2026-08-17,24,21,3,0.875,1
ENHS_SYN_0293,Grade 8,Section C,2026-08-24,25,20,5,0.8,1
ENHS_SYN_0293,Grade 8,Section C,2026-08-31,25,21,4,0.84,1
ENHS_SYN_0293,Grade 8,Section C,2026-09-07,25,23,2,0.92,1
ENHS_SYN_0293,Grade 8,Section C,2026-09-14,25,24,1,0.96,1
ENHS_SYN_0293,Grade 8,Section C,2026-09-21,25,24,1,0.96,1
ENHS_SYN_0293,Grade 8,Section C,2026-09-28,25,23,2,0.92,1
ENHS_SYN_0293,Grade 8,Section C,2026-10-05,25,19,6,0.76,1
ENHS_SYN_0293,Grade 8,Section C,2026-10-12,25,23,2,0.92,1
ENHS_SYN_0293,Grade 8,Section C,2026-10-19,25,20,5,0.8,1
ENHS_SYN_0294,Grade 8,Section C,2026-08-03,25,16,9,0.64,1
ENHS_SYN_0294,Grade 8,Section C,2026-08-10,25,23,2,0.92,1
ENHS_SYN_0294,Grade 8,Section C,2026-08-17,25,19,6,0.76,1
ENHS_SYN_0294,Grade 8,Section C,2026-08-24,25,18,7,0.72,1
ENHS_SYN_0294,Grade 8,Section C,2026-08-31,25,20,5,0.8,1
ENHS_SYN_0294,Grade 8,Section C,2026-09-07,25,23,2,0.92,1
ENHS_SYN_0294,Grade 8,Section C,2026-09-14,25,20,5,0.8,1
ENHS_SYN_0294,Grade 8,Section C,2026-09-21,25,21,4,0.84,1
ENHS_SYN_0294,Grade 8,Section C,2026-09-28,25,14,11,0.56,1
ENHS_SYN_0294,Grade 8,Section C,2026-10-05,25,20,5,0.8,1
ENHS_SYN_0294,Grade 8,Section C,2026-10-12,25,22,3,0.88,1
ENHS_SYN_0294,Grade 8,Section C,2026-10-19,25,18,7,0.72,1
ENHS_SYN_0295,Grade 8,Section C,2026-08-03,25,24,1,0.96,1
ENHS_SYN_0295,Grade 8,Section C,2026-08-10,25,24,1,0.96,1
ENHS_SYN_0295,Grade 8,Section C,2026-08-17,25,24,1,0.96,1
ENHS_SYN_0295,Grade 8,Section C,2026-08-24,25,25,0,1.0,0
ENHS_SYN_0295,Grade 8,Section C,2026-08-31,25,24,1,0.96,1
ENHS_SYN_0295,Grade 8,Section C,2026-09-07,25,24,1,0.96,1
ENHS_SYN_0295,Grade 8,Section C,2026-09-14,25,24,1,0.96,1
ENHS_SYN_0295,Grade 8,Section C,2026-09-21,25,24,1,0.96,1
ENHS_SYN_0295,Grade 8,Section C,2026-09-28,25,23,2,0.92,1
ENHS_SYN_0295,Grade 8,Section C,2026-10-05,25,24,1,0.96,1
ENHS_SYN_0295,Grade 8,Section C,2026-10-12,24,22,2,0.9167,1
ENHS_SYN_0295,Grade 8,Section C,2026-10-19,25,21,4,0.84,1
ENHS_SYN_0296,Grade 8,Section C,2026-08-03,25,24,1,0.96,1
ENHS_SYN_0296,Grade 8,Section C,2026-08-10,25,24,1,0.96,1
ENHS_SYN_0296,Grade 8,Section C,2026-08-17,25,23,2,0.92,1
ENHS_SYN_0296,Grade 8,Section C,2026-08-24,25,25,0,1.0,0
ENHS_SYN_0296,Grade 8,Section C,2026-08-31,25,24,1,0.96,1
ENHS_SYN_0296,Grade 8,Section C,2026-09-07,25,25,0,1.0,0
ENHS_SYN_0296,Grade 8,Section C,2026-09-14,25,24,1,0.96,1
ENHS_SYN_0296,Grade 8,Section C,2026-09-21,25,23,2,0.92,1
ENHS_SYN_0296,Grade 8,Section C,2026-09-28,25,24,1,0.96,1
ENHS_SYN_0296,Grade 8,Section C,2026-10-05,25,22,3,0.88,1
ENHS_SYN_0296,Grade 8,Section C,2026-10-12,25,20,5,0.8,1
ENHS_SYN_0296,Grade 8,Section C,2026-10-19,24,19,5,0.7917,1
ENHS_SYN_0297,Grade 8,Section C,2026-08-03,25,23,2,0.92,1
ENHS_SYN_0297,Grade 8,Section C,2026-08-10,25,25,0,1.0,0
ENHS_SYN_0297,Grade 8,Section C,2026-08-17,25,25,0,1.0,0
ENHS_SYN_0297,Grade 8,Section C,2026-08-24,25,22,3,0.88,1
ENHS_SYN_0297,Grade 8,Section C,2026-08-31,25,23,2,0.92,1
ENHS_SYN_0297,Grade 8,Section C,2026-09-07,25,21,4,0.84,1
ENHS_SYN_0297,Grade 8,Section C,2026-09-14,25,23,2,0.92,1
ENHS_SYN_0297,Grade 8,Section C,2026-09-21,25,23,2,0.92,1
ENHS_SYN_0297,Grade 8,Section C,2026-09-28,25,24,1,0.96,1
ENHS_SYN_0297,Grade 8,Section C,2026-10-05,25,20,5,0.8,1
ENHS_SYN_0297,Grade 8,Section C,2026-10-12,25,23,2,0.92,1
ENHS_SYN_0297,Grade 8,Section C,2026-10-19,25,23,2,0.92,1
ENHS_SYN_0298,Grade 8,Section C,2026-08-03,25,23,2,0.92,1
ENHS_SYN_0298,Grade 8,Section C,2026-08-10,25,23,2,0.92,1
ENHS_SYN_0298,Grade 8,Section C,2026-08-17,24,22,2,0.9167,1
ENHS_SYN_0298,Grade 8,Section C,2026-08-24,25,22,3,0.88,1
ENHS_SYN_0298,Grade 8,Section C,2026-08-31,24,23,1,0.9583,1
ENHS_SYN_0298,Grade 8,Section C,2026-09-07,25,24,1,0.96,1
ENHS_SYN_0298,Grade 8,Section C,2026-09-14,25,23,2,0.92,1
ENHS_SYN_0298,Grade 8,Section C,2026-09-21,25,22,3,0.88,1
ENHS_SYN_0298,Grade 8,Section C,2026-09-28,25,22,3,0.88,1
ENHS_SYN_0298,Grade 8,Section C,2026-10-05,25,25,0,1.0,0
ENHS_SYN_0298,Grade 8,Section C,2026-10-12,25,24,1,0.96,1
ENHS_SYN_0298,Grade 8,Section C,2026-10-19,25,23,2,0.92,1
ENHS_SYN_0299,Grade 8,Section C,2026-08-03,25,22,3,0.88,1
ENHS_SYN_0299,Grade 8,Section C,2026-08-10,25,25,0,1.0,0
ENHS_SYN_0299,Grade 8,Section C,2026-08-17,25,20,5,0.8,1
ENHS_SYN_0299,Grade 8,Section C,2026-08-24,25,24,1,0.96,1
ENHS_SYN_0299,Grade 8,Section C,2026-08-31,25,22,3,0.88,1
ENHS_SYN_0299,Grade 8,Section C,2026-09-07,25,24,1,0.96,1
ENHS_SYN_0299,Grade 8,Section C,2026-09-14,25,25,0,1.0,0
ENHS_SYN_0299,Grade 8,Section C,2026-09-21,25,24,1,0.96,1
ENHS_SYN_0299,Grade 8,Section C,2026-09-28,25,24,1,0.96,1
ENHS_SYN_0299,Grade 8,Section C,2026-10-05,25,23,2,0.92,1
ENHS_SYN_0299,Grade 8,Section C,2026-10-12,25,24,1,0.96,1
ENHS_SYN_0299,Grade 8,Section C,2026-10-19,25,23,2,0.92,1
ENHS_SYN_0300,Grade 8,Section C,2026-08-03,25,18,7,0.72,1
ENHS_SYN_0300,Grade 8,Section C,2026-08-10,25,18,7,0.72,1
ENHS_SYN_0300,Grade 8,Section C,2026-08-17,25,20,5,0.8,1
ENHS_SYN_0300,Grade 8,Section C,2026-08-24,25,17,8,0.68,1
ENHS_SYN_0300,Grade 8,Section C,2026-08-31,25,24,1,0.96,1
ENHS_SYN_0300,Grade 8,Section C,2026-09-07,25,18,7,0.72,1
ENHS_SYN_0300,Grade 8,Section C,2026-09-14,25,22,3,0.88,1
ENHS_SYN_0300,Grade 8,Section C,2026-09-21,25,13,12,0.52,1
ENHS_SYN_0300,Grade 8,Section C,2026-09-28,25,18,7,0.72,1
ENHS_SYN_0300,Grade 8,Section C,2026-10-05,25,19,6,0.76,1
ENHS_SYN_0300,Grade 8,Section C,2026-10-12,25,20,5,0.8,1
ENHS_SYN_0300,Grade 8,Section C,2026-10-19,25,18,7,0.72,1
ENHS_SYN_0301,Grade 9,Section A,2026-08-03,25,24,1,0.96,1
ENHS_SYN_0301,Grade 9,Section A,2026-08-10,25,25,0,1.0,0
ENHS_SYN_0301,Grade 9,Section A,2026-08-17,25,22,3,0.88,1
ENHS_SYN_0301,Grade 9,Section A,2026-08-24,25,23,2,0.92,1
ENHS_SYN_0301,Grade 9,Section A,2026-08-31,25,23,2,0.92,1
ENHS_SYN_0301,Grade 9,Section A,2026-09-07,25,22,3,0.88,1
ENHS_SYN_0301,Grade 9,Section A,2026-09-14,25,24,1,0.96,1
ENHS_SYN_0301,Grade 9,Section A,2026-09-21,25,23,2,0.92,1
ENHS_SYN_0301,Grade 9,Section A,2026-09-28,25,22,3,0.88,1
ENHS_SYN_0301,Grade 9,Section A,2026-10-05,25,19,6,0.76,1
ENHS_SYN_0301,Grade 9,Section A,2026-10-12,25,23,2,0.92,1
ENHS_SYN_0301,Grade 9,Section A,2026-10-19,25,21,4,0.84,1
ENHS_SYN_0302,Grade 9,Section A,2026-08-03,25,22,3,0.88,1
ENHS_SYN_0302,Grade 9,Section A,2026-08-10,25,22,3,0.88,1
ENHS_SYN_0302,Grade 9,Section A,2026-08-17,25,21,4,0.84,1
ENHS_SYN_0302,Grade 9,Section A,2026-08-24,25,21,4,0.84,1
ENHS_SYN_0302,Grade 9,Section A,2026-08-31,25,19,6,0.76,1
ENHS_SYN_0302,Grade 9,Section A,2026-09-07,24,20,4,0.8333,1
ENHS_SYN_0302,Grade 9,Section A,2026-09-14,25,21,4,0.84,1
ENHS_SYN_0302,Grade 9,Section A,2026-09-21,24,19,5,0.7917,1
ENHS_SYN_0302,Grade 9,Section A,2026-09-28,25,20,5,0.8,1
ENHS_SYN_0302,Grade 9,Section A,2026-10-05,25,20,5,0.8,1
ENHS_SYN_0302,Grade 9,Section A,2026-10-12,25,21,4,0.84,1
ENHS_SYN_0302,Grade 9,Section A,2026-10-19,25,19,6,0.76,1
ENHS_SYN_0303,Grade 9,Section A,2026-08-03,25,19,6,0.76,1
ENHS_SYN_0303,Grade 9,Section A,2026-08-10,25,22,3,0.88,1
ENHS_SYN_0303,Grade 9,Section A,2026-08-17,25,22,3,0.88,1
ENHS_SYN_0303,Grade 9,Section A,2026-08-24,25,21,4,0.84,1
ENHS_SYN_0303,Grade 9,Section A,2026-08-31,25,23,2,0.92,1
ENHS_SYN_0303,Grade 9,Section A,2026-09-07,25,19,6,0.76,1
ENHS_SYN_0303,Grade 9,Section A,2026-09-14,25,24,1,0.96,1
ENHS_SYN_0303,Grade 9,Section A,2026-09-21,25,23,2,0.92,1
ENHS_SYN_0303,Grade 9,Section A,2026-09-28,25,20,5,0.8,1
ENHS_SYN_0303,Grade 9,Section A,2026-10-05,25,24,1,0.96,1
ENHS_SYN_0303,Grade 9,Section A,2026-10-12,25,20,5,0.8,1
ENHS_SYN_0303,Grade 9,Section A,2026-10-19,25,22,3,0.88,1
ENHS_SYN_0304,Grade 9,Section A,2026-08-03,25,17,8,0.68,1
ENHS_SYN_0304,Grade 9,Section A,2026-08-10,25,23,2,0.92,1
ENHS_SYN_0304,Grade 9,Section A,2026-08-17,25,23,2,0.92,1
ENHS_SYN_0304,Grade 9,Section A,2026-08-24,25,22,3,0.88,1
ENHS_SYN_0304,Grade 9,Section A,2026-08-31,25,22,3,0.88,1
ENHS_SYN_0304,Grade 9,Section A,2026-09-07,25,23,2,0.92,1
ENHS_SYN_0304,Grade 9,Section A,2026-09-14,25,22,3,0.88,1
ENHS_SYN_0304,Grade 9,Section A,2026-09-21,25,23,2,0.92,1
ENHS_SYN_0304,Grade 9,Section A,2026-09-28,25,23,2,0.92,1
ENHS_SYN_0304,Grade 9,Section A,2026-10-05,25,23,2,0.92,1
ENHS_SYN_0304,Grade 9,Section A,2026-10-12,25,24,1,0.96,1
ENHS_SYN_0304,Grade 9,Section A,2026-10-19,25,22,3,0.88,1
ENHS_SYN_0305,Grade 9,Section A,2026-08-03,25,23,2,0.92,1
ENHS_SYN_0305,Grade 9,Section A,2026-08-10,25,17,8,0.68,1
ENHS_SYN_0305,Grade 9,Section A,2026-08-17,25,21,4,0.84,1
ENHS_SYN_0305,Grade 9,Section A,2026-08-24,25,23,2,0.92,1
ENHS_SYN_0305,Grade 9,Section A,2026-08-31,25,19,6,0.76,1
ENHS_SYN_0305,Grade 9,Section A,2026-09-07,25,20,5,0.8,1
ENHS_SYN_0305,Grade 9,Section A,2026-09-14,25,19,6,0.76,1
ENHS_SYN_0305,Grade 9,Section A,2026-09-21,25,22,3,0.88,1
ENHS_SYN_0305,Grade 9,Section A,2026-09-28,25,23,2,0.92,1
ENHS_SYN_0305,Grade 9,Section A,2026-10-05,25,19,6,0.76,1
ENHS_SYN_0305,Grade 9,Section A,2026-10-12,25,21,4,0.84,1
ENHS_SYN_0305,Grade 9,Section A,2026-10-19,25,23,2,0.92,1
ENHS_SYN_0306,Grade 9,Section A,2026-08-03,25,15,10,0.6,1
ENHS_SYN_0306,Grade 9,Section A,2026-08-10,25,22,3,0.88,1
ENHS_SYN_0306,Grade 9,Section A,2026-08-17,25,18,7,0.72,1
ENHS_SYN_0306,Grade 9,Section A,2026-08-24,24,16,8,0.6667,1
ENHS_SYN_0306,Grade 9,Section A,2026-08-31,25,20,5,0.8,1
ENHS_SYN_0306,Grade 9,Section A,2026-09-07,25,20,5,0.8,1
ENHS_SYN_0306,Grade 9,Section A,2026-09-14,25,15,10,0.6,1
ENHS_SYN_0306,Grade 9,Section A,2026-09-21,25,17,8,0.68,1
ENHS_SYN_0306,Grade 9,Section A,2026-09-28,25,18,7,0.72,1
ENHS_SYN_0306,Grade 9,Section A,2026-10-05,25,22,3,0.88,1
ENHS_SYN_0306,Grade 9,Section A,2026-10-12,25,20,5,0.8,1
ENHS_SYN_0306,Grade 9,Section A,2026-10-19,25,23,2,0.92,1
ENHS_SYN_0307,Grade 9,Section A,2026-08-03,25,21,4,0.84,1
ENHS_SYN_0307,Grade 9,Section A,2026-08-10,25,25,0,1.0,0
ENHS_SYN_0307,Grade 9,Section A,2026-08-17,25,24,1,0.96,1
ENHS_SYN_0307,Grade 9,Section A,2026-08-24,25,23,2,0.92,1
ENHS_SYN_0307,Grade 9,Section A,2026-08-31,25,24,1,0.96,1
ENHS_SYN_0307,Grade 9,Section A,2026-09-07,25,24,1,0.96,1
ENHS_SYN_0307,Grade 9,Section A,2026-09-14,25,22,3,0.88,1
ENHS_SYN_0307,Grade 9,Section A,2026-09-21,24,23,1,0.9583,1
ENHS_SYN_0307,Grade 9,Section A,2026-09-28,25,23,2,0.92,1
ENHS_SYN_0307,Grade 9,Section A,2026-10-05,25,22,3,0.88,1
ENHS_SYN_0307,Grade 9,Section A,2026-10-12,25,21,4,0.84,1
ENHS_SYN_0307,Grade 9,Section A,2026-10-19,25,20,5,0.8,1
ENHS_SYN_0308,Grade 9,Section A,2026-08-03,25,25,0,1.0,0
ENHS_SYN_0308,Grade 9,Section A,2026-08-10,25,23,2,0.92,1
ENHS_SYN_0308,Grade 9,Section A,2026-08-17,25,24,1,0.96,1
ENHS_SYN_0308,Grade 9,Section A,2026-08-24,25,24,1,0.96,1
ENHS_SYN_0308,Grade 9,Section A,2026-08-31,25,24,1,0.96,1
ENHS_SYN_0308,Grade 9,Section A,2026-09-07,24,22,2,0.9167,1
ENHS_SYN_0308,Grade 9,Section A,2026-09-14,25,25,0,1.0,0
ENHS_SYN_0308,Grade 9,Section A,2026-09-21,25,25,0,1.0,0
ENHS_SYN_0308,Grade 9,Section A,2026-09-28,25,25,0,1.0,0
ENHS_SYN_0308,Grade 9,Section A,2026-10-05,25,25,0,1.0,0
ENHS_SYN_0308,Grade 9,Section A,2026-10-12,25,22,3,0.88,1
ENHS_SYN_0308,Grade 9,Section A,2026-10-19,25,25,0,1.0,0
ENHS_SYN_0309,Grade 9,Section A,2026-08-03,25,20,5,0.8,1
ENHS_SYN_0309,Grade 9,Section A,2026-08-10,25,23,2,0.92,1
ENHS_SYN_0309,Grade 9,Section A,2026-08-17,25,21,4,0.84,1
ENHS_SYN_0309,Grade 9,Section A,2026-08-24,25,22,3,0.88,1
ENHS_SYN_0309,Grade 9,Section A,2026-08-31,25,22,3,0.88,1
ENHS_SYN_0309,Grade 9,Section A,2026-09-07,25,23,2,0.92,1
ENHS_SYN_0309,Grade 9,Section A,2026-09-14,25,22,3,0.88,1
ENHS_SYN_0309,Grade 9,Section A,2026-09-21,25,22,3,0.88,1
ENHS_SYN_0309,Grade 9,Section A,2026-09-28,25,24,1,0.96,1
ENHS_SYN_0309,Grade 9,Section A,2026-10-05,25,25,0,1.0,0
ENHS_SYN_0309,Grade 9,Section A,2026-10-12,25,22,3,0.88,1
ENHS_SYN_0309,Grade 9,Section A,2026-10-19,25,24,1,0.96,1
ENHS_SYN_0310,Grade 9,Section A,2026-08-03,25,20,5,0.8,1
ENHS_SYN_0310,Grade 9,Section A,2026-08-10,25,23,2,0.92,1
ENHS_SYN_0310,Grade 9,Section A,2026-08-17,25,20,5,0.8,1
ENHS_SYN_0310,Grade 9,Section A,2026-08-24,25,21,4,0.84,1
ENHS_SYN_0310,Grade 9,Section A,2026-08-31,25,18,7,0.72,1
ENHS_SYN_0310,Grade 9,Section A,2026-09-07,25,20,5,0.8,1
ENHS_SYN_0310,Grade 9,Section A,2026-09-14,25,24,1,0.96,1
ENHS_SYN_0310,Grade 9,Section A,2026-09-21,25,21,4,0.84,1
ENHS_SYN_0310,Grade 9,Section A,2026-09-28,25,21,4,0.84,1
ENHS_SYN_0310,Grade 9,Section A,2026-10-05,25,19,6,0.76,1
ENHS_SYN_0310,Grade 9,Section A,2026-10-12,25,20,5,0.8,1
ENHS_SYN_0310,Grade 9,Section A,2026-10-19,25,15,10,0.6,1
ENHS_SYN_0311,Grade 9,Section A,2026-08-03,25,24,1,0.96,1
ENHS_SYN_0311,Grade 9,Section A,2026-08-10,25,21,4,0.84,1
ENHS_SYN_0311,Grade 9,Section A,2026-08-17,25,25,0,1.0,0
ENHS_SYN_0311,Grade 9,Section A,2026-08-24,25,21,4,0.84,1
ENHS_SYN_0311,Grade 9,Section A,2026-08-31,25,23,2,0.92,1
ENHS_SYN_0311,Grade 9,Section A,2026-09-07,25,19,6,0.76,1
ENHS_SYN_0311,Grade 9,Section A,2026-09-14,25,21,4,0.84,1
ENHS_SYN_0311,Grade 9,Section A,2026-09-21,25,25,0,1.0,0
ENHS_SYN_0311,Grade 9,Section A,2026-09-28,25,23,2,0.92,1
ENHS_SYN_0311,Grade 9,Section A,2026-10-05,25,19,6,0.76,1
ENHS_SYN_0311,Grade 9,Section A,2026-10-12,25,21,4,0.84,1
ENHS_SYN_0311,Grade 9,Section A,2026-10-19,25,22,3,0.88,1
ENHS_SYN_0312,Grade 9,Section A,2026-08-03,25,19,6,0.76,1
ENHS_SYN_0312,Grade 9,Section A,2026-08-10,25,21,4,0.84,1
ENHS_SYN_0312,Grade 9,Section A,2026-08-17,25,21,4,0.84,1
ENHS_SYN_0312,Grade 9,Section A,2026-08-24,25,20,5,0.8,1
ENHS_SYN_0312,Grade 9,Section A,2026-08-31,25,21,4,0.84,1
ENHS_SYN_0312,Grade 9,Section A,2026-09-07,25,24,1,0.96,1
ENHS_SYN_0312,Grade 9,Section A,2026-09-14,25,21,4,0.84,1
ENHS_SYN_0312,Grade 9,Section A,2026-09-21,25,21,4,0.84,1
ENHS_SYN_0312,Grade 9,Section A,2026-09-28,25,22,3,0.88,1
ENHS_SYN_0312,Grade 9,Section A,2026-10-05,25,20,5,0.8,1
ENHS_SYN_0312,Grade 9,Section A,2026-10-12,25,20,5,0.8,1
ENHS_SYN_0312,Grade 9,Section A,2026-10-19,25,17,8,0.68,1
ENHS_SYN_0313,Grade 9,Section A,2026-08-03,25,24,1,0.96,1
ENHS_SYN_0313,Grade 9,Section A,2026-08-10,25,19,6,0.76,1
ENHS_SYN_0313,Grade 9,Section A,2026-08-17,25,21,4,0.84,1
ENHS_SYN_0313,Grade 9,Section A,2026-08-24,25,17,8,0.68,1
ENHS_SYN_0313,Grade 9,Section A,2026-08-31,25,22,3,0.88,1
ENHS_SYN_0313,Grade 9,Section A,2026-09-07,25,19,6,0.76,1
ENHS_SYN_0313,Grade 9,Section A,2026-09-14,24,21,3,0.875,1
ENHS_SYN_0313,Grade 9,Section A,2026-09-21,25,22,3,0.88,1
ENHS_SYN_0313,Grade 9,Section A,2026-09-28,25,23,2,0.92,1
ENHS_SYN_0313,Grade 9,Section A,2026-10-05,25,21,4,0.84,1
ENHS_SYN_0313,Grade 9,Section A,2026-10-12,25,20,5,0.8,1
ENHS_SYN_0313,Grade 9,Section A,2026-10-19,25,20,5,0.8,1
ENHS_SYN_0314,Grade 9,Section A,2026-08-03,25,21,4,0.84,1
ENHS_SYN_0314,Grade 9,Section A,2026-08-10,25,23,2,0.92,1
ENHS_SYN_0314,Grade 9,Section A,2026-08-17,25,23,2,0.92,1
ENHS_SYN_0314,Grade 9,Section A,2026-08-24,24,23,1,0.9583,1
ENHS_SYN_0314,Grade 9,Section A,2026-08-31,25,25,0,1.0,0
ENHS_SYN_0314,Grade 9,Section A,2026-09-07,25,24,1,0.96,1
ENHS_SYN_0314,Grade 9,Section A,2026-09-14,25,24,1,0.96,1
ENHS_SYN_0314,Grade 9,Section A,2026-09-21,25,25,0,1.0,0
ENHS_SYN_0314,Grade 9,Section A,2026-09-28,25,23,2,0.92,1
ENHS_SYN_0314,Grade 9,Section A,2026-10-05,25,24,1,0.96,1
ENHS_SYN_0314,Grade 9,Section A,2026-10-12,25,24,1,0.96,1
ENHS_SYN_0314,Grade 9,Section A,2026-10-19,25,21,4,0.84,1
ENHS_SYN_0315,Grade 9,Section A,2026-08-03,25,25,0,1.0,0
ENHS_SYN_0315,Grade 9,Section A,2026-08-10,25,20,5,0.8,1
ENHS_SYN_0315,Grade 9,Section A,2026-08-17,25,22,3,0.88,1
ENHS_SYN_0315,Grade 9,Section A,2026-08-24,25,25,0,1.0,0
ENHS_SYN_0315,Grade 9,Section A,2026-08-31,25,23,2,0.92,1
ENHS_SYN_0315,Grade 9,Section A,2026-09-07,25,21,4,0.84,1
ENHS_SYN_0315,Grade 9,Section A,2026-09-14,25,25,0,1.0,0
ENHS_SYN_0315,Grade 9,Section A,2026-09-21,25,25,0,1.0,0
ENHS_SYN_0315,Grade 9,Section A,2026-09-28,25,25,0,1.0,0
ENHS_SYN_0315,Grade 9,Section A,2026-10-05,25,24,1,0.96,1
ENHS_SYN_0315,Grade 9,Section A,2026-10-12,25,24,1,0.96,1
ENHS_SYN_0315,Grade 9,Section A,2026-10-19,25,22,3,0.88,1
ENHS_SYN_0316,Grade 9,Section A,2026-08-03,25,23,2,0.92,1
ENHS_SYN_0316,Grade 9,Section A,2026-08-10,25,22,3,0.88,1
ENHS_SYN_0316,Grade 9,Section A,2026-08-17,25,24,1,0.96,1
ENHS_SYN_0316,Grade 9,Section A,2026-08-24,25,25,0,1.0,0
ENHS_SYN_0316,Grade 9,Section A,2026-08-31,25,24,1,0.96,1
ENHS_SYN_0316,Grade 9,Section A,2026-09-07,25,24,1,0.96,1
ENHS_SYN_0316,Grade 9,Section A,2026-09-14,25,22,3,0.88,1
ENHS_SYN_0316,Grade 9,Section A,2026-09-21,25,23,2,0.92,1
ENHS_SYN_0316,Grade 9,Section A,2026-09-28,25,24,1,0.96,1
ENHS_SYN_0316,Grade 9,Section A,2026-10-05,25,22,3,0.88,1
ENHS_SYN_0316,Grade 9,Section A,2026-10-12,25,25,0,1.0,0
ENHS_SYN_0316,Grade 9,Section A,2026-10-19,25,24,1,0.96,1
ENHS_SYN_0317,Grade 9,Section A,2026-08-03,25,23,2,0.92,1
ENHS_SYN_0317,Grade 9,Section A,2026-08-10,25,23,2,0.92,1
ENHS_SYN_0317,Grade 9,Section A,2026-08-17,25,22,3,0.88,1
ENHS_SYN_0317,Grade 9,Section A,2026-08-24,25,24,1,0.96,1
ENHS_SYN_0317,Grade 9,Section A,2026-08-31,25,25,0,1.0,0
ENHS_SYN_0317,Grade 9,Section A,2026-09-07,25,23,2,0.92,1
ENHS_SYN_0317,Grade 9,Section A,2026-09-14,25,22,3,0.88,1
ENHS_SYN_0317,Grade 9,Section A,2026-09-21,25,24,1,0.96,1
ENHS_SYN_0317,Grade 9,Section A,2026-09-28,25,24,1,0.96,1
ENHS_SYN_0317,Grade 9,Section A,2026-10-05,25,24,1,0.96,1
ENHS_SYN_0317,Grade 9,Section A,2026-10-12,25,25,0,1.0,0
ENHS_SYN_0317,Grade 9,Section A,2026-10-19,25,23,2,0.92,1
ENHS_SYN_0318,Grade 9,Section A,2026-08-03,24,23,1,0.9583,1
ENHS_SYN_0318,Grade 9,Section A,2026-08-10,25,25,0,1.0,0
ENHS_SYN_0318,Grade 9,Section A,2026-08-17,25,25,0,1.0,0
ENHS_SYN_0318,Grade 9,Section A,2026-08-24,25,25,0,1.0,0
ENHS_SYN_0318,Grade 9,Section A,2026-08-31,25,21,4,0.84,1
ENHS_SYN_0318,Grade 9,Section A,2026-09-07,25,25,0,1.0,0
ENHS_SYN_0318,Grade 9,Section A,2026-09-14,25,24,1,0.96,1
ENHS_SYN_0318,Grade 9,Section A,2026-09-21,25,25,0,1.0,0
ENHS_SYN_0318,Grade 9,Section A,2026-09-28,25,25,0,1.0,0
ENHS_SYN_0318,Grade 9,Section A,2026-10-05,25,25,0,1.0,0
ENHS_SYN_0318,Grade 9,Section A,2026-10-12,25,24,1,0.96,1
ENHS_SYN_0318,Grade 9,Section A,2026-10-19,25,23,2,0.92,1
ENHS_SYN_0319,Grade 9,Section A,2026-08-03,25,20,5,0.8,1
ENHS_SYN_0319,Grade 9,Section A,2026-08-10,25,21,4,0.84,1
ENHS_SYN_0319,Grade 9,Section A,2026-08-17,25,17,8,0.68,1
ENHS_SYN_0319,Grade 9,Section A,2026-08-24,25,19,6,0.76,1
ENHS_SYN_0319,Grade 9,Section A,2026-08-31,25,22,3,0.88,1
ENHS_SYN_0319,Grade 9,Section A,2026-09-07,25,22,3,0.88,1
ENHS_SYN_0319,Grade 9,Section A,2026-09-14,25,20,5,0.8,1
ENHS_SYN_0319,Grade 9,Section A,2026-09-21,25,18,7,0.72,1
ENHS_SYN_0319,Grade 9,Section A,2026-09-28,25,23,2,0.92,1
ENHS_SYN_0319,Grade 9,Section A,2026-10-05,25,17,8,0.68,1
ENHS_SYN_0319,Grade 9,Section A,2026-10-12,25,17,8,0.68,1
ENHS_SYN_0319,Grade 9,Section A,2026-10-19,25,18,7,0.72,1
ENHS_SYN_0320,Grade 9,Section A,2026-08-03,25,20,5,0.8,1
ENHS_SYN_0320,Grade 9,Section A,2026-08-10,25,21,4,0.84,1
ENHS_SYN_0320,Grade 9,Section A,2026-08-17,25,24,1,0.96,1
ENHS_SYN_0320,Grade 9,Section A,2026-08-24,25,23,2,0.92,1
ENHS_SYN_0320,Grade 9,Section A,2026-08-31,25,22,3,0.88,1
ENHS_SYN_0320,Grade 9,Section A,2026-09-07,24,20,4,0.8333,1
ENHS_SYN_0320,Grade 9,Section A,2026-09-14,25,20,5,0.8,1
ENHS_SYN_0320,Grade 9,Section A,2026-09-21,25,20,5,0.8,1
ENHS_SYN_0320,Grade 9,Section A,2026-09-28,25,24,1,0.96,1
ENHS_SYN_0320,Grade 9,Section A,2026-10-05,25,22,3,0.88,1
ENHS_SYN_0320,Grade 9,Section A,2026-10-12,25,22,3,0.88,1
ENHS_SYN_0320,Grade 9,Section A,2026-10-19,25,20,5,0.8,1
ENHS_SYN_0321,Grade 9,Section A,2026-08-03,25,25,0,1.0,0
ENHS_SYN_0321,Grade 9,Section A,2026-08-10,25,25,0,1.0,0
ENHS_SYN_0321,Grade 9,Section A,2026-08-17,25,25,0,1.0,0
ENHS_SYN_0321,Grade 9,Section A,2026-08-24,25,24,1,0.96,1
ENHS_SYN_0321,Grade 9,Section A,2026-08-31,24,24,0,1.0,0
ENHS_SYN_0321,Grade 9,Section A,2026-09-07,25,22,3,0.88,1
ENHS_SYN_0321,Grade 9,Section A,2026-09-14,24,22,2,0.9167,1
ENHS_SYN_0321,Grade 9,Section A,2026-09-21,25,23,2,0.92,1
ENHS_SYN_0321,Grade 9,Section A,2026-09-28,25,25,0,1.0,0
ENHS_SYN_0321,Grade 9,Section A,2026-10-05,25,25,0,1.0,0
ENHS_SYN_0321,Grade 9,Section A,2026-10-12,25,23,2,0.92,1
ENHS_SYN_0321,Grade 9,Section A,2026-10-19,25,24,1,0.96,1
ENHS_SYN_0322,Grade 9,Section A,2026-08-03,25,23,2,0.92,1
ENHS_SYN_0322,Grade 9,Section A,2026-08-10,25,25,0,1.0,0
ENHS_SYN_0322,Grade 9,Section A,2026-08-17,24,23,1,0.9583,1
ENHS_SYN_0322,Grade 9,Section A,2026-08-24,25,24,1,0.96,1
ENHS_SYN_0322,Grade 9,Section A,2026-08-31,25,21,4,0.84,1
ENHS_SYN_0322,Grade 9,Section A,2026-09-07,25,24,1,0.96,1
ENHS_SYN_0322,Grade 9,Section A,2026-09-14,25,23,2,0.92,1
ENHS_SYN_0322,Grade 9,Section A,2026-09-21,25,24,1,0.96,1
ENHS_SYN_0322,Grade 9,Section A,2026-09-28,25,25,0,1.0,0
ENHS_SYN_0322,Grade 9,Section A,2026-10-05,25,24,1,0.96,1
ENHS_SYN_0322,Grade 9,Section A,2026-10-12,25,24,1,0.96,1
ENHS_SYN_0322,Grade 9,Section A,2026-10-19,25,24,1,0.96,1
ENHS_SYN_0323,Grade 9,Section A,2026-08-03,25,22,3,0.88,1
ENHS_SYN_0323,Grade 9,Section A,2026-08-10,25,24,1,0.96,1
ENHS_SYN_0323,Grade 9,Section A,2026-08-17,25,23,2,0.92,1
ENHS_SYN_0323,Grade 9,Section A,2026-08-24,25,21,4,0.84,1
ENHS_SYN_0323,Grade 9,Section A,2026-08-31,25,21,4,0.84,1
ENHS_SYN_0323,Grade 9,Section A,2026-09-07,25,23,2,0.92,1
ENHS_SYN_0323,Grade 9,Section A,2026-09-14,25,17,8,0.68,1
ENHS_SYN_0323,Grade 9,Section A,2026-09-21,25,23,2,0.92,1
ENHS_SYN_0323,Grade 9,Section A,2026-09-28,25,19,6,0.76,1
ENHS_SYN_0323,Grade 9,Section A,2026-10-05,25,21,4,0.84,1
ENHS_SYN_0323,Grade 9,Section A,2026-10-12,25,22,3,0.88,1
ENHS_SYN_0323,Grade 9,Section A,2026-10-19,25,20,5,0.8,1
ENHS_SYN_0324,Grade 9,Section A,2026-08-03,25,20,5,0.8,1
ENHS_SYN_0324,Grade 9,Section A,2026-08-10,25,20,5,0.8,1
ENHS_SYN_0324,Grade 9,Section A,2026-08-17,25,18,7,0.72,1
ENHS_SYN_0324,Grade 9,Section A,2026-08-24,25,17,8,0.68,1
ENHS_SYN_0324,Grade 9,Section A,2026-08-31,25,22,3,0.88,1
ENHS_SYN_0324,Grade 9,Section A,2026-09-07,25,17,8,0.68,1
ENHS_SYN_0324,Grade 9,Section A,2026-09-14,25,16,9,0.64,1
ENHS_SYN_0324,Grade 9,Section A,2026-09-21,25,18,7,0.72,1
ENHS_SYN_0324,Grade 9,Section A,2026-09-28,25,17,8,0.68,1
ENHS_SYN_0324,Grade 9,Section A,2026-10-05,25,14,11,0.56,1
ENHS_SYN_0324,Grade 9,Section A,2026-10-12,25,16,9,0.64,1
ENHS_SYN_0324,Grade 9,Section A,2026-10-19,25,20,5,0.8,1
ENHS_SYN_0325,Grade 9,Section A,2026-08-03,25,24,1,0.96,1
ENHS_SYN_0325,Grade 9,Section A,2026-08-10,25,25,0,1.0,0
ENHS_SYN_0325,Grade 9,Section A,2026-08-17,25,19,6,0.76,1
ENHS_SYN_0325,Grade 9,Section A,2026-08-24,25,19,6,0.76,1
ENHS_SYN_0325,Grade 9,Section A,2026-08-31,25,24,1,0.96,1
ENHS_SYN_0325,Grade 9,Section A,2026-09-07,25,22,3,0.88,1
ENHS_SYN_0325,Grade 9,Section A,2026-09-14,25,23,2,0.92,1
ENHS_SYN_0325,Grade 9,Section A,2026-09-21,25,23,2,0.92,1
ENHS_SYN_0325,Grade 9,Section A,2026-09-28,24,21,3,0.875,1
ENHS_SYN_0325,Grade 9,Section A,2026-10-05,25,23,2,0.92,1
ENHS_SYN_0325,Grade 9,Section A,2026-10-12,24,22,2,0.9167,1
ENHS_SYN_0325,Grade 9,Section A,2026-10-19,25,23,2,0.92,1
ENHS_SYN_0326,Grade 9,Section A,2026-08-03,25,22,3,0.88,1
ENHS_SYN_0326,Grade 9,Section A,2026-08-10,25,23,2,0.92,1
ENHS_SYN_0326,Grade 9,Section A,2026-08-17,25,24,1,0.96,1
ENHS_SYN_0326,Grade 9,Section A,2026-08-24,25,22,3,0.88,1
ENHS_SYN_0326,Grade 9,Section A,2026-08-31,25,23,2,0.92,1
ENHS_SYN_0326,Grade 9,Section A,2026-09-07,25,22,3,0.88,1
ENHS_SYN_0326,Grade 9,Section A,2026-09-14,25,22,3,0.88,1
ENHS_SYN_0326,Grade 9,Section A,2026-09-21,24,22,2,0.9167,1
ENHS_SYN_0326,Grade 9,Section A,2026-09-28,25,22,3,0.88,1
ENHS_SYN_0326,Grade 9,Section A,2026-10-05,25,23,2,0.92,1
ENHS_SYN_0326,Grade 9,Section A,2026-10-12,25,23,2,0.92,1
ENHS_SYN_0326,Grade 9,Section A,2026-10-19,25,22,3,0.88,1
ENHS_SYN_0327,Grade 9,Section A,2026-08-03,25,22,3,0.88,1
ENHS_SYN_0327,Grade 9,Section A,2026-08-10,25,19,6,0.76,1
ENHS_SYN_0327,Grade 9,Section A,2026-08-17,25,22,3,0.88,1
ENHS_SYN_0327,Grade 9,Section A,2026-08-24,25,22,3,0.88,1
ENHS_SYN_0327,Grade 9,Section A,2026-08-31,25,17,8,0.68,1
ENHS_SYN_0327,Grade 9,Section A,2026-09-07,25,22,3,0.88,1
ENHS_SYN_0327,Grade 9,Section A,2026-09-14,25,24,1,0.96,1
ENHS_SYN_0327,Grade 9,Section A,2026-09-21,25,24,1,0.96,1
ENHS_SYN_0327,Grade 9,Section A,2026-09-28,25,21,4,0.84,1
ENHS_SYN_0327,Grade 9,Section A,2026-10-05,25,24,1,0.96,1
ENHS_SYN_0327,Grade 9,Section A,2026-10-12,25,20,5,0.8,1
ENHS_SYN_0327,Grade 9,Section A,2026-10-19,25,23,2,0.92,1
ENHS_SYN_0328,Grade 9,Section A,2026-08-03,25,20,5,0.8,1
ENHS_SYN_0328,Grade 9,Section A,2026-08-10,25,24,1,0.96,1
ENHS_SYN_0328,Grade 9,Section A,2026-08-17,25,23,2,0.92,1
ENHS_SYN_0328,Grade 9,Section A,2026-08-24,25,24,1,0.96,1
ENHS_SYN_0328,Grade 9,Section A,2026-08-31,25,25,0,1.0,0
ENHS_SYN_0328,Grade 9,Section A,2026-09-07,25,23,2,0.92,1
ENHS_SYN_0328,Grade 9,Section A,2026-09-14,25,24,1,0.96,1
ENHS_SYN_0328,Grade 9,Section A,2026-09-21,25,23,2,0.92,1
ENHS_SYN_0328,Grade 9,Section A,2026-09-28,25,24,1,0.96,1
ENHS_SYN_0328,Grade 9,Section A,2026-10-05,25,25,0,1.0,0
ENHS_SYN_0328,Grade 9,Section A,2026-10-12,25,25,0,1.0,0
ENHS_SYN_0328,Grade 9,Section A,2026-10-19,25,24,1,0.96,1
ENHS_SYN_0329,Grade 9,Section A,2026-08-03,25,22,3,0.88,1
ENHS_SYN_0329,Grade 9,Section A,2026-08-10,24,19,5,0.7917,1
ENHS_SYN_0329,Grade 9,Section A,2026-08-17,25,21,4,0.84,1
ENHS_SYN_0329,Grade 9,Section A,2026-08-24,24,18,6,0.75,1
ENHS_SYN_0329,Grade 9,Section A,2026-08-31,25,20,5,0.8,1
ENHS_SYN_0329,Grade 9,Section A,2026-09-07,25,20,5,0.8,1
ENHS_SYN_0329,Grade 9,Section A,2026-09-14,25,21,4,0.84,1
ENHS_SYN_0329,Grade 9,Section A,2026-09-21,25,22,3,0.88,1
ENHS_SYN_0329,Grade 9,Section A,2026-09-28,24,19,5,0.7917,1
ENHS_SYN_0329,Grade 9,Section A,2026-10-05,24,20,4,0.8333,1
ENHS_SYN_0329,Grade 9,Section A,2026-10-12,25,20,5,0.8,1
ENHS_SYN_0329,Grade 9,Section A,2026-10-19,25,12,13,0.48,1
ENHS_SYN_0330,Grade 9,Section A,2026-08-03,25,19,6,0.76,1
ENHS_SYN_0330,Grade 9,Section A,2026-08-10,25,18,7,0.72,1
ENHS_SYN_0330,Grade 9,Section A,2026-08-17,25,18,7,0.72,1
ENHS_SYN_0330,Grade 9,Section A,2026-08-24,25,18,7,0.72,1
ENHS_SYN_0330,Grade 9,Section A,2026-08-31,25,18,7,0.72,1
ENHS_SYN_0330,Grade 9,Section A,2026-09-07,24,17,7,0.7083,1
ENHS_SYN_0330,Grade 9,Section A,2026-09-14,25,21,4,0.84,1
ENHS_SYN_0330,Grade 9,Section A,2026-09-21,25,20,5,0.8,1
ENHS_SYN_0330,Grade 9,Section A,2026-09-28,25,22,3,0.88,1
ENHS_SYN_0330,Grade 9,Section A,2026-10-05,25,22,3,0.88,1
ENHS_SYN_0330,Grade 9,Section A,2026-10-12,25,19,6,0.76,1
ENHS_SYN_0330,Grade 9,Section A,2026-10-19,25,20,5,0.8,1
ENHS_SYN_0331,Grade 9,Section A,2026-08-03,25,19,6,0.76,1
ENHS_SYN_0331,Grade 9,Section A,2026-08-10,25,20,5,0.8,1
ENHS_SYN_0331,Grade 9,Section A,2026-08-17,25,18,7,0.72,1
ENHS_SYN_0331,Grade 9,Section A,2026-08-24,25,16,9,0.64,1
ENHS_SYN_0331,Grade 9,Section A,2026-08-31,24,18,6,0.75,1
ENHS_SYN_0331,Grade 9,Section A,2026-09-07,25,21,4,0.84,1
ENHS_SYN_0331,Grade 9,Section A,2026-09-14,25,17,8,0.68,1
ENHS_SYN_0331,Grade 9,Section A,2026-09-21,25,18,7,0.72,1
ENHS_SYN_0331,Grade 9,Section A,2026-09-28,25,20,5,0.8,1
ENHS_SYN_0331,Grade 9,Section A,2026-10-05,24,19,5,0.7917,1
ENHS_SYN_0331,Grade 9,Section A,2026-10-12,25,20,5,0.8,1
ENHS_SYN_0331,Grade 9,Section A,2026-10-19,25,18,7,0.72,1
ENHS_SYN_0332,Grade 9,Section A,2026-08-03,25,20,5,0.8,1
ENHS_SYN_0332,Grade 9,Section A,2026-08-10,25,20,5,0.8,1
ENHS_SYN_0332,Grade 9,Section A,2026-08-17,25,18,7,0.72,1
ENHS_SYN_0332,Grade 9,Section A,2026-08-24,25,20,5,0.8,1
ENHS_SYN_0332,Grade 9,Section A,2026-08-31,25,21,4,0.84,1
ENHS_SYN_0332,Grade 9,Section A,2026-09-07,25,23,2,0.92,1
ENHS_SYN_0332,Grade 9,Section A,2026-09-14,25,21,4,0.84,1
ENHS_SYN_0332,Grade 9,Section A,2026-09-21,25,19,6,0.76,1
ENHS_SYN_0332,Grade 9,Section A,2026-09-28,25,20,5,0.8,1
ENHS_SYN_0332,Grade 9,Section A,2026-10-05,25,17,8,0.68,1
ENHS_SYN_0332,Grade 9,Section A,2026-10-12,25,21,4,0.84,1
ENHS_SYN_0332,Grade 9,Section A,2026-10-19,25,21,4,0.84,1
ENHS_SYN_0333,Grade 9,Section A,2026-08-03,25,24,1,0.96,1
ENHS_SYN_0333,Grade 9,Section A,2026-08-10,25,18,7,0.72,1
ENHS_SYN_0333,Grade 9,Section A,2026-08-17,25,22,3,0.88,1
ENHS_SYN_0333,Grade 9,Section A,2026-08-24,25,23,2,0.92,1
ENHS_SYN_0333,Grade 9,Section A,2026-08-31,25,23,2,0.92,1
ENHS_SYN_0333,Grade 9,Section A,2026-09-07,25,24,1,0.96,1
ENHS_SYN_0333,Grade 9,Section A,2026-09-14,25,20,5,0.8,1
ENHS_SYN_0333,Grade 9,Section A,2026-09-21,25,22,3,0.88,1
ENHS_SYN_0333,Grade 9,Section A,2026-09-28,25,21,4,0.84,1
ENHS_SYN_0333,Grade 9,Section A,2026-10-05,25,24,1,0.96,1
ENHS_SYN_0333,Grade 9,Section A,2026-10-12,25,23,2,0.92,1
ENHS_SYN_0333,Grade 9,Section A,2026-10-19,25,23,2,0.92,1
ENHS_SYN_0334,Grade 9,Section A,2026-08-03,25,19,6,0.76,1
ENHS_SYN_0334,Grade 9,Section A,2026-08-10,25,18,7,0.72,1
ENHS_SYN_0334,Grade 9,Section A,2026-08-17,24,17,7,0.7083,1
ENHS_SYN_0334,Grade 9,Section A,2026-08-24,25,20,5,0.8,1
ENHS_SYN_0334,Grade 9,Section A,2026-08-31,25,20,5,0.8,1
ENHS_SYN_0334,Grade 9,Section A,2026-09-07,25,20,5,0.8,1
ENHS_SYN_0334,Grade 9,Section A,2026-09-14,25,16,9,0.64,1
ENHS_SYN_0334,Grade 9,Section A,2026-09-21,25,20,5,0.8,1
ENHS_SYN_0334,Grade 9,Section A,2026-09-28,25,16,9,0.64,1
ENHS_SYN_0334,Grade 9,Section A,2026-10-05,25,15,10,0.6,1
ENHS_SYN_0334,Grade 9,Section A,2026-10-12,25,17,8,0.68,1
ENHS_SYN_0334,Grade 9,Section A,2026-10-19,25,18,7,0.72,1
ENHS_SYN_0335,Grade 9,Section A,2026-08-03,25,25,0,1.0,0
ENHS_SYN_0335,Grade 9,Section A,2026-08-10,25,25,0,1.0,0
ENHS_SYN_0335,Grade 9,Section A,2026-08-17,25,24,1,0.96,1
ENHS_SYN_0335,Grade 9,Section A,2026-08-24,25,24,1,0.96,1
ENHS_SYN_0335,Grade 9,Section A,2026-08-31,25,24,1,0.96,1
ENHS_SYN_0335,Grade 9,Section A,2026-09-07,25,23,2,0.92,1
ENHS_SYN_0335,Grade 9,Section A,2026-09-14,25,25,0,1.0,0
ENHS_SYN_0335,Grade 9,Section A,2026-09-21,25,23,2,0.92,1
ENHS_SYN_0335,Grade 9,Section A,2026-09-28,25,25,0,1.0,0
ENHS_SYN_0335,Grade 9,Section A,2026-10-05,25,25,0,1.0,0
ENHS_SYN_0335,Grade 9,Section A,2026-10-12,25,24,1,0.96,1
ENHS_SYN_0335,Grade 9,Section A,2026-10-19,25,25,0,1.0,0
ENHS_SYN_0336,Grade 9,Section A,2026-08-03,24,21,3,0.875,1
ENHS_SYN_0336,Grade 9,Section A,2026-08-10,25,23,2,0.92,1
ENHS_SYN_0336,Grade 9,Section A,2026-08-17,25,22,3,0.88,1
ENHS_SYN_0336,Grade 9,Section A,2026-08-24,25,23,2,0.92,1
ENHS_SYN_0336,Grade 9,Section A,2026-08-31,25,23,2,0.92,1
ENHS_SYN_0336,Grade 9,Section A,2026-09-07,25,24,1,0.96,1
ENHS_SYN_0336,Grade 9,Section A,2026-09-14,25,23,2,0.92,1
ENHS_SYN_0336,Grade 9,Section A,2026-09-21,25,25,0,1.0,0
ENHS_SYN_0336,Grade 9,Section A,2026-09-28,25,24,1,0.96,1
ENHS_SYN_0336,Grade 9,Section A,2026-10-05,25,23,2,0.92,1
ENHS_SYN_0336,Grade 9,Section A,2026-10-12,25,24,1,0.96,1
ENHS_SYN_0336,Grade 9,Section A,2026-10-19,25,25,0,1.0,0
ENHS_SYN_0337,Grade 9,Section A,2026-08-03,25,21,4,0.84,1
ENHS_SYN_0337,Grade 9,Section A,2026-08-10,25,24,1,0.96,1
ENHS_SYN_0337,Grade 9,Section A,2026-08-17,25,22,3,0.88,1
ENHS_SYN_0337,Grade 9,Section A,2026-08-24,24,19,5,0.7917,1
ENHS_SYN_0337,Grade 9,Section A,2026-08-31,25,22,3,0.88,1
ENHS_SYN_0337,Grade 9,Section A,2026-09-07,25,21,4,0.84,1
ENHS_SYN_0337,Grade 9,Section A,2026-09-14,25,24,1,0.96,1
ENHS_SYN_0337,Grade 9,Section A,2026-09-21,25,24,1,0.96,1
ENHS_SYN_0337,Grade 9,Section A,2026-09-28,25,24,1,0.96,1
ENHS_SYN_0337,Grade 9,Section A,2026-10-05,25,25,0,1.0,0
ENHS_SYN_0337,Grade 9,Section A,2026-10-12,25,24,1,0.96,1
ENHS_SYN_0337,Grade 9,Section A,2026-10-19,25,19,6,0.76,1
ENHS_SYN_0338,Grade 9,Section A,2026-08-03,25,24,1,0.96,1
ENHS_SYN_0338,Grade 9,Section A,2026-08-10,25,22,3,0.88,1
ENHS_SYN_0338,Grade 9,Section A,2026-08-17,25,25,0,1.0,0
ENHS_SYN_0338,Grade 9,Section A,2026-08-24,25,21,4,0.84,1
ENHS_SYN_0338,Grade 9,Section A,2026-08-31,25,24,1,0.96,1
ENHS_SYN_0338,Grade 9,Section A,2026-09-07,25,23,2,0.92,1
ENHS_SYN_0338,Grade 9,Section A,2026-09-14,25,23,2,0.92,1
ENHS_SYN_0338,Grade 9,Section A,2026-09-21,25,22,3,0.88,1
ENHS_SYN_0338,Grade 9,Section A,2026-09-28,25,22,3,0.88,1
ENHS_SYN_0338,Grade 9,Section A,2026-10-05,25,23,2,0.92,1
ENHS_SYN_0338,Grade 9,Section A,2026-10-12,25,24,1,0.96,1
ENHS_SYN_0338,Grade 9,Section A,2026-10-19,25,23,2,0.92,1
ENHS_SYN_0339,Grade 9,Section A,2026-08-03,25,22,3,0.88,1
ENHS_SYN_0339,Grade 9,Section A,2026-08-10,25,20,5,0.8,1
ENHS_SYN_0339,Grade 9,Section A,2026-08-17,25,22,3,0.88,1
ENHS_SYN_0339,Grade 9,Section A,2026-08-24,25,18,7,0.72,1
ENHS_SYN_0339,Grade 9,Section A,2026-08-31,25,21,4,0.84,1
ENHS_SYN_0339,Grade 9,Section A,2026-09-07,25,22,3,0.88,1
ENHS_SYN_0339,Grade 9,Section A,2026-09-14,25,23,2,0.92,1
ENHS_SYN_0339,Grade 9,Section A,2026-09-21,25,22,3,0.88,1
ENHS_SYN_0339,Grade 9,Section A,2026-09-28,25,22,3,0.88,1
ENHS_SYN_0339,Grade 9,Section A,2026-10-05,25,22,3,0.88,1
ENHS_SYN_0339,Grade 9,Section A,2026-10-12,25,19,6,0.76,1
ENHS_SYN_0339,Grade 9,Section A,2026-10-19,25,23,2,0.92,1
ENHS_SYN_0340,Grade 9,Section A,2026-08-03,25,23,2,0.92,1
ENHS_SYN_0340,Grade 9,Section A,2026-08-10,25,23,2,0.92,1
ENHS_SYN_0340,Grade 9,Section A,2026-08-17,25,22,3,0.88,1
ENHS_SYN_0340,Grade 9,Section A,2026-08-24,25,24,1,0.96,1
ENHS_SYN_0340,Grade 9,Section A,2026-08-31,25,21,4,0.84,1
ENHS_SYN_0340,Grade 9,Section A,2026-09-07,25,21,4,0.84,1
ENHS_SYN_0340,Grade 9,Section A,2026-09-14,25,21,4,0.84,1
ENHS_SYN_0340,Grade 9,Section A,2026-09-21,25,22,3,0.88,1
ENHS_SYN_0340,Grade 9,Section A,2026-09-28,25,23,2,0.92,1
ENHS_SYN_0340,Grade 9,Section A,2026-10-05,25,21,4,0.84,1
ENHS_SYN_0340,Grade 9,Section A,2026-10-12,25,25,0,1.0,0
ENHS_SYN_0340,Grade 9,Section A,2026-10-19,25,20,5,0.8,1
ENHS_SYN_0341,Grade 9,Section A,2026-08-03,25,16,9,0.64,1
ENHS_SYN_0341,Grade 9,Section A,2026-08-10,25,21,4,0.84,1
ENHS_SYN_0341,Grade 9,Section A,2026-08-17,25,21,4,0.84,1
ENHS_SYN_0341,Grade 9,Section A,2026-08-24,25,17,8,0.68,1
ENHS_SYN_0341,Grade 9,Section A,2026-08-31,25,19,6,0.76,1
ENHS_SYN_0341,Grade 9,Section A,2026-09-07,25,21,4,0.84,1
ENHS_SYN_0341,Grade 9,Section A,2026-09-14,25,17,8,0.68,1
ENHS_SYN_0341,Grade 9,Section A,2026-09-21,25,18,7,0.72,1
ENHS_SYN_0341,Grade 9,Section A,2026-09-28,25,20,5,0.8,1
ENHS_SYN_0341,Grade 9,Section A,2026-10-05,25,19,6,0.76,1
ENHS_SYN_0341,Grade 9,Section A,2026-10-12,24,17,7,0.7083,1
ENHS_SYN_0341,Grade 9,Section A,2026-10-19,25,21,4,0.84,1
ENHS_SYN_0342,Grade 9,Section A,2026-08-03,25,23,2,0.92,1
ENHS_SYN_0342,Grade 9,Section A,2026-08-10,24,21,3,0.875,1
ENHS_SYN_0342,Grade 9,Section A,2026-08-17,25,24,1,0.96,1
ENHS_SYN_0342,Grade 9,Section A,2026-08-24,25,22,3,0.88,1
ENHS_SYN_0342,Grade 9,Section A,2026-08-31,25,22,3,0.88,1
ENHS_SYN_0342,Grade 9,Section A,2026-09-07,25,24,1,0.96,1
ENHS_SYN_0342,Grade 9,Section A,2026-09-14,25,23,2,0.92,1
ENHS_SYN_0342,Grade 9,Section A,2026-09-21,25,22,3,0.88,1
ENHS_SYN_0342,Grade 9,Section A,2026-09-28,25,25,0,1.0,0
ENHS_SYN_0342,Grade 9,Section A,2026-10-05,25,24,1,0.96,1
ENHS_SYN_0342,Grade 9,Section A,2026-10-12,25,25,0,1.0,0
ENHS_SYN_0342,Grade 9,Section A,2026-10-19,25,24,1,0.96,1
ENHS_SYN_0343,Grade 9,Section A,2026-08-03,25,20,5,0.8,1
ENHS_SYN_0343,Grade 9,Section A,2026-08-10,25,19,6,0.76,1
ENHS_SYN_0343,Grade 9,Section A,2026-08-17,25,19,6,0.76,1
ENHS_SYN_0343,Grade 9,Section A,2026-08-24,25,18,7,0.72,1
ENHS_SYN_0343,Grade 9,Section A,2026-08-31,25,17,8,0.68,1
ENHS_SYN_0343,Grade 9,Section A,2026-09-07,25,19,6,0.76,1
ENHS_SYN_0343,Grade 9,Section A,2026-09-14,25,18,7,0.72,1
ENHS_SYN_0343,Grade 9,Section A,2026-09-21,25,20,5,0.8,1
ENHS_SYN_0343,Grade 9,Section A,2026-09-28,25,17,8,0.68,1
ENHS_SYN_0343,Grade 9,Section A,2026-10-05,25,15,10,0.6,1
ENHS_SYN_0343,Grade 9,Section A,2026-10-12,25,17,8,0.68,1
ENHS_SYN_0343,Grade 9,Section A,2026-10-19,25,20,5,0.8,1
ENHS_SYN_0344,Grade 9,Section A,2026-08-03,25,20,5,0.8,1
ENHS_SYN_0344,Grade 9,Section A,2026-08-10,25,19,6,0.76,1
ENHS_SYN_0344,Grade 9,Section A,2026-08-17,25,21,4,0.84,1
ENHS_SYN_0344,Grade 9,Section A,2026-08-24,25,17,8,0.68,1
ENHS_SYN_0344,Grade 9,Section A,2026-08-31,25,15,10,0.6,1
ENHS_SYN_0344,Grade 9,Section A,2026-09-07,25,21,4,0.84,1
ENHS_SYN_0344,Grade 9,Section A,2026-09-14,25,22,3,0.88,1
ENHS_SYN_0344,Grade 9,Section A,2026-09-21,25,18,7,0.72,1
ENHS_SYN_0344,Grade 9,Section A,2026-09-28,25,18,7,0.72,1
ENHS_SYN_0344,Grade 9,Section A,2026-10-05,25,20,5,0.8,1
ENHS_SYN_0344,Grade 9,Section A,2026-10-12,25,21,4,0.84,1
ENHS_SYN_0344,Grade 9,Section A,2026-10-19,25,20,5,0.8,1
ENHS_SYN_0345,Grade 9,Section A,2026-08-03,25,21,4,0.84,1
ENHS_SYN_0345,Grade 9,Section A,2026-08-10,25,24,1,0.96,1
ENHS_SYN_0345,Grade 9,Section A,2026-08-17,25,22,3,0.88,1
ENHS_SYN_0345,Grade 9,Section A,2026-08-24,25,24,1,0.96,1
ENHS_SYN_0345,Grade 9,Section A,2026-08-31,25,20,5,0.8,1
ENHS_SYN_0345,Grade 9,Section A,2026-09-07,25,23,2,0.92,1
ENHS_SYN_0345,Grade 9,Section A,2026-09-14,25,25,0,1.0,0
ENHS_SYN_0345,Grade 9,Section A,2026-09-21,25,21,4,0.84,1
ENHS_SYN_0345,Grade 9,Section A,2026-09-28,25,23,2,0.92,1
ENHS_SYN_0345,Grade 9,Section A,2026-10-05,25,20,5,0.8,1
ENHS_SYN_0345,Grade 9,Section A,2026-10-12,25,25,0,1.0,0
ENHS_SYN_0345,Grade 9,Section A,2026-10-19,25,23,2,0.92,1
ENHS_SYN_0346,Grade 9,Section A,2026-08-03,25,23,2,0.92,1
ENHS_SYN_0346,Grade 9,Section A,2026-08-10,25,22,3,0.88,1
ENHS_SYN_0346,Grade 9,Section A,2026-08-17,25,24,1,0.96,1
ENHS_SYN_0346,Grade 9,Section A,2026-08-24,25,22,3,0.88,1
ENHS_SYN_0346,Grade 9,Section A,2026-08-31,25,23,2,0.92,1
ENHS_SYN_0346,Grade 9,Section A,2026-09-07,25,21,4,0.84,1
ENHS_SYN_0346,Grade 9,Section A,2026-09-14,25,24,1,0.96,1
ENHS_SYN_0346,Grade 9,Section A,2026-09-21,25,23,2,0.92,1
ENHS_SYN_0346,Grade 9,Section A,2026-09-28,25,23,2,0.92,1
ENHS_SYN_0346,Grade 9,Section A,2026-10-05,25,22,3,0.88,1
ENHS_SYN_0346,Grade 9,Section A,2026-10-12,25,25,0,1.0,0
ENHS_SYN_0346,Grade 9,Section A,2026-10-19,25,21,4,0.84,1
ENHS_SYN_0347,Grade 9,Section A,2026-08-03,25,21,4,0.84,1
ENHS_SYN_0347,Grade 9,Section A,2026-08-10,25,22,3,0.88,1
ENHS_SYN_0347,Grade 9,Section A,2026-08-17,25,22,3,0.88,1
ENHS_SYN_0347,Grade 9,Section A,2026-08-24,25,21,4,0.84,1
ENHS_SYN_0347,Grade 9,Section A,2026-08-31,25,24,1,0.96,1
ENHS_SYN_0347,Grade 9,Section A,2026-09-07,25,20,5,0.8,1
ENHS_SYN_0347,Grade 9,Section A,2026-09-14,25,20,5,0.8,1
ENHS_SYN_0347,Grade 9,Section A,2026-09-21,25,19,6,0.76,1
ENHS_SYN_0347,Grade 9,Section A,2026-09-28,25,18,7,0.72,1
ENHS_SYN_0347,Grade 9,Section A,2026-10-05,25,20,5,0.8,1
ENHS_SYN_0347,Grade 9,Section A,2026-10-12,25,20,5,0.8,1
ENHS_SYN_0347,Grade 9,Section A,2026-10-19,25,22,3,0.88,1
ENHS_SYN_0348,Grade 9,Section A,2026-08-03,25,23,2,0.92,1
ENHS_SYN_0348,Grade 9,Section A,2026-08-10,25,17,8,0.68,1
ENHS_SYN_0348,Grade 9,Section A,2026-08-17,25,19,6,0.76,1
ENHS_SYN_0348,Grade 9,Section A,2026-08-24,25,21,4,0.84,1
ENHS_SYN_0348,Grade 9,Section A,2026-08-31,25,17,8,0.68,1
ENHS_SYN_0348,Grade 9,Section A,2026-09-07,25,18,7,0.72,1
ENHS_SYN_0348,Grade 9,Section A,2026-09-14,25,22,3,0.88,1
ENHS_SYN_0348,Grade 9,Section A,2026-09-21,25,23,2,0.92,1
ENHS_SYN_0348,Grade 9,Section A,2026-09-28,25,23,2,0.92,1
ENHS_SYN_0348,Grade 9,Section A,2026-10-05,25,21,4,0.84,1
ENHS_SYN_0348,Grade 9,Section A,2026-10-12,25,22,3,0.88,1
ENHS_SYN_0348,Grade 9,Section A,2026-10-19,25,21,4,0.84,1
ENHS_SYN_0349,Grade 9,Section A,2026-08-03,25,20,5,0.8,1
ENHS_SYN_0349,Grade 9,Section A,2026-08-10,25,24,1,0.96,1
ENHS_SYN_0349,Grade 9,Section A,2026-08-17,24,24,0,1.0,0
ENHS_SYN_0349,Grade 9,Section A,2026-08-24,25,22,3,0.88,1
ENHS_SYN_0349,Grade 9,Section A,2026-08-31,25,23,2,0.92,1
ENHS_SYN_0349,Grade 9,Section A,2026-09-07,25,20,5,0.8,1
ENHS_SYN_0349,Grade 9,Section A,2026-09-14,25,21,4,0.84,1
ENHS_SYN_0349,Grade 9,Section A,2026-09-21,25,22,3,0.88,1
ENHS_SYN_0349,Grade 9,Section A,2026-09-28,25,24,1,0.96,1
ENHS_SYN_0349,Grade 9,Section A,2026-10-05,25,22,3,0.88,1
ENHS_SYN_0349,Grade 9,Section A,2026-10-12,25,23,2,0.92,1
ENHS_SYN_0349,Grade 9,Section A,2026-10-19,25,22,3,0.88,1
ENHS_SYN_0350,Grade 9,Section A,2026-08-03,25,23,2,0.92,1
ENHS_SYN_0350,Grade 9,Section A,2026-08-10,25,21,4,0.84,1
ENHS_SYN_0350,Grade 9,Section A,2026-08-17,25,21,4,0.84,1
ENHS_SYN_0350,Grade 9,Section A,2026-08-24,25,24,1,0.96,1
ENHS_SYN_0350,Grade 9,Section A,2026-08-31,25,20,5,0.8,1
ENHS_SYN_0350,Grade 9,Section A,2026-09-07,25,20,5,0.8,1
ENHS_SYN_0350,Grade 9,Section A,2026-09-14,25,20,5,0.8,1
ENHS_SYN_0350,Grade 9,Section A,2026-09-21,25,21,4,0.84,1
ENHS_SYN_0350,Grade 9,Section A,2026-09-28,24,21,3,0.875,1
ENHS_SYN_0350,Grade 9,Section A,2026-10-05,25,21,4,0.84,1
ENHS_SYN_0350,Grade 9,Section A,2026-10-12,25,24,1,0.96,1
ENHS_SYN_0350,Grade 9,Section A,2026-10-19,25,20,5,0.8,1
ENHS_SYN_0351,Grade 9,Section B,2026-08-03,25,21,4,0.84,1
ENHS_SYN_0351,Grade 9,Section B,2026-08-10,25,22,3,0.88,1
ENHS_SYN_0351,Grade 9,Section B,2026-08-17,25,24,1,0.96,1
ENHS_SYN_0351,Grade 9,Section B,2026-08-24,25,24,1,0.96,1
ENHS_SYN_0351,Grade 9,Section B,2026-08-31,25,22,3,0.88,1
ENHS_SYN_0351,Grade 9,Section B,2026-09-07,24,22,2,0.9167,1
ENHS_SYN_0351,Grade 9,Section B,2026-09-14,25,22,3,0.88,1
ENHS_SYN_0351,Grade 9,Section B,2026-09-21,25,21,4,0.84,1
ENHS_SYN_0351,Grade 9,Section B,2026-09-28,25,24,1,0.96,1
ENHS_SYN_0351,Grade 9,Section B,2026-10-05,25,24,1,0.96,1
ENHS_SYN_0351,Grade 9,Section B,2026-10-12,25,24,1,0.96,1
ENHS_SYN_0351,Grade 9,Section B,2026-10-19,25,22,3,0.88,1
ENHS_SYN_0352,Grade 9,Section B,2026-08-03,25,20,5,0.8,1
ENHS_SYN_0352,Grade 9,Section B,2026-08-10,25,20,5,0.8,1
ENHS_SYN_0352,Grade 9,Section B,2026-08-17,25,22,3,0.88,1
ENHS_SYN_0352,Grade 9,Section B,2026-08-24,25,20,5,0.8,1
ENHS_SYN_0352,Grade 9,Section B,2026-08-31,25,22,3,0.88,1
ENHS_SYN_0352,Grade 9,Section B,2026-09-07,25,22,3,0.88,1
ENHS_SYN_0352,Grade 9,Section B,2026-09-14,25,23,2,0.92,1
ENHS_SYN_0352,Grade 9,Section B,2026-09-21,25,23,2,0.92,1
ENHS_SYN_0352,Grade 9,Section B,2026-09-28,24,20,4,0.8333,1
ENHS_SYN_0352,Grade 9,Section B,2026-10-05,25,20,5,0.8,1
ENHS_SYN_0352,Grade 9,Section B,2026-10-12,25,21,4,0.84,1
ENHS_SYN_0352,Grade 9,Section B,2026-10-19,25,20,5,0.8,1
ENHS_SYN_0353,Grade 9,Section B,2026-08-03,25,19,6,0.76,1
ENHS_SYN_0353,Grade 9,Section B,2026-08-10,25,22,3,0.88,1
ENHS_SYN_0353,Grade 9,Section B,2026-08-17,24,23,1,0.9583,1
ENHS_SYN_0353,Grade 9,Section B,2026-08-24,25,24,1,0.96,1
ENHS_SYN_0353,Grade 9,Section B,2026-08-31,25,22,3,0.88,1
ENHS_SYN_0353,Grade 9,Section B,2026-09-07,25,20,5,0.8,1
ENHS_SYN_0353,Grade 9,Section B,2026-09-14,25,24,1,0.96,1
ENHS_SYN_0353,Grade 9,Section B,2026-09-21,25,22,3,0.88,1
ENHS_SYN_0353,Grade 9,Section B,2026-09-28,25,24,1,0.96,1
ENHS_SYN_0353,Grade 9,Section B,2026-10-05,25,22,3,0.88,1
ENHS_SYN_0353,Grade 9,Section B,2026-10-12,25,22,3,0.88,1
ENHS_SYN_0353,Grade 9,Section B,2026-10-19,24,22,2,0.9167,1
ENHS_SYN_0354,Grade 9,Section B,2026-08-03,25,24,1,0.96,1
ENHS_SYN_0354,Grade 9,Section B,2026-08-10,25,25,0,1.0,0
ENHS_SYN_0354,Grade 9,Section B,2026-08-17,25,23,2,0.92,1
ENHS_SYN_0354,Grade 9,Section B,2026-08-24,25,22,3,0.88,1
ENHS_SYN_0354,Grade 9,Section B,2026-08-31,25,24,1,0.96,1
ENHS_SYN_0354,Grade 9,Section B,2026-09-07,25,23,2,0.92,1
ENHS_SYN_0354,Grade 9,Section B,2026-09-14,24,23,1,0.9583,1
ENHS_SYN_0354,Grade 9,Section B,2026-09-21,25,25,0,1.0,0
ENHS_SYN_0354,Grade 9,Section B,2026-09-28,25,23,2,0.92,1
ENHS_SYN_0354,Grade 9,Section B,2026-10-05,25,22,3,0.88,1
ENHS_SYN_0354,Grade 9,Section B,2026-10-12,25,23,2,0.92,1
ENHS_SYN_0354,Grade 9,Section B,2026-10-19,25,23,2,0.92,1
ENHS_SYN_0355,Grade 9,Section B,2026-08-03,25,25,0,1.0,0
ENHS_SYN_0355,Grade 9,Section B,2026-08-10,25,25,0,1.0,0
ENHS_SYN_0355,Grade 9,Section B,2026-08-17,25,24,1,0.96,1
ENHS_SYN_0355,Grade 9,Section B,2026-08-24,25,25,0,1.0,0
ENHS_SYN_0355,Grade 9,Section B,2026-08-31,25,25,0,1.0,0
ENHS_SYN_0355,Grade 9,Section B,2026-09-07,25,25,0,1.0,0
ENHS_SYN_0355,Grade 9,Section B,2026-09-14,25,24,1,0.96,1
ENHS_SYN_0355,Grade 9,Section B,2026-09-21,24,23,1,0.9583,1
ENHS_SYN_0355,Grade 9,Section B,2026-09-28,25,23,2,0.92,1
ENHS_SYN_0355,Grade 9,Section B,2026-10-05,25,25,0,1.0,0
ENHS_SYN_0355,Grade 9,Section B,2026-10-12,25,25,0,1.0,0
ENHS_SYN_0355,Grade 9,Section B,2026-10-19,25,25,0,1.0,0
ENHS_SYN_0356,Grade 9,Section B,2026-08-03,25,22,3,0.88,1
ENHS_SYN_0356,Grade 9,Section B,2026-08-10,25,19,6,0.76,1
ENHS_SYN_0356,Grade 9,Section B,2026-08-17,25,15,10,0.6,1
ENHS_SYN_0356,Grade 9,Section B,2026-08-24,25,21,4,0.84,1
ENHS_SYN_0356,Grade 9,Section B,2026-08-31,25,19,6,0.76,1
ENHS_SYN_0356,Grade 9,Section B,2026-09-07,25,19,6,0.76,1
ENHS_SYN_0356,Grade 9,Section B,2026-09-14,25,23,2,0.92,1
ENHS_SYN_0356,Grade 9,Section B,2026-09-21,24,18,6,0.75,1
ENHS_SYN_0356,Grade 9,Section B,2026-09-28,25,21,4,0.84,1
ENHS_SYN_0356,Grade 9,Section B,2026-10-05,25,20,5,0.8,1
ENHS_SYN_0356,Grade 9,Section B,2026-10-12,25,18,7,0.72,1
ENHS_SYN_0356,Grade 9,Section B,2026-10-19,25,21,4,0.84,1
ENHS_SYN_0357,Grade 9,Section B,2026-08-03,25,20,5,0.8,1
ENHS_SYN_0357,Grade 9,Section B,2026-08-10,25,16,9,0.64,1
ENHS_SYN_0357,Grade 9,Section B,2026-08-17,25,19,6,0.76,1
ENHS_SYN_0357,Grade 9,Section B,2026-08-24,25,18,7,0.72,1
ENHS_SYN_0357,Grade 9,Section B,2026-08-31,25,19,6,0.76,1
ENHS_SYN_0357,Grade 9,Section B,2026-09-07,25,21,4,0.84,1
ENHS_SYN_0357,Grade 9,Section B,2026-09-14,25,17,8,0.68,1
ENHS_SYN_0357,Grade 9,Section B,2026-09-21,25,16,9,0.64,1
ENHS_SYN_0357,Grade 9,Section B,2026-09-28,25,20,5,0.8,1
ENHS_SYN_0357,Grade 9,Section B,2026-10-05,25,18,7,0.72,1
ENHS_SYN_0357,Grade 9,Section B,2026-10-12,25,22,3,0.88,1
ENHS_SYN_0357,Grade 9,Section B,2026-10-19,25,19,6,0.76,1
ENHS_SYN_0358,Grade 9,Section B,2026-08-03,24,21,3,0.875,1
ENHS_SYN_0358,Grade 9,Section B,2026-08-10,25,24,1,0.96,1
ENHS_SYN_0358,Grade 9,Section B,2026-08-17,25,24,1,0.96,1
ENHS_SYN_0358,Grade 9,Section B,2026-08-24,25,22,3,0.88,1
ENHS_SYN_0358,Grade 9,Section B,2026-08-31,25,22,3,0.88,1
ENHS_SYN_0358,Grade 9,Section B,2026-09-07,25,20,5,0.8,1
ENHS_SYN_0358,Grade 9,Section B,2026-09-14,25,22,3,0.88,1
ENHS_SYN_0358,Grade 9,Section B,2026-09-21,25,24,1,0.96,1
ENHS_SYN_0358,Grade 9,Section B,2026-09-28,25,23,2,0.92,1
ENHS_SYN_0358,Grade 9,Section B,2026-10-05,25,22,3,0.88,1
ENHS_SYN_0358,Grade 9,Section B,2026-10-12,25,23,2,0.92,1
ENHS_SYN_0358,Grade 9,Section B,2026-10-19,25,22,3,0.88,1
ENHS_SYN_0359,Grade 9,Section B,2026-08-03,25,20,5,0.8,1
ENHS_SYN_0359,Grade 9,Section B,2026-08-10,25,23,2,0.92,1
ENHS_SYN_0359,Grade 9,Section B,2026-08-17,25,22,3,0.88,1
ENHS_SYN_0359,Grade 9,Section B,2026-08-24,25,20,5,0.8,1
ENHS_SYN_0359,Grade 9,Section B,2026-08-31,25,25,0,1.0,0
ENHS_SYN_0359,Grade 9,Section B,2026-09-07,25,23,2,0.92,1
ENHS_SYN_0359,Grade 9,Section B,2026-09-14,25,23,2,0.92,1
ENHS_SYN_0359,Grade 9,Section B,2026-09-21,25,24,1,0.96,1
ENHS_SYN_0359,Grade 9,Section B,2026-09-28,25,22,3,0.88,1
ENHS_SYN_0359,Grade 9,Section B,2026-10-05,25,23,2,0.92,1
ENHS_SYN_0359,Grade 9,Section B,2026-10-12,25,25,0,1.0,0
ENHS_SYN_0359,Grade 9,Section B,2026-10-19,25,24,1,0.96,1
ENHS_SYN_0360,Grade 9,Section B,2026-08-03,25,14,11,0.56,1
ENHS_SYN_0360,Grade 9,Section B,2026-08-10,25,19,6,0.76,1
ENHS_SYN_0360,Grade 9,Section B,2026-08-17,25,21,4,0.84,1
ENHS_SYN_0360,Grade 9,Section B,2026-08-24,25,12,13,0.48,1
ENHS_SYN_0360,Grade 9,Section B,2026-08-31,25,15,10,0.6,1
ENHS_SYN_0360,Grade 9,Section B,2026-09-07,25,19,6,0.76,1
ENHS_SYN_0360,Grade 9,Section B,2026-09-14,25,22,3,0.88,1
ENHS_SYN_0360,Grade 9,Section B,2026-09-21,25,17,8,0.68,1
ENHS_SYN_0360,Grade 9,Section B,2026-09-28,25,18,7,0.72,1
ENHS_SYN_0360,Grade 9,Section B,2026-10-05,25,18,7,0.72,1
ENHS_SYN_0360,Grade 9,Section B,2026-10-12,25,18,7,0.72,1
ENHS_SYN_0360,Grade 9,Section B,2026-10-19,25,18,7,0.72,1
ENHS_SYN_0361,Grade 9,Section B,2026-08-03,25,25,0,1.0,0
ENHS_SYN_0361,Grade 9,Section B,2026-08-10,25,23,2,0.92,1
ENHS_SYN_0361,Grade 9,Section B,2026-08-17,25,25,0,1.0,0
ENHS_SYN_0361,Grade 9,Section B,2026-08-24,25,24,1,0.96,1
ENHS_SYN_0361,Grade 9,Section B,2026-08-31,25,24,1,0.96,1
ENHS_SYN_0361,Grade 9,Section B,2026-09-07,25,24,1,0.96,1
ENHS_SYN_0361,Grade 9,Section B,2026-09-14,25,24,1,0.96,1
ENHS_SYN_0361,Grade 9,Section B,2026-09-21,25,25,0,1.0,0
ENHS_SYN_0361,Grade 9,Section B,2026-09-28,25,24,1,0.96,1
ENHS_SYN_0361,Grade 9,Section B,2026-10-05,25,24,1,0.96,1
ENHS_SYN_0361,Grade 9,Section B,2026-10-12,25,25,0,1.0,0
ENHS_SYN_0361,Grade 9,Section B,2026-10-19,25,25,0,1.0,0
ENHS_SYN_0362,Grade 9,Section B,2026-08-03,25,17,8,0.68,1
ENHS_SYN_0362,Grade 9,Section B,2026-08-10,25,22,3,0.88,1
ENHS_SYN_0362,Grade 9,Section B,2026-08-17,25,24,1,0.96,1
ENHS_SYN_0362,Grade 9,Section B,2026-08-24,25,17,8,0.68,1
ENHS_SYN_0362,Grade 9,Section B,2026-08-31,25,22,3,0.88,1
ENHS_SYN_0362,Grade 9,Section B,2026-09-07,25,21,4,0.84,1
ENHS_SYN_0362,Grade 9,Section B,2026-09-14,25,21,4,0.84,1
ENHS_SYN_0362,Grade 9,Section B,2026-09-21,25,18,7,0.72,1
ENHS_SYN_0362,Grade 9,Section B,2026-09-28,25,21,4,0.84,1
ENHS_SYN_0362,Grade 9,Section B,2026-10-05,25,17,8,0.68,1
ENHS_SYN_0362,Grade 9,Section B,2026-10-12,25,18,7,0.72,1
ENHS_SYN_0362,Grade 9,Section B,2026-10-19,25,22,3,0.88,1
ENHS_SYN_0363,Grade 9,Section B,2026-08-03,25,17,8,0.68,1
ENHS_SYN_0363,Grade 9,Section B,2026-08-10,25,22,3,0.88,1
ENHS_SYN_0363,Grade 9,Section B,2026-08-17,25,22,3,0.88,1
ENHS_SYN_0363,Grade 9,Section B,2026-08-24,25,19,6,0.76,1
ENHS_SYN_0363,Grade 9,Section B,2026-08-31,25,19,6,0.76,1
ENHS_SYN_0363,Grade 9,Section B,2026-09-07,25,21,4,0.84,1
ENHS_SYN_0363,Grade 9,Section B,2026-09-14,25,22,3,0.88,1
ENHS_SYN_0363,Grade 9,Section B,2026-09-21,25,21,4,0.84,1
ENHS_SYN_0363,Grade 9,Section B,2026-09-28,25,24,1,0.96,1
ENHS_SYN_0363,Grade 9,Section B,2026-10-05,25,20,5,0.8,1
ENHS_SYN_0363,Grade 9,Section B,2026-10-12,25,18,7,0.72,1
ENHS_SYN_0363,Grade 9,Section B,2026-10-19,25,18,7,0.72,1
ENHS_SYN_0364,Grade 9,Section B,2026-08-03,25,24,1,0.96,1
ENHS_SYN_0364,Grade 9,Section B,2026-08-10,25,24,1,0.96,1
ENHS_SYN_0364,Grade 9,Section B,2026-08-17,25,24,1,0.96,1
ENHS_SYN_0364,Grade 9,Section B,2026-08-24,25,22,3,0.88,1
ENHS_SYN_0364,Grade 9,Section B,2026-08-31,25,20,5,0.8,1
ENHS_SYN_0364,Grade 9,Section B,2026-09-07,25,23,2,0.92,1
ENHS_SYN_0364,Grade 9,Section B,2026-09-14,25,21,4,0.84,1
ENHS_SYN_0364,Grade 9,Section B,2026-09-21,25,23,2,0.92,1
ENHS_SYN_0364,Grade 9,Section B,2026-09-28,25,21,4,0.84,1
ENHS_SYN_0364,Grade 9,Section B,2026-10-05,25,23,2,0.92,1
ENHS_SYN_0364,Grade 9,Section B,2026-10-12,25,21,4,0.84,1
ENHS_SYN_0364,Grade 9,Section B,2026-10-19,25,24,1,0.96,1
ENHS_SYN_0365,Grade 9,Section B,2026-08-03,25,25,0,1.0,0
ENHS_SYN_0365,Grade 9,Section B,2026-08-10,25,24,1,0.96,1
ENHS_SYN_0365,Grade 9,Section B,2026-08-17,25,21,4,0.84,1
ENHS_SYN_0365,Grade 9,Section B,2026-08-24,25,23,2,0.92,1
ENHS_SYN_0365,Grade 9,Section B,2026-08-31,25,24,1,0.96,1
ENHS_SYN_0365,Grade 9,Section B,2026-09-07,24,24,0,1.0,0
ENHS_SYN_0365,Grade 9,Section B,2026-09-14,25,23,2,0.92,1
ENHS_SYN_0365,Grade 9,Section B,2026-09-21,25,25,0,1.0,0
ENHS_SYN_0365,Grade 9,Section B,2026-09-28,25,24,1,0.96,1
ENHS_SYN_0365,Grade 9,Section B,2026-10-05,25,24,1,0.96,1
ENHS_SYN_0365,Grade 9,Section B,2026-10-12,25,25,0,1.0,0
ENHS_SYN_0365,Grade 9,Section B,2026-10-19,25,25,0,1.0,0
ENHS_SYN_0366,Grade 9,Section B,2026-08-03,25,18,7,0.72,1
ENHS_SYN_0366,Grade 9,Section B,2026-08-10,25,25,0,1.0,0
ENHS_SYN_0366,Grade 9,Section B,2026-08-17,25,21,4,0.84,1
ENHS_SYN_0366,Grade 9,Section B,2026-08-24,25,23,2,0.92,1
ENHS_SYN_0366,Grade 9,Section B,2026-08-31,25,22,3,0.88,1
ENHS_SYN_0366,Grade 9,Section B,2026-09-07,25,21,4,0.84,1
ENHS_SYN_0366,Grade 9,Section B,2026-09-14,25,19,6,0.76,1
ENHS_SYN_0366,Grade 9,Section B,2026-09-21,25,24,1,0.96,1
ENHS_SYN_0366,Grade 9,Section B,2026-09-28,25,25,0,1.0,0
ENHS_SYN_0366,Grade 9,Section B,2026-10-05,25,23,2,0.92,1
ENHS_SYN_0366,Grade 9,Section B,2026-10-12,25,25,0,1.0,0
ENHS_SYN_0366,Grade 9,Section B,2026-10-19,25,20,5,0.8,1
ENHS_SYN_0367,Grade 9,Section B,2026-08-03,25,23,2,0.92,1
ENHS_SYN_0367,Grade 9,Section B,2026-08-10,25,25,0,1.0,0
ENHS_SYN_0367,Grade 9,Section B,2026-08-17,25,24,1,0.96,1
ENHS_SYN_0367,Grade 9,Section B,2026-08-24,25,22,3,0.88,1
ENHS_SYN_0367,Grade 9,Section B,2026-08-31,25,20,5,0.8,1
ENHS_SYN_0367,Grade 9,Section B,2026-09-07,25,23,2,0.92,1
ENHS_SYN_0367,Grade 9,Section B,2026-09-14,25,25,0,1.0,0
ENHS_SYN_0367,Grade 9,Section B,2026-09-21,25,25,0,1.0,0
ENHS_SYN_0367,Grade 9,Section B,2026-09-28,25,23,2,0.92,1
ENHS_SYN_0367,Grade 9,Section B,2026-10-05,25,23,2,0.92,1
ENHS_SYN_0367,Grade 9,Section B,2026-10-12,25,24,1,0.96,1
ENHS_SYN_0367,Grade 9,Section B,2026-10-19,25,24,1,0.96,1
ENHS_SYN_0368,Grade 9,Section B,2026-08-03,25,25,0,1.0,0
ENHS_SYN_0368,Grade 9,Section B,2026-08-10,25,22,3,0.88,1
ENHS_SYN_0368,Grade 9,Section B,2026-08-17,25,22,3,0.88,1
ENHS_SYN_0368,Grade 9,Section B,2026-08-24,25,24,1,0.96,1
ENHS_SYN_0368,Grade 9,Section B,2026-08-31,25,18,7,0.72,1
ENHS_SYN_0368,Grade 9,Section B,2026-09-07,25,23,2,0.92,1
ENHS_SYN_0368,Grade 9,Section B,2026-09-14,25,23,2,0.92,1
ENHS_SYN_0368,Grade 9,Section B,2026-09-21,25,23,2,0.92,1
ENHS_SYN_0368,Grade 9,Section B,2026-09-28,25,23,2,0.92,1
ENHS_SYN_0368,Grade 9,Section B,2026-10-05,25,21,4,0.84,1
ENHS_SYN_0368,Grade 9,Section B,2026-10-12,25,23,2,0.92,1
ENHS_SYN_0368,Grade 9,Section B,2026-10-19,25,19,6,0.76,1
ENHS_SYN_0369,Grade 9,Section B,2026-08-03,25,20,5,0.8,1
ENHS_SYN_0369,Grade 9,Section B,2026-08-10,25,22,3,0.88,1
ENHS_SYN_0369,Grade 9,Section B,2026-08-17,25,19,6,0.76,1
ENHS_SYN_0369,Grade 9,Section B,2026-08-24,25,18,7,0.72,1
ENHS_SYN_0369,Grade 9,Section B,2026-08-31,25,21,4,0.84,1
ENHS_SYN_0369,Grade 9,Section B,2026-09-07,25,20,5,0.8,1
ENHS_SYN_0369,Grade 9,Section B,2026-09-14,25,21,4,0.84,1
ENHS_SYN_0369,Grade 9,Section B,2026-09-21,25,21,4,0.84,1
ENHS_SYN_0369,Grade 9,Section B,2026-09-28,25,20,5,0.8,1
ENHS_SYN_0369,Grade 9,Section B,2026-10-05,25,19,6,0.76,1
ENHS_SYN_0369,Grade 9,Section B,2026-10-12,25,17,8,0.68,1
ENHS_SYN_0369,Grade 9,Section B,2026-10-19,25,18,7,0.72,1
ENHS_SYN_0370,Grade 9,Section B,2026-08-03,25,19,6,0.76,1
ENHS_SYN_0370,Grade 9,Section B,2026-08-10,25,19,6,0.76,1
ENHS_SYN_0370,Grade 9,Section B,2026-08-17,25,21,4,0.84,1
ENHS_SYN_0370,Grade 9,Section B,2026-08-24,25,21,4,0.84,1
ENHS_SYN_0370,Grade 9,Section B,2026-08-31,25,22,3,0.88,1
ENHS_SYN_0370,Grade 9,Section B,2026-09-07,25,23,2,0.92,1
ENHS_SYN_0370,Grade 9,Section B,2026-09-14,25,23,2,0.92,1
ENHS_SYN_0370,Grade 9,Section B,2026-09-21,25,18,7,0.72,1
ENHS_SYN_0370,Grade 9,Section B,2026-09-28,24,20,4,0.8333,1
ENHS_SYN_0370,Grade 9,Section B,2026-10-05,25,22,3,0.88,1
ENHS_SYN_0370,Grade 9,Section B,2026-10-12,25,19,6,0.76,1
ENHS_SYN_0370,Grade 9,Section B,2026-10-19,25,20,5,0.8,1
ENHS_SYN_0371,Grade 9,Section B,2026-08-03,25,20,5,0.8,1
ENHS_SYN_0371,Grade 9,Section B,2026-08-10,25,22,3,0.88,1
ENHS_SYN_0371,Grade 9,Section B,2026-08-17,25,21,4,0.84,1
ENHS_SYN_0371,Grade 9,Section B,2026-08-24,25,20,5,0.8,1
ENHS_SYN_0371,Grade 9,Section B,2026-08-31,25,20,5,0.8,1
ENHS_SYN_0371,Grade 9,Section B,2026-09-07,25,21,4,0.84,1
ENHS_SYN_0371,Grade 9,Section B,2026-09-14,25,16,9,0.64,1
ENHS_SYN_0371,Grade 9,Section B,2026-09-21,25,20,5,0.8,1
ENHS_SYN_0371,Grade 9,Section B,2026-09-28,25,20,5,0.8,1
ENHS_SYN_0371,Grade 9,Section B,2026-10-05,25,19,6,0.76,1
ENHS_SYN_0371,Grade 9,Section B,2026-10-12,25,21,4,0.84,1
ENHS_SYN_0371,Grade 9,Section B,2026-10-19,25,22,3,0.88,1
ENHS_SYN_0372,Grade 9,Section B,2026-08-03,25,18,7,0.72,1
ENHS_SYN_0372,Grade 9,Section B,2026-08-10,25,23,2,0.92,1
ENHS_SYN_0372,Grade 9,Section B,2026-08-17,25,16,9,0.64,1
ENHS_SYN_0372,Grade 9,Section B,2026-08-24,25,20,5,0.8,1
ENHS_SYN_0372,Grade 9,Section B,2026-08-31,25,17,8,0.68,1
ENHS_SYN_0372,Grade 9,Section B,2026-09-07,24,15,9,0.625,1
ENHS_SYN_0372,Grade 9,Section B,2026-09-14,25,19,6,0.76,1
ENHS_SYN_0372,Grade 9,Section B,2026-09-21,25,18,7,0.72,1
ENHS_SYN_0372,Grade 9,Section B,2026-09-28,25,20,5,0.8,1
ENHS_SYN_0372,Grade 9,Section B,2026-10-05,25,25,0,1.0,0
ENHS_SYN_0372,Grade 9,Section B,2026-10-12,25,17,8,0.68,1
ENHS_SYN_0372,Grade 9,Section B,2026-10-19,25,21,4,0.84,1
ENHS_SYN_0373,Grade 9,Section B,2026-08-03,25,25,0,1.0,0
ENHS_SYN_0373,Grade 9,Section B,2026-08-10,25,24,1,0.96,1
ENHS_SYN_0373,Grade 9,Section B,2026-08-17,25,25,0,1.0,0
ENHS_SYN_0373,Grade 9,Section B,2026-08-24,25,24,1,0.96,1
ENHS_SYN_0373,Grade 9,Section B,2026-08-31,25,24,1,0.96,1
ENHS_SYN_0373,Grade 9,Section B,2026-09-07,25,25,0,1.0,0
ENHS_SYN_0373,Grade 9,Section B,2026-09-14,25,24,1,0.96,1
ENHS_SYN_0373,Grade 9,Section B,2026-09-21,25,25,0,1.0,0
ENHS_SYN_0373,Grade 9,Section B,2026-09-28,25,25,0,1.0,0
ENHS_SYN_0373,Grade 9,Section B,2026-10-05,25,25,0,1.0,0
ENHS_SYN_0373,Grade 9,Section B,2026-10-12,25,25,0,1.0,0
ENHS_SYN_0373,Grade 9,Section B,2026-10-19,25,24,1,0.96,1
ENHS_SYN_0374,Grade 9,Section B,2026-08-03,25,24,1,0.96,1
ENHS_SYN_0374,Grade 9,Section B,2026-08-10,25,25,0,1.0,0
ENHS_SYN_0374,Grade 9,Section B,2026-08-17,25,24,1,0.96,1
ENHS_SYN_0374,Grade 9,Section B,2026-08-24,24,22,2,0.9167,1
ENHS_SYN_0374,Grade 9,Section B,2026-08-31,25,21,4,0.84,1
ENHS_SYN_0374,Grade 9,Section B,2026-09-07,25,25,0,1.0,0
ENHS_SYN_0374,Grade 9,Section B,2026-09-14,25,24,1,0.96,1
ENHS_SYN_0374,Grade 9,Section B,2026-09-21,25,23,2,0.92,1
ENHS_SYN_0374,Grade 9,Section B,2026-09-28,25,23,2,0.92,1
ENHS_SYN_0374,Grade 9,Section B,2026-10-05,25,24,1,0.96,1
ENHS_SYN_0374,Grade 9,Section B,2026-10-12,25,24,1,0.96,1
ENHS_SYN_0374,Grade 9,Section B,2026-10-19,25,24,1,0.96,1
ENHS_SYN_0375,Grade 9,Section B,2026-08-03,25,25,0,1.0,0
ENHS_SYN_0375,Grade 9,Section B,2026-08-10,25,24,1,0.96,1
ENHS_SYN_0375,Grade 9,Section B,2026-08-17,25,22,3,0.88,1
ENHS_SYN_0375,Grade 9,Section B,2026-08-24,25,25,0,1.0,0
ENHS_SYN_0375,Grade 9,Section B,2026-08-31,25,24,1,0.96,1
ENHS_SYN_0375,Grade 9,Section B,2026-09-07,25,20,5,0.8,1
ENHS_SYN_0375,Grade 9,Section B,2026-09-14,25,25,0,1.0,0
ENHS_SYN_0375,Grade 9,Section B,2026-09-21,25,24,1,0.96,1
ENHS_SYN_0375,Grade 9,Section B,2026-09-28,25,20,5,0.8,1
ENHS_SYN_0375,Grade 9,Section B,2026-10-05,25,24,1,0.96,1
ENHS_SYN_0375,Grade 9,Section B,2026-10-12,25,24,1,0.96,1
ENHS_SYN_0375,Grade 9,Section B,2026-10-19,25,21,4,0.84,1
ENHS_SYN_0376,Grade 9,Section B,2026-08-03,25,18,7,0.72,1
ENHS_SYN_0376,Grade 9,Section B,2026-08-10,25,19,6,0.76,1
ENHS_SYN_0376,Grade 9,Section B,2026-08-17,25,18,7,0.72,1
ENHS_SYN_0376,Grade 9,Section B,2026-08-24,25,21,4,0.84,1
ENHS_SYN_0376,Grade 9,Section B,2026-08-31,25,23,2,0.92,1
ENHS_SYN_0376,Grade 9,Section B,2026-09-07,25,17,8,0.68,1
ENHS_SYN_0376,Grade 9,Section B,2026-09-14,25,18,7,0.72,1
ENHS_SYN_0376,Grade 9,Section B,2026-09-21,25,17,8,0.68,1
ENHS_SYN_0376,Grade 9,Section B,2026-09-28,25,22,3,0.88,1
ENHS_SYN_0376,Grade 9,Section B,2026-10-05,25,18,7,0.72,1
ENHS_SYN_0376,Grade 9,Section B,2026-10-12,25,20,5,0.8,1
ENHS_SYN_0376,Grade 9,Section B,2026-10-19,25,19,6,0.76,1
ENHS_SYN_0377,Grade 9,Section B,2026-08-03,25,25,0,1.0,0
ENHS_SYN_0377,Grade 9,Section B,2026-08-10,25,23,2,0.92,1
ENHS_SYN_0377,Grade 9,Section B,2026-08-17,25,24,1,0.96,1
ENHS_SYN_0377,Grade 9,Section B,2026-08-24,25,23,2,0.92,1
ENHS_SYN_0377,Grade 9,Section B,2026-08-31,25,25,0,1.0,0
ENHS_SYN_0377,Grade 9,Section B,2026-09-07,25,24,1,0.96,1
ENHS_SYN_0377,Grade 9,Section B,2026-09-14,25,21,4,0.84,1
ENHS_SYN_0377,Grade 9,Section B,2026-09-21,25,21,4,0.84,1
ENHS_SYN_0377,Grade 9,Section B,2026-09-28,25,23,2,0.92,1
ENHS_SYN_0377,Grade 9,Section B,2026-10-05,25,22,3,0.88,1
ENHS_SYN_0377,Grade 9,Section B,2026-10-12,25,23,2,0.92,1
ENHS_SYN_0377,Grade 9,Section B,2026-10-19,25,23,2,0.92,1
ENHS_SYN_0378,Grade 9,Section B,2026-08-03,25,22,3,0.88,1
ENHS_SYN_0378,Grade 9,Section B,2026-08-10,25,17,8,0.68,1
ENHS_SYN_0378,Grade 9,Section B,2026-08-17,25,21,4,0.84,1
ENHS_SYN_0378,Grade 9,Section B,2026-08-24,25,22,3,0.88,1
ENHS_SYN_0378,Grade 9,Section B,2026-08-31,25,20,5,0.8,1
ENHS_SYN_0378,Grade 9,Section B,2026-09-07,25,21,4,0.84,1
ENHS_SYN_0378,Grade 9,Section B,2026-09-14,24,21,3,0.875,1
ENHS_SYN_0378,Grade 9,Section B,2026-09-21,25,23,2,0.92,1
ENHS_SYN_0378,Grade 9,Section B,2026-09-28,25,21,4,0.84,1
ENHS_SYN_0378,Grade 9,Section B,2026-10-05,25,21,4,0.84,1
ENHS_SYN_0378,Grade 9,Section B,2026-10-12,25,16,9,0.64,1
ENHS_SYN_0378,Grade 9,Section B,2026-10-19,25,18,7,0.72,1
ENHS_SYN_0379,Grade 9,Section B,2026-08-03,25,24,1,0.96,1
ENHS_SYN_0379,Grade 9,Section B,2026-08-10,25,22,3,0.88,1
ENHS_SYN_0379,Grade 9,Section B,2026-08-17,25,25,0,1.0,0
ENHS_SYN_0379,Grade 9,Section B,2026-08-24,25,22,3,0.88,1
ENHS_SYN_0379,Grade 9,Section B,2026-08-31,25,23,2,0.92,1
ENHS_SYN_0379,Grade 9,Section B,2026-09-07,25,23,2,0.92,1
ENHS_SYN_0379,Grade 9,Section B,2026-09-14,25,23,2,0.92,1
ENHS_SYN_0379,Grade 9,Section B,2026-09-21,25,25,0,1.0,0
ENHS_SYN_0379,Grade 9,Section B,2026-09-28,25,20,5,0.8,1
ENHS_SYN_0379,Grade 9,Section B,2026-10-05,25,21,4,0.84,1
ENHS_SYN_0379,Grade 9,Section B,2026-10-12,25,23,2,0.92,1
ENHS_SYN_0379,Grade 9,Section B,2026-10-19,25,24,1,0.96,1
ENHS_SYN_0380,Grade 9,Section B,2026-08-03,25,23,2,0.92,1
ENHS_SYN_0380,Grade 9,Section B,2026-08-10,25,22,3,0.88,1
ENHS_SYN_0380,Grade 9,Section B,2026-08-17,25,19,6,0.76,1
ENHS_SYN_0380,Grade 9,Section B,2026-08-24,25,20,5,0.8,1
ENHS_SYN_0380,Grade 9,Section B,2026-08-31,25,20,5,0.8,1
ENHS_SYN_0380,Grade 9,Section B,2026-09-07,25,21,4,0.84,1
ENHS_SYN_0380,Grade 9,Section B,2026-09-14,25,18,7,0.72,1
ENHS_SYN_0380,Grade 9,Section B,2026-09-21,25,23,2,0.92,1
ENHS_SYN_0380,Grade 9,Section B,2026-09-28,25,21,4,0.84,1
ENHS_SYN_0380,Grade 9,Section B,2026-10-05,25,21,4,0.84,1
ENHS_SYN_0380,Grade 9,Section B,2026-10-12,25,24,1,0.96,1
ENHS_SYN_0380,Grade 9,Section B,2026-10-19,25,20,5,0.8,1
ENHS_SYN_0381,Grade 9,Section B,2026-08-03,25,19,6,0.76,1
ENHS_SYN_0381,Grade 9,Section B,2026-08-10,25,18,7,0.72,1
ENHS_SYN_0381,Grade 9,Section B,2026-08-17,25,20,5,0.8,1
ENHS_SYN_0381,Grade 9,Section B,2026-08-24,25,20,5,0.8,1
ENHS_SYN_0381,Grade 9,Section B,2026-08-31,25,19,6,0.76,1
ENHS_SYN_0381,Grade 9,Section B,2026-09-07,25,22,3,0.88,1
ENHS_SYN_0381,Grade 9,Section B,2026-09-14,25,18,7,0.72,1
ENHS_SYN_0381,Grade 9,Section B,2026-09-21,25,19,6,0.76,1
ENHS_SYN_0381,Grade 9,Section B,2026-09-28,25,19,6,0.76,1
ENHS_SYN_0381,Grade 9,Section B,2026-10-05,25,16,9,0.64,1
ENHS_SYN_0381,Grade 9,Section B,2026-10-12,25,19,6,0.76,1
ENHS_SYN_0381,Grade 9,Section B,2026-10-19,25,17,8,0.68,1
ENHS_SYN_0382,Grade 9,Section B,2026-08-03,25,23,2,0.92,1
ENHS_SYN_0382,Grade 9,Section B,2026-08-10,25,24,1,0.96,1
ENHS_SYN_0382,Grade 9,Section B,2026-08-17,25,23,2,0.92,1
ENHS_SYN_0382,Grade 9,Section B,2026-08-24,25,22,3,0.88,1
ENHS_SYN_0382,Grade 9,Section B,2026-08-31,24,24,0,1.0,0
ENHS_SYN_0382,Grade 9,Section B,2026-09-07,25,24,1,0.96,1
ENHS_SYN_0382,Grade 9,Section B,2026-09-14,25,22,3,0.88,1
ENHS_SYN_0382,Grade 9,Section B,2026-09-21,25,23,2,0.92,1
ENHS_SYN_0382,Grade 9,Section B,2026-09-28,25,24,1,0.96,1
ENHS_SYN_0382,Grade 9,Section B,2026-10-05,24,23,1,0.9583,1
ENHS_SYN_0382,Grade 9,Section B,2026-10-12,25,22,3,0.88,1
ENHS_SYN_0382,Grade 9,Section B,2026-10-19,25,22,3,0.88,1
ENHS_SYN_0383,Grade 9,Section B,2026-08-03,25,22,3,0.88,1
ENHS_SYN_0383,Grade 9,Section B,2026-08-10,25,25,0,1.0,0
ENHS_SYN_0383,Grade 9,Section B,2026-08-17,25,24,1,0.96,1
ENHS_SYN_0383,Grade 9,Section B,2026-08-24,25,24,1,0.96,1
ENHS_SYN_0383,Grade 9,Section B,2026-08-31,24,24,0,1.0,0
ENHS_SYN_0383,Grade 9,Section B,2026-09-07,24,21,3,0.875,1
ENHS_SYN_0383,Grade 9,Section B,2026-09-14,25,24,1,0.96,1
ENHS_SYN_0383,Grade 9,Section B,2026-09-21,25,24,1,0.96,1
ENHS_SYN_0383,Grade 9,Section B,2026-09-28,25,24,1,0.96,1
ENHS_SYN_0383,Grade 9,Section B,2026-10-05,25,23,2,0.92,1
ENHS_SYN_0383,Grade 9,Section B,2026-10-12,25,23,2,0.92,1
ENHS_SYN_0383,Grade 9,Section B,2026-10-19,25,20,5,0.8,1
ENHS_SYN_0384,Grade 9,Section B,2026-08-03,25,19,6,0.76,1
ENHS_SYN_0384,Grade 9,Section B,2026-08-10,25,19,6,0.76,1
ENHS_SYN_0384,Grade 9,Section B,2026-08-17,25,21,4,0.84,1
ENHS_SYN_0384,Grade 9,Section B,2026-08-24,25,20,5,0.8,1
ENHS_SYN_0384,Grade 9,Section B,2026-08-31,25,18,7,0.72,1
ENHS_SYN_0384,Grade 9,Section B,2026-09-07,25,18,7,0.72,1
ENHS_SYN_0384,Grade 9,Section B,2026-09-14,25,20,5,0.8,1
ENHS_SYN_0384,Grade 9,Section B,2026-09-21,25,18,7,0.72,1
ENHS_SYN_0384,Grade 9,Section B,2026-09-28,25,18,7,0.72,1
ENHS_SYN_0384,Grade 9,Section B,2026-10-05,25,21,4,0.84,1
ENHS_SYN_0384,Grade 9,Section B,2026-10-12,25,22,3,0.88,1
ENHS_SYN_0384,Grade 9,Section B,2026-10-19,25,23,2,0.92,1
ENHS_SYN_0385,Grade 9,Section B,2026-08-03,25,25,0,1.0,0
ENHS_SYN_0385,Grade 9,Section B,2026-08-10,25,24,1,0.96,1
ENHS_SYN_0385,Grade 9,Section B,2026-08-17,25,21,4,0.84,1
ENHS_SYN_0385,Grade 9,Section B,2026-08-24,25,23,2,0.92,1
ENHS_SYN_0385,Grade 9,Section B,2026-08-31,25,21,4,0.84,1
ENHS_SYN_0385,Grade 9,Section B,2026-09-07,25,20,5,0.8,1
ENHS_SYN_0385,Grade 9,Section B,2026-09-14,25,20,5,0.8,1
ENHS_SYN_0385,Grade 9,Section B,2026-09-21,25,20,5,0.8,1
ENHS_SYN_0385,Grade 9,Section B,2026-09-28,25,20,5,0.8,1
ENHS_SYN_0385,Grade 9,Section B,2026-10-05,25,18,7,0.72,1
ENHS_SYN_0385,Grade 9,Section B,2026-10-12,25,21,4,0.84,1
ENHS_SYN_0385,Grade 9,Section B,2026-10-19,25,23,2,0.92,1
ENHS_SYN_0386,Grade 9,Section B,2026-08-03,25,24,1,0.96,1
ENHS_SYN_0386,Grade 9,Section B,2026-08-10,25,25,0,1.0,0
ENHS_SYN_0386,Grade 9,Section B,2026-08-17,25,23,2,0.92,1
ENHS_SYN_0386,Grade 9,Section B,2026-08-24,25,24,1,0.96,1
ENHS_SYN_0386,Grade 9,Section B,2026-08-31,25,23,2,0.92,1
ENHS_SYN_0386,Grade 9,Section B,2026-09-07,25,24,1,0.96,1
ENHS_SYN_0386,Grade 9,Section B,2026-09-14,25,25,0,1.0,0
ENHS_SYN_0386,Grade 9,Section B,2026-09-21,25,23,2,0.92,1
ENHS_SYN_0386,Grade 9,Section B,2026-09-28,25,24,1,0.96,1
ENHS_SYN_0386,Grade 9,Section B,2026-10-05,25,23,2,0.92,1
ENHS_SYN_0386,Grade 9,Section B,2026-10-12,25,22,3,0.88,1
ENHS_SYN_0386,Grade 9,Section B,2026-10-19,25,25,0,1.0,0
ENHS_SYN_0387,Grade 9,Section B,2026-08-03,25,23,2,0.92,1
ENHS_SYN_0387,Grade 9,Section B,2026-08-10,25,24,1,0.96,1
ENHS_SYN_0387,Grade 9,Section B,2026-08-17,25,23,2,0.92,1
ENHS_SYN_0387,Grade 9,Section B,2026-08-24,25,25,0,1.0,0
ENHS_SYN_0387,Grade 9,Section B,2026-08-31,25,25,0,1.0,0
ENHS_SYN_0387,Grade 9,Section B,2026-09-07,25,24,1,0.96,1
ENHS_SYN_0387,Grade 9,Section B,2026-09-14,24,24,0,1.0,0
ENHS_SYN_0387,Grade 9,Section B,2026-09-21,25,21,4,0.84,1
ENHS_SYN_0387,Grade 9,Section B,2026-09-28,25,24,1,0.96,1
ENHS_SYN_0387,Grade 9,Section B,2026-10-05,25,25,0,1.0,0
ENHS_SYN_0387,Grade 9,Section B,2026-10-12,25,25,0,1.0,0
ENHS_SYN_0387,Grade 9,Section B,2026-10-19,25,24,1,0.96,1
ENHS_SYN_0388,Grade 9,Section B,2026-08-03,25,25,0,1.0,0
ENHS_SYN_0388,Grade 9,Section B,2026-08-10,25,23,2,0.92,1
ENHS_SYN_0388,Grade 9,Section B,2026-08-17,25,24,1,0.96,1
ENHS_SYN_0388,Grade 9,Section B,2026-08-24,25,25,0,1.0,0
ENHS_SYN_0388,Grade 9,Section B,2026-08-31,25,24,1,0.96,1
ENHS_SYN_0388,Grade 9,Section B,2026-09-07,25,24,1,0.96,1
ENHS_SYN_0388,Grade 9,Section B,2026-09-14,25,25,0,1.0,0
ENHS_SYN_0388,Grade 9,Section B,2026-09-21,25,24,1,0.96,1
ENHS_SYN_0388,Grade 9,Section B,2026-09-28,25,24,1,0.96,1
ENHS_SYN_0388,Grade 9,Section B,2026-10-05,25,25,0,1.0,0
ENHS_SYN_0388,Grade 9,Section B,2026-10-12,25,25,0,1.0,0
ENHS_SYN_0388,Grade 9,Section B,2026-10-19,25,25,0,1.0,0
ENHS_SYN_0389,Grade 9,Section B,2026-08-03,25,21,4,0.84,1
ENHS_SYN_0389,Grade 9,Section B,2026-08-10,25,25,0,1.0,0
ENHS_SYN_0389,Grade 9,Section B,2026-08-17,25,24,1,0.96,1
ENHS_SYN_0389,Grade 9,Section B,2026-08-24,25,23,2,0.92,1
ENHS_SYN_0389,Grade 9,Section B,2026-08-31,25,24,1,0.96,1
ENHS_SYN_0389,Grade 9,Section B,2026-09-07,25,24,1,0.96,1
ENHS_SYN_0389,Grade 9,Section B,2026-09-14,25,19,6,0.76,1
ENHS_SYN_0389,Grade 9,Section B,2026-09-21,25,25,0,1.0,0
ENHS_SYN_0389,Grade 9,Section B,2026-09-28,25,21,4,0.84,1
ENHS_SYN_0389,Grade 9,Section B,2026-10-05,25,21,4,0.84,1
ENHS_SYN_0389,Grade 9,Section B,2026-10-12,25,19,6,0.76,1
ENHS_SYN_0389,Grade 9,Section B,2026-10-19,24,19,5,0.7917,1
ENHS_SYN_0390,Grade 9,Section B,2026-08-03,25,24,1,0.96,1
ENHS_SYN_0390,Grade 9,Section B,2026-08-10,25,24,1,0.96,1
ENHS_SYN_0390,Grade 9,Section B,2026-08-17,25,22,3,0.88,1
ENHS_SYN_0390,Grade 9,Section B,2026-08-24,25,25,0,1.0,0
ENHS_SYN_0390,Grade 9,Section B,2026-08-31,25,23,2,0.92,1
ENHS_SYN_0390,Grade 9,Section B,2026-09-07,25,24,1,0.96,1
ENHS_SYN_0390,Grade 9,Section B,2026-09-14,25,23,2,0.92,1
ENHS_SYN_0390,Grade 9,Section B,2026-09-21,25,19,6,0.76,1
ENHS_SYN_0390,Grade 9,Section B,2026-09-28,25,23,2,0.92,1
ENHS_SYN_0390,Grade 9,Section B,2026-10-05,24,22,2,0.9167,1
ENHS_SYN_0390,Grade 9,Section B,2026-10-12,25,22,3,0.88,1
ENHS_SYN_0390,Grade 9,Section B,2026-10-19,24,24,0,1.0,0
ENHS_SYN_0391,Grade 9,Section B,2026-08-03,25,21,4,0.84,1
ENHS_SYN_0391,Grade 9,Section B,2026-08-10,25,19,6,0.76,1
ENHS_SYN_0391,Grade 9,Section B,2026-08-17,25,21,4,0.84,1
ENHS_SYN_0391,Grade 9,Section B,2026-08-24,25,23,2,0.92,1
ENHS_SYN_0391,Grade 9,Section B,2026-08-31,25,19,6,0.76,1
ENHS_SYN_0391,Grade 9,Section B,2026-09-07,25,21,4,0.84,1
ENHS_SYN_0391,Grade 9,Section B,2026-09-14,25,22,3,0.88,1
ENHS_SYN_0391,Grade 9,Section B,2026-09-21,25,23,2,0.92,1
ENHS_SYN_0391,Grade 9,Section B,2026-09-28,25,21,4,0.84,1
ENHS_SYN_0391,Grade 9,Section B,2026-10-05,25,23,2,0.92,1
ENHS_SYN_0391,Grade 9,Section B,2026-10-12,25,21,4,0.84,1
ENHS_SYN_0391,Grade 9,Section B,2026-10-19,25,19,6,0.76,1
ENHS_SYN_0392,Grade 9,Section B,2026-08-03,25,24,1,0.96,1
ENHS_SYN_0392,Grade 9,Section B,2026-08-10,25,24,1,0.96,1
ENHS_SYN_0392,Grade 9,Section B,2026-08-17,25,24,1,0.96,1
ENHS_SYN_0392,Grade 9,Section B,2026-08-24,25,23,2,0.92,1
ENHS_SYN_0392,Grade 9,Section B,2026-08-31,25,25,0,1.0,0
ENHS_SYN_0392,Grade 9,Section B,2026-09-07,25,24,1,0.96,1
ENHS_SYN_0392,Grade 9,Section B,2026-09-14,25,24,1,0.96,1
ENHS_SYN_0392,Grade 9,Section B,2026-09-21,25,23,2,0.92,1
ENHS_SYN_0392,Grade 9,Section B,2026-09-28,25,23,2,0.92,1
ENHS_SYN_0392,Grade 9,Section B,2026-10-05,25,24,1,0.96,1
ENHS_SYN_0392,Grade 9,Section B,2026-10-12,25,25,0,1.0,0
ENHS_SYN_0392,Grade 9,Section B,2026-10-19,25,23,2,0.92,1
ENHS_SYN_0393,Grade 9,Section B,2026-08-03,25,25,0,1.0,0
ENHS_SYN_0393,Grade 9,Section B,2026-08-10,25,24,1,0.96,1
ENHS_SYN_0393,Grade 9,Section B,2026-08-17,25,24,1,0.96,1
ENHS_SYN_0393,Grade 9,Section B,2026-08-24,25,23,2,0.92,1
ENHS_SYN_0393,Grade 9,Section B,2026-08-31,25,25,0,1.0,0
ENHS_SYN_0393,Grade 9,Section B,2026-09-07,25,24,1,0.96,1
ENHS_SYN_0393,Grade 9,Section B,2026-09-14,25,24,1,0.96,1
ENHS_SYN_0393,Grade 9,Section B,2026-09-21,25,25,0,1.0,0
ENHS_SYN_0393,Grade 9,Section B,2026-09-28,25,24,1,0.96,1
ENHS_SYN_0393,Grade 9,Section B,2026-10-05,25,24,1,0.96,1
ENHS_SYN_0393,Grade 9,Section B,2026-10-12,25,25,0,1.0,0
ENHS_SYN_0393,Grade 9,Section B,2026-10-19,25,24,1,0.96,1
ENHS_SYN_0394,Grade 9,Section B,2026-08-03,25,20,5,0.8,1
ENHS_SYN_0394,Grade 9,Section B,2026-08-10,25,19,6,0.76,1
ENHS_SYN_0394,Grade 9,Section B,2026-08-17,25,18,7,0.72,1
ENHS_SYN_0394,Grade 9,Section B,2026-08-24,25,21,4,0.84,1
ENHS_SYN_0394,Grade 9,Section B,2026-08-31,25,20,5,0.8,1
ENHS_SYN_0394,Grade 9,Section B,2026-09-07,25,17,8,0.68,1
ENHS_SYN_0394,Grade 9,Section B,2026-09-14,24,20,4,0.8333,1
ENHS_SYN_0394,Grade 9,Section B,2026-09-21,25,17,8,0.68,1
ENHS_SYN_0394,Grade 9,Section B,2026-09-28,25,20,5,0.8,1
ENHS_SYN_0394,Grade 9,Section B,2026-10-05,25,17,8,0.68,1
ENHS_SYN_0394,Grade 9,Section B,2026-10-12,25,14,11,0.56,1
ENHS_SYN_0394,Grade 9,Section B,2026-10-19,25,15,10,0.6,1
ENHS_SYN_0395,Grade 9,Section B,2026-08-03,25,19,6,0.76,1
ENHS_SYN_0395,Grade 9,Section B,2026-08-10,25,19,6,0.76,1
ENHS_SYN_0395,Grade 9,Section B,2026-08-17,25,17,8,0.68,1
ENHS_SYN_0395,Grade 9,Section B,2026-08-24,25,22,3,0.88,1
ENHS_SYN_0395,Grade 9,Section B,2026-08-31,25,22,3,0.88,1
ENHS_SYN_0395,Grade 9,Section B,2026-09-07,25,20,5,0.8,1
ENHS_SYN_0395,Grade 9,Section B,2026-09-14,25,19,6,0.76,1
ENHS_SYN_0395,Grade 9,Section B,2026-09-21,25,21,4,0.84,1
ENHS_SYN_0395,Grade 9,Section B,2026-09-28,25,21,4,0.84,1
ENHS_SYN_0395,Grade 9,Section B,2026-10-05,25,21,4,0.84,1
ENHS_SYN_0395,Grade 9,Section B,2026-10-12,25,18,7,0.72,1
ENHS_SYN_0395,Grade 9,Section B,2026-10-19,25,22,3,0.88,1
ENHS_SYN_0396,Grade 9,Section B,2026-08-03,25,21,4,0.84,1
ENHS_SYN_0396,Grade 9,Section B,2026-08-10,25,23,2,0.92,1
ENHS_SYN_0396,Grade 9,Section B,2026-08-17,25,22,3,0.88,1
ENHS_SYN_0396,Grade 9,Section B,2026-08-24,25,23,2,0.92,1
ENHS_SYN_0396,Grade 9,Section B,2026-08-31,25,20,5,0.8,1
ENHS_SYN_0396,Grade 9,Section B,2026-09-07,25,20,5,0.8,1
ENHS_SYN_0396,Grade 9,Section B,2026-09-14,25,22,3,0.88,1
ENHS_SYN_0396,Grade 9,Section B,2026-09-21,25,21,4,0.84,1
ENHS_SYN_0396,Grade 9,Section B,2026-09-28,25,20,5,0.8,1
ENHS_SYN_0396,Grade 9,Section B,2026-10-05,25,19,6,0.76,1
ENHS_SYN_0396,Grade 9,Section B,2026-10-12,25,21,4,0.84,1
ENHS_SYN_0396,Grade 9,Section B,2026-10-19,25,18,7,0.72,1
ENHS_SYN_0397,Grade 9,Section B,2026-08-03,25,24,1,0.96,1
ENHS_SYN_0397,Grade 9,Section B,2026-08-10,25,21,4,0.84,1
ENHS_SYN_0397,Grade 9,Section B,2026-08-17,25,22,3,0.88,1
ENHS_SYN_0397,Grade 9,Section B,2026-08-24,25,23,2,0.92,1
ENHS_SYN_0397,Grade 9,Section B,2026-08-31,25,20,5,0.8,1
ENHS_SYN_0397,Grade 9,Section B,2026-09-07,25,22,3,0.88,1
ENHS_SYN_0397,Grade 9,Section B,2026-09-14,25,22,3,0.88,1
ENHS_SYN_0397,Grade 9,Section B,2026-09-21,25,23,2,0.92,1
ENHS_SYN_0397,Grade 9,Section B,2026-09-28,25,21,4,0.84,1
ENHS_SYN_0397,Grade 9,Section B,2026-10-05,25,22,3,0.88,1
ENHS_SYN_0397,Grade 9,Section B,2026-10-12,25,24,1,0.96,1
ENHS_SYN_0397,Grade 9,Section B,2026-10-19,25,24,1,0.96,1
ENHS_SYN_0398,Grade 9,Section B,2026-08-03,25,24,1,0.96,1
ENHS_SYN_0398,Grade 9,Section B,2026-08-10,25,24,1,0.96,1
ENHS_SYN_0398,Grade 9,Section B,2026-08-17,25,20,5,0.8,1
ENHS_SYN_0398,Grade 9,Section B,2026-08-24,25,23,2,0.92,1
ENHS_SYN_0398,Grade 9,Section B,2026-08-31,25,24,1,0.96,1
ENHS_SYN_0398,Grade 9,Section B,2026-09-07,25,24,1,0.96,1
ENHS_SYN_0398,Grade 9,Section B,2026-09-14,25,24,1,0.96,1
ENHS_SYN_0398,Grade 9,Section B,2026-09-21,25,25,0,1.0,0
ENHS_SYN_0398,Grade 9,Section B,2026-09-28,25,24,1,0.96,1
ENHS_SYN_0398,Grade 9,Section B,2026-10-05,25,22,3,0.88,1
ENHS_SYN_0398,Grade 9,Section B,2026-10-12,25,24,1,0.96,1
ENHS_SYN_0398,Grade 9,Section B,2026-10-19,25,23,2,0.92,1
ENHS_SYN_0399,Grade 9,Section B,2026-08-03,25,21,4,0.84,1
ENHS_SYN_0399,Grade 9,Section B,2026-08-10,24,22,2,0.9167,1
ENHS_SYN_0399,Grade 9,Section B,2026-08-17,25,23,2,0.92,1
ENHS_SYN_0399,Grade 9,Section B,2026-08-24,25,24,1,0.96,1
ENHS_SYN_0399,Grade 9,Section B,2026-08-31,25,25,0,1.0,0
ENHS_SYN_0399,Grade 9,Section B,2026-09-07,25,22,3,0.88,1
ENHS_SYN_0399,Grade 9,Section B,2026-09-14,25,22,3,0.88,1
ENHS_SYN_0399,Grade 9,Section B,2026-09-21,25,22,3,0.88,1
ENHS_SYN_0399,Grade 9,Section B,2026-09-28,25,23,2,0.92,1
ENHS_SYN_0399,Grade 9,Section B,2026-10-05,25,24,1,0.96,1
ENHS_SYN_0399,Grade 9,Section B,2026-10-12,25,23,2,0.92,1
ENHS_SYN_0399,Grade 9,Section B,2026-10-19,25,22,3,0.88,1
ENHS_SYN_0400,Grade 9,Section B,2026-08-03,25,22,3,0.88,1
ENHS_SYN_0400,Grade 9,Section B,2026-08-10,25,25,0,1.0,0
ENHS_SYN_0400,Grade 9,Section B,2026-08-17,25,24,1,0.96,1
ENHS_SYN_0400,Grade 9,Section B,2026-08-24,25,24,1,0.96,1
ENHS_SYN_0400,Grade 9,Section B,2026-08-31,25,25,0,1.0,0
ENHS_SYN_0400,Grade 9,Section B,2026-09-07,25,23,2,0.92,1
ENHS_SYN_0400,Grade 9,Section B,2026-09-14,25,22,3,0.88,1
ENHS_SYN_0400,Grade 9,Section B,2026-09-21,25,22,3,0.88,1
ENHS_SYN_0400,Grade 9,Section B,2026-09-28,25,24,1,0.96,1
ENHS_SYN_0400,Grade 9,Section B,2026-10-05,25,25,0,1.0,0
ENHS_SYN_0400,Grade 9,Section B,2026-10-12,25,23,2,0.92,1
ENHS_SYN_0400,Grade 9,Section B,2026-10-19,25,25,0,1.0,0
ENHS_SYN_0401,Grade 9,Section C,2026-08-03,25,21,4,0.84,1
ENHS_SYN_0401,Grade 9,Section C,2026-08-10,25,22,3,0.88,1
ENHS_SYN_0401,Grade 9,Section C,2026-08-17,25,18,7,0.72,1
ENHS_SYN_0401,Grade 9,Section C,2026-08-24,25,19,6,0.76,1
ENHS_SYN_0401,Grade 9,Section C,2026-08-31,25,19,6,0.76,1
ENHS_SYN_0401,Grade 9,Section C,2026-09-07,25,18,7,0.72,1
ENHS_SYN_0401,Grade 9,Section C,2026-09-14,25,20,5,0.8,1
ENHS_SYN_0401,Grade 9,Section C,2026-09-21,25,16,9,0.64,1
ENHS_SYN_0401,Grade 9,Section C,2026-09-28,25,18,7,0.72,1
ENHS_SYN_0401,Grade 9,Section C,2026-10-05,25,18,7,0.72,1
ENHS_SYN_0401,Grade 9,Section C,2026-10-12,25,20,5,0.8,1
ENHS_SYN_0401,Grade 9,Section C,2026-10-19,24,17,7,0.7083,1
ENHS_SYN_0402,Grade 9,Section C,2026-08-03,25,21,4,0.84,1
ENHS_SYN_0402,Grade 9,Section C,2026-08-10,25,19,6,0.76,1
ENHS_SYN_0402,Grade 9,Section C,2026-08-17,25,22,3,0.88,1
ENHS_SYN_0402,Grade 9,Section C,2026-08-24,25,21,4,0.84,1
ENHS_SYN_0402,Grade 9,Section C,2026-08-31,25,18,7,0.72,1
ENHS_SYN_0402,Grade 9,Section C,2026-09-07,25,20,5,0.8,1
ENHS_SYN_0402,Grade 9,Section C,2026-09-14,25,17,8,0.68,1
ENHS_SYN_0402,Grade 9,Section C,2026-09-21,25,22,3,0.88,1
ENHS_SYN_0402,Grade 9,Section C,2026-09-28,25,24,1,0.96,1
ENHS_SYN_0402,Grade 9,Section C,2026-10-05,25,22,3,0.88,1
ENHS_SYN_0402,Grade 9,Section C,2026-10-12,25,20,5,0.8,1
ENHS_SYN_0402,Grade 9,Section C,2026-10-19,25,22,3,0.88,1
ENHS_SYN_0403,Grade 9,Section C,2026-08-03,25,23,2,0.92,1
ENHS_SYN_0403,Grade 9,Section C,2026-08-10,25,21,4,0.84,1
ENHS_SYN_0403,Grade 9,Section C,2026-08-17,25,25,0,1.0,0
ENHS_SYN_0403,Grade 9,Section C,2026-08-24,25,24,1,0.96,1
ENHS_SYN_0403,Grade 9,Section C,2026-08-31,25,24,1,0.96,1
ENHS_SYN_0403,Grade 9,Section C,2026-09-07,24,18,6,0.75,1
ENHS_SYN_0403,Grade 9,Section C,2026-09-14,25,21,4,0.84,1
ENHS_SYN_0403,Grade 9,Section C,2026-09-21,25,22,3,0.88,1
ENHS_SYN_0403,Grade 9,Section C,2026-09-28,25,22,3,0.88,1
ENHS_SYN_0403,Grade 9,Section C,2026-10-05,25,22,3,0.88,1
ENHS_SYN_0403,Grade 9,Section C,2026-10-12,25,22,3,0.88,1
ENHS_SYN_0403,Grade 9,Section C,2026-10-19,25,21,4,0.84,1
ENHS_SYN_0404,Grade 9,Section C,2026-08-03,25,25,0,1.0,0
ENHS_SYN_0404,Grade 9,Section C,2026-08-10,25,23,2,0.92,1
ENHS_SYN_0404,Grade 9,Section C,2026-08-17,25,24,1,0.96,1
ENHS_SYN_0404,Grade 9,Section C,2026-08-24,25,21,4,0.84,1
ENHS_SYN_0404,Grade 9,Section C,2026-08-31,25,24,1,0.96,1
ENHS_SYN_0404,Grade 9,Section C,2026-09-07,25,24,1,0.96,1
ENHS_SYN_0404,Grade 9,Section C,2026-09-14,25,24,1,0.96,1
ENHS_SYN_0404,Grade 9,Section C,2026-09-21,25,25,0,1.0,0
ENHS_SYN_0404,Grade 9,Section C,2026-09-28,25,25,0,1.0,0
ENHS_SYN_0404,Grade 9,Section C,2026-10-05,25,23,2,0.92,1
ENHS_SYN_0404,Grade 9,Section C,2026-10-12,25,24,1,0.96,1
ENHS_SYN_0404,Grade 9,Section C,2026-10-19,25,23,2,0.92,1
ENHS_SYN_0405,Grade 9,Section C,2026-08-03,25,22,3,0.88,1
ENHS_SYN_0405,Grade 9,Section C,2026-08-10,25,23,2,0.92,1
ENHS_SYN_0405,Grade 9,Section C,2026-08-17,25,24,1,0.96,1
ENHS_SYN_0405,Grade 9,Section C,2026-08-24,25,20,5,0.8,1
ENHS_SYN_0405,Grade 9,Section C,2026-08-31,25,18,7,0.72,1
ENHS_SYN_0405,Grade 9,Section C,2026-09-07,25,24,1,0.96,1
ENHS_SYN_0405,Grade 9,Section C,2026-09-14,25,24,1,0.96,1
ENHS_SYN_0405,Grade 9,Section C,2026-09-21,25,24,1,0.96,1
ENHS_SYN_0405,Grade 9,Section C,2026-09-28,25,24,1,0.96,1
ENHS_SYN_0405,Grade 9,Section C,2026-10-05,25,23,2,0.92,1
ENHS_SYN_0405,Grade 9,Section C,2026-10-12,25,23,2,0.92,1
ENHS_SYN_0405,Grade 9,Section C,2026-10-19,25,24,1,0.96,1
ENHS_SYN_0406,Grade 9,Section C,2026-08-03,24,10,14,0.4167,1
ENHS_SYN_0406,Grade 9,Section C,2026-08-10,25,18,7,0.72,1
ENHS_SYN_0406,Grade 9,Section C,2026-08-17,24,14,10,0.5833,1
ENHS_SYN_0406,Grade 9,Section C,2026-08-24,25,21,4,0.84,1
ENHS_SYN_0406,Grade 9,Section C,2026-08-31,25,17,8,0.68,1
ENHS_SYN_0406,Grade 9,Section C,2026-09-07,25,18,7,0.72,1
ENHS_SYN_0406,Grade 9,Section C,2026-09-14,25,17,8,0.68,1
ENHS_SYN_0406,Grade 9,Section C,2026-09-21,25,21,4,0.84,1
ENHS_SYN_0406,Grade 9,Section C,2026-09-28,25,18,7,0.72,1
ENHS_SYN_0406,Grade 9,Section C,2026-10-05,25,17,8,0.68,1
ENHS_SYN_0406,Grade 9,Section C,2026-10-12,25,20,5,0.8,1
ENHS_SYN_0406,Grade 9,Section C,2026-10-19,25,22,3,0.88,1
ENHS_SYN_0407,Grade 9,Section C,2026-08-03,25,21,4,0.84,1
ENHS_SYN_0407,Grade 9,Section C,2026-08-10,25,21,4,0.84,1
ENHS_SYN_0407,Grade 9,Section C,2026-08-17,25,22,3,0.88,1
ENHS_SYN_0407,Grade 9,Section C,2026-08-24,25,21,4,0.84,1
ENHS_SYN_0407,Grade 9,Section C,2026-08-31,25,24,1,0.96,1
ENHS_SYN_0407,Grade 9,Section C,2026-09-07,25,24,1,0.96,1
ENHS_SYN_0407,Grade 9,Section C,2026-09-14,25,23,2,0.92,1
ENHS_SYN_0407,Grade 9,Section C,2026-09-21,25,19,6,0.76,1
ENHS_SYN_0407,Grade 9,Section C,2026-09-28,25,21,4,0.84,1
ENHS_SYN_0407,Grade 9,Section C,2026-10-05,25,24,1,0.96,1
ENHS_SYN_0407,Grade 9,Section C,2026-10-12,25,19,6,0.76,1
ENHS_SYN_0407,Grade 9,Section C,2026-10-19,24,21,3,0.875,1
ENHS_SYN_0408,Grade 9,Section C,2026-08-03,25,23,2,0.92,1
ENHS_SYN_0408,Grade 9,Section C,2026-08-10,25,22,3,0.88,1
ENHS_SYN_0408,Grade 9,Section C,2026-08-17,25,24,1,0.96,1
ENHS_SYN_0408,Grade 9,Section C,2026-08-24,24,22,2,0.9167,1
ENHS_SYN_0408,Grade 9,Section C,2026-08-31,25,22,3,0.88,1
ENHS_SYN_0408,Grade 9,Section C,2026-09-07,25,21,4,0.84,1
ENHS_SYN_0408,Grade 9,Section C,2026-09-14,25,24,1,0.96,1
ENHS_SYN_0408,Grade 9,Section C,2026-09-21,25,22,3,0.88,1
ENHS_SYN_0408,Grade 9,Section C,2026-09-28,25,20,5,0.8,1
ENHS_SYN_0408,Grade 9,Section C,2026-10-05,25,23,2,0.92,1
ENHS_SYN_0408,Grade 9,Section C,2026-10-12,25,25,0,1.0,0
ENHS_SYN_0408,Grade 9,Section C,2026-10-19,24,23,1,0.9583,1
ENHS_SYN_0409,Grade 9,Section C,2026-08-03,25,23,2,0.92,1
ENHS_SYN_0409,Grade 9,Section C,2026-08-10,25,24,1,0.96,1
ENHS_SYN_0409,Grade 9,Section C,2026-08-17,24,22,2,0.9167,1
ENHS_SYN_0409,Grade 9,Section C,2026-08-24,25,25,0,1.0,0
ENHS_SYN_0409,Grade 9,Section C,2026-08-31,25,24,1,0.96,1
ENHS_SYN_0409,Grade 9,Section C,2026-09-07,25,24,1,0.96,1
ENHS_SYN_0409,Grade 9,Section C,2026-09-14,24,23,1,0.9583,1
ENHS_SYN_0409,Grade 9,Section C,2026-09-21,25,24,1,0.96,1
ENHS_SYN_0409,Grade 9,Section C,2026-09-28,25,24,1,0.96,1
ENHS_SYN_0409,Grade 9,Section C,2026-10-05,25,25,0,1.0,0
ENHS_SYN_0409,Grade 9,Section C,2026-10-12,25,24,1,0.96,1
ENHS_SYN_0409,Grade 9,Section C,2026-10-19,25,25,0,1.0,0
ENHS_SYN_0410,Grade 9,Section C,2026-08-03,25,16,9,0.64,1
ENHS_SYN_0410,Grade 9,Section C,2026-08-10,25,17,8,0.68,1
ENHS_SYN_0410,Grade 9,Section C,2026-08-17,25,15,10,0.6,1
ENHS_SYN_0410,Grade 9,Section C,2026-08-24,25,15,10,0.6,1
ENHS_SYN_0410,Grade 9,Section C,2026-08-31,25,17,8,0.68,1
ENHS_SYN_0410,Grade 9,Section C,2026-09-07,25,17,8,0.68,1
ENHS_SYN_0410,Grade 9,Section C,2026-09-14,25,19,6,0.76,1
ENHS_SYN_0410,Grade 9,Section C,2026-09-21,25,20,5,0.8,1
ENHS_SYN_0410,Grade 9,Section C,2026-09-28,25,20,5,0.8,1
ENHS_SYN_0410,Grade 9,Section C,2026-10-05,25,14,11,0.56,1
ENHS_SYN_0410,Grade 9,Section C,2026-10-12,25,17,8,0.68,1
ENHS_SYN_0410,Grade 9,Section C,2026-10-19,25,16,9,0.64,1
ENHS_SYN_0411,Grade 9,Section C,2026-08-03,25,23,2,0.92,1
ENHS_SYN_0411,Grade 9,Section C,2026-08-10,25,24,1,0.96,1
ENHS_SYN_0411,Grade 9,Section C,2026-08-17,25,24,1,0.96,1
ENHS_SYN_0411,Grade 9,Section C,2026-08-24,25,23,2,0.92,1
ENHS_SYN_0411,Grade 9,Section C,2026-08-31,25,21,4,0.84,1
ENHS_SYN_0411,Grade 9,Section C,2026-09-07,25,23,2,0.92,1
ENHS_SYN_0411,Grade 9,Section C,2026-09-14,25,22,3,0.88,1
ENHS_SYN_0411,Grade 9,Section C,2026-09-21,25,20,5,0.8,1
ENHS_SYN_0411,Grade 9,Section C,2026-09-28,25,17,8,0.68,1
ENHS_SYN_0411,Grade 9,Section C,2026-10-05,25,23,2,0.92,1
ENHS_SYN_0411,Grade 9,Section C,2026-10-12,25,23,2,0.92,1
ENHS_SYN_0411,Grade 9,Section C,2026-10-19,25,22,3,0.88,1
ENHS_SYN_0412,Grade 9,Section C,2026-08-03,25,24,1,0.96,1
ENHS_SYN_0412,Grade 9,Section C,2026-08-10,24,24,0,1.0,0
ENHS_SYN_0412,Grade 9,Section C,2026-08-17,25,25,0,1.0,0
ENHS_SYN_0412,Grade 9,Section C,2026-08-24,25,23,2,0.92,1
ENHS_SYN_0412,Grade 9,Section C,2026-08-31,25,25,0,1.0,0
ENHS_SYN_0412,Grade 9,Section C,2026-09-07,25,24,1,0.96,1
ENHS_SYN_0412,Grade 9,Section C,2026-09-14,25,25,0,1.0,0
ENHS_SYN_0412,Grade 9,Section C,2026-09-21,25,23,2,0.92,1
ENHS_SYN_0412,Grade 9,Section C,2026-09-28,25,25,0,1.0,0
ENHS_SYN_0412,Grade 9,Section C,2026-10-05,25,25,0,1.0,0
ENHS_SYN_0412,Grade 9,Section C,2026-10-12,25,25,0,1.0,0
ENHS_SYN_0412,Grade 9,Section C,2026-10-19,25,25,0,1.0,0
ENHS_SYN_0413,Grade 9,Section C,2026-08-03,25,21,4,0.84,1
ENHS_SYN_0413,Grade 9,Section C,2026-08-10,25,20,5,0.8,1
ENHS_SYN_0413,Grade 9,Section C,2026-08-17,25,21,4,0.84,1
ENHS_SYN_0413,Grade 9,Section C,2026-08-24,25,17,8,0.68,1
ENHS_SYN_0413,Grade 9,Section C,2026-08-31,25,22,3,0.88,1
ENHS_SYN_0413,Grade 9,Section C,2026-09-07,25,24,1,0.96,1
ENHS_SYN_0413,Grade 9,Section C,2026-09-14,25,22,3,0.88,1
ENHS_SYN_0413,Grade 9,Section C,2026-09-21,25,23,2,0.92,1
ENHS_SYN_0413,Grade 9,Section C,2026-09-28,25,21,4,0.84,1
ENHS_SYN_0413,Grade 9,Section C,2026-10-05,25,21,4,0.84,1
ENHS_SYN_0413,Grade 9,Section C,2026-10-12,25,24,1,0.96,1
ENHS_SYN_0413,Grade 9,Section C,2026-10-19,25,20,5,0.8,1
ENHS_SYN_0414,Grade 9,Section C,2026-08-03,25,24,1,0.96,1
ENHS_SYN_0414,Grade 9,Section C,2026-08-10,25,24,1,0.96,1
ENHS_SYN_0414,Grade 9,Section C,2026-08-17,25,24,1,0.96,1
ENHS_SYN_0414,Grade 9,Section C,2026-08-24,25,23,2,0.92,1
ENHS_SYN_0414,Grade 9,Section C,2026-08-31,25,24,1,0.96,1
ENHS_SYN_0414,Grade 9,Section C,2026-09-07,25,21,4,0.84,1
ENHS_SYN_0414,Grade 9,Section C,2026-09-14,25,22,3,0.88,1
ENHS_SYN_0414,Grade 9,Section C,2026-09-21,25,24,1,0.96,1
ENHS_SYN_0414,Grade 9,Section C,2026-09-28,25,20,5,0.8,1
ENHS_SYN_0414,Grade 9,Section C,2026-10-05,25,22,3,0.88,1
ENHS_SYN_0414,Grade 9,Section C,2026-10-12,25,20,5,0.8,1
ENHS_SYN_0414,Grade 9,Section C,2026-10-19,25,23,2,0.92,1
ENHS_SYN_0415,Grade 9,Section C,2026-08-03,25,23,2,0.92,1
ENHS_SYN_0415,Grade 9,Section C,2026-08-10,25,21,4,0.84,1
ENHS_SYN_0415,Grade 9,Section C,2026-08-17,25,21,4,0.84,1
ENHS_SYN_0415,Grade 9,Section C,2026-08-24,25,24,1,0.96,1
ENHS_SYN_0415,Grade 9,Section C,2026-08-31,25,22,3,0.88,1
ENHS_SYN_0415,Grade 9,Section C,2026-09-07,25,20,5,0.8,1
ENHS_SYN_0415,Grade 9,Section C,2026-09-14,25,22,3,0.88,1
ENHS_SYN_0415,Grade 9,Section C,2026-09-21,25,22,3,0.88,1
ENHS_SYN_0415,Grade 9,Section C,2026-09-28,25,20,5,0.8,1
ENHS_SYN_0415,Grade 9,Section C,2026-10-05,25,22,3,0.88,1
ENHS_SYN_0415,Grade 9,Section C,2026-10-12,25,22,3,0.88,1
ENHS_SYN_0415,Grade 9,Section C,2026-10-19,25,21,4,0.84,1
ENHS_SYN_0416,Grade 9,Section C,2026-08-03,25,19,6,0.76,1
ENHS_SYN_0416,Grade 9,Section C,2026-08-10,25,21,4,0.84,1
ENHS_SYN_0416,Grade 9,Section C,2026-08-17,25,25,0,1.0,0
ENHS_SYN_0416,Grade 9,Section C,2026-08-24,25,22,3,0.88,1
ENHS_SYN_0416,Grade 9,Section C,2026-08-31,25,19,6,0.76,1
ENHS_SYN_0416,Grade 9,Section C,2026-09-07,25,20,5,0.8,1
ENHS_SYN_0416,Grade 9,Section C,2026-09-14,25,22,3,0.88,1
ENHS_SYN_0416,Grade 9,Section C,2026-09-21,25,24,1,0.96,1
ENHS_SYN_0416,Grade 9,Section C,2026-09-28,25,18,7,0.72,1
ENHS_SYN_0416,Grade 9,Section C,2026-10-05,25,17,8,0.68,1
ENHS_SYN_0416,Grade 9,Section C,2026-10-12,25,17,8,0.68,1
ENHS_SYN_0416,Grade 9,Section C,2026-10-19,25,20,5,0.8,1
ENHS_SYN_0417,Grade 9,Section C,2026-08-03,25,19,6,0.76,1
ENHS_SYN_0417,Grade 9,Section C,2026-08-10,25,16,9,0.64,1
ENHS_SYN_0417,Grade 9,Section C,2026-08-17,25,18,7,0.72,1
ENHS_SYN_0417,Grade 9,Section C,2026-08-24,25,16,9,0.64,1
ENHS_SYN_0417,Grade 9,Section C,2026-08-31,25,19,6,0.76,1
ENHS_SYN_0417,Grade 9,Section C,2026-09-07,25,15,10,0.6,1
ENHS_SYN_0417,Grade 9,Section C,2026-09-14,25,17,8,0.68,1
ENHS_SYN_0417,Grade 9,Section C,2026-09-21,25,16,9,0.64,1
ENHS_SYN_0417,Grade 9,Section C,2026-09-28,25,20,5,0.8,1
ENHS_SYN_0417,Grade 9,Section C,2026-10-05,25,17,8,0.68,1
ENHS_SYN_0417,Grade 9,Section C,2026-10-12,25,13,12,0.52,1
ENHS_SYN_0417,Grade 9,Section C,2026-10-19,25,17,8,0.68,1
ENHS_SYN_0418,Grade 9,Section C,2026-08-03,25,20,5,0.8,1
ENHS_SYN_0418,Grade 9,Section C,2026-08-10,25,24,1,0.96,1
ENHS_SYN_0418,Grade 9,Section C,2026-08-17,25,23,2,0.92,1
ENHS_SYN_0418,Grade 9,Section C,2026-08-24,25,20,5,0.8,1
ENHS_SYN_0418,Grade 9,Section C,2026-08-31,25,22,3,0.88,1
ENHS_SYN_0418,Grade 9,Section C,2026-09-07,25,23,2,0.92,1
ENHS_SYN_0418,Grade 9,Section C,2026-09-14,25,22,3,0.88,1
ENHS_SYN_0418,Grade 9,Section C,2026-09-21,25,21,4,0.84,1
ENHS_SYN_0418,Grade 9,Section C,2026-09-28,25,21,4,0.84,1
ENHS_SYN_0418,Grade 9,Section C,2026-10-05,25,22,3,0.88,1
ENHS_SYN_0418,Grade 9,Section C,2026-10-12,25,19,6,0.76,1
ENHS_SYN_0418,Grade 9,Section C,2026-10-19,25,21,4,0.84,1
ENHS_SYN_0419,Grade 9,Section C,2026-08-03,25,23,2,0.92,1
ENHS_SYN_0419,Grade 9,Section C,2026-08-10,25,24,1,0.96,1
ENHS_SYN_0419,Grade 9,Section C,2026-08-17,25,24,1,0.96,1
ENHS_SYN_0419,Grade 9,Section C,2026-08-24,25,24,1,0.96,1
ENHS_SYN_0419,Grade 9,Section C,2026-08-31,25,23,2,0.92,1
ENHS_SYN_0419,Grade 9,Section C,2026-09-07,25,24,1,0.96,1
ENHS_SYN_0419,Grade 9,Section C,2026-09-14,25,24,1,0.96,1
ENHS_SYN_0419,Grade 9,Section C,2026-09-21,25,25,0,1.0,0
ENHS_SYN_0419,Grade 9,Section C,2026-09-28,25,24,1,0.96,1
ENHS_SYN_0419,Grade 9,Section C,2026-10-05,25,24,1,0.96,1
ENHS_SYN_0419,Grade 9,Section C,2026-10-12,25,25,0,1.0,0
ENHS_SYN_0419,Grade 9,Section C,2026-10-19,25,22,3,0.88,1
ENHS_SYN_0420,Grade 9,Section C,2026-08-03,25,23,2,0.92,1
ENHS_SYN_0420,Grade 9,Section C,2026-08-10,25,22,3,0.88,1
ENHS_SYN_0420,Grade 9,Section C,2026-08-17,25,23,2,0.92,1
ENHS_SYN_0420,Grade 9,Section C,2026-08-24,25,21,4,0.84,1
ENHS_SYN_0420,Grade 9,Section C,2026-08-31,25,21,4,0.84,1
ENHS_SYN_0420,Grade 9,Section C,2026-09-07,25,24,1,0.96,1
ENHS_SYN_0420,Grade 9,Section C,2026-09-14,25,23,2,0.92,1
ENHS_SYN_0420,Grade 9,Section C,2026-09-21,24,21,3,0.875,1
ENHS_SYN_0420,Grade 9,Section C,2026-09-28,25,22,3,0.88,1
ENHS_SYN_0420,Grade 9,Section C,2026-10-05,25,24,1,0.96,1
ENHS_SYN_0420,Grade 9,Section C,2026-10-12,25,22,3,0.88,1
ENHS_SYN_0420,Grade 9,Section C,2026-10-19,25,22,3,0.88,1
ENHS_SYN_0421,Grade 9,Section C,2026-08-03,25,22,3,0.88,1
ENHS_SYN_0421,Grade 9,Section C,2026-08-10,25,19,6,0.76,1
ENHS_SYN_0421,Grade 9,Section C,2026-08-17,25,21,4,0.84,1
ENHS_SYN_0421,Grade 9,Section C,2026-08-24,25,20,5,0.8,1
ENHS_SYN_0421,Grade 9,Section C,2026-08-31,25,20,5,0.8,1
ENHS_SYN_0421,Grade 9,Section C,2026-09-07,25,21,4,0.84,1
ENHS_SYN_0421,Grade 9,Section C,2026-09-14,25,15,10,0.6,1
ENHS_SYN_0421,Grade 9,Section C,2026-09-21,25,21,4,0.84,1
ENHS_SYN_0421,Grade 9,Section C,2026-09-28,25,16,9,0.64,1
ENHS_SYN_0421,Grade 9,Section C,2026-10-05,25,19,6,0.76,1
ENHS_SYN_0421,Grade 9,Section C,2026-10-12,25,21,4,0.84,1
ENHS_SYN_0421,Grade 9,Section C,2026-10-19,25,18,7,0.72,1
ENHS_SYN_0422,Grade 9,Section C,2026-08-03,25,25,0,1.0,0
ENHS_SYN_0422,Grade 9,Section C,2026-08-10,25,24,1,0.96,1
ENHS_SYN_0422,Grade 9,Section C,2026-08-17,25,25,0,1.0,0
ENHS_SYN_0422,Grade 9,Section C,2026-08-24,25,25,0,1.0,0
ENHS_SYN_0422,Grade 9,Section C,2026-08-31,25,25,0,1.0,0
ENHS_SYN_0422,Grade 9,Section C,2026-09-07,25,24,1,0.96,1
ENHS_SYN_0422,Grade 9,Section C,2026-09-14,25,25,0,1.0,0
ENHS_SYN_0422,Grade 9,Section C,2026-09-21,25,23,2,0.92,1
ENHS_SYN_0422,Grade 9,Section C,2026-09-28,25,22,3,0.88,1
ENHS_SYN_0422,Grade 9,Section C,2026-10-05,25,25,0,1.0,0
ENHS_SYN_0422,Grade 9,Section C,2026-10-12,24,23,1,0.9583,1
ENHS_SYN_0422,Grade 9,Section C,2026-10-19,25,22,3,0.88,1
ENHS_SYN_0423,Grade 9,Section C,2026-08-03,25,23,2,0.92,1
ENHS_SYN_0423,Grade 9,Section C,2026-08-10,25,24,1,0.96,1
ENHS_SYN_0423,Grade 9,Section C,2026-08-17,25,24,1,0.96,1
ENHS_SYN_0423,Grade 9,Section C,2026-08-24,25,19,6,0.76,1
ENHS_SYN_0423,Grade 9,Section C,2026-08-31,25,21,4,0.84,1
ENHS_SYN_0423,Grade 9,Section C,2026-09-07,25,23,2,0.92,1
ENHS_SYN_0423,Grade 9,Section C,2026-09-14,25,21,4,0.84,1
ENHS_SYN_0423,Grade 9,Section C,2026-09-21,25,19,6,0.76,1
ENHS_SYN_0423,Grade 9,Section C,2026-09-28,25,21,4,0.84,1
ENHS_SYN_0423,Grade 9,Section C,2026-10-05,25,21,4,0.84,1
ENHS_SYN_0423,Grade 9,Section C,2026-10-12,25,20,5,0.8,1
ENHS_SYN_0423,Grade 9,Section C,2026-10-19,25,22,3,0.88,1
ENHS_SYN_0424,Grade 9,Section C,2026-08-03,25,21,4,0.84,1
ENHS_SYN_0424,Grade 9,Section C,2026-08-10,25,21,4,0.84,1
ENHS_SYN_0424,Grade 9,Section C,2026-08-17,25,23,2,0.92,1
ENHS_SYN_0424,Grade 9,Section C,2026-08-24,25,24,1,0.96,1
ENHS_SYN_0424,Grade 9,Section C,2026-08-31,25,25,0,1.0,0
ENHS_SYN_0424,Grade 9,Section C,2026-09-07,25,22,3,0.88,1
ENHS_SYN_0424,Grade 9,Section C,2026-09-14,25,21,4,0.84,1
ENHS_SYN_0424,Grade 9,Section C,2026-09-21,25,22,3,0.88,1
ENHS_SYN_0424,Grade 9,Section C,2026-09-28,25,20,5,0.8,1
ENHS_SYN_0424,Grade 9,Section C,2026-10-05,25,23,2,0.92,1
ENHS_SYN_0424,Grade 9,Section C,2026-10-12,25,24,1,0.96,1
ENHS_SYN_0424,Grade 9,Section C,2026-10-19,25,24,1,0.96,1
ENHS_SYN_0425,Grade 9,Section C,2026-08-03,25,24,1,0.96,1
ENHS_SYN_0425,Grade 9,Section C,2026-08-10,25,25,0,1.0,0
ENHS_SYN_0425,Grade 9,Section C,2026-08-17,25,24,1,0.96,1
ENHS_SYN_0425,Grade 9,Section C,2026-08-24,25,25,0,1.0,0
ENHS_SYN_0425,Grade 9,Section C,2026-08-31,25,22,3,0.88,1
ENHS_SYN_0425,Grade 9,Section C,2026-09-07,25,23,2,0.92,1
ENHS_SYN_0425,Grade 9,Section C,2026-09-14,25,24,1,0.96,1
ENHS_SYN_0425,Grade 9,Section C,2026-09-21,25,25,0,1.0,0
ENHS_SYN_0425,Grade 9,Section C,2026-09-28,25,25,0,1.0,0
ENHS_SYN_0425,Grade 9,Section C,2026-10-05,25,25,0,1.0,0
ENHS_SYN_0425,Grade 9,Section C,2026-10-12,25,23,2,0.92,1
ENHS_SYN_0425,Grade 9,Section C,2026-10-19,25,24,1,0.96,1
ENHS_SYN_0426,Grade 9,Section C,2026-08-03,25,19,6,0.76,1
ENHS_SYN_0426,Grade 9,Section C,2026-08-10,25,18,7,0.72,1
ENHS_SYN_0426,Grade 9,Section C,2026-08-17,25,22,3,0.88,1
ENHS_SYN_0426,Grade 9,Section C,2026-08-24,25,21,4,0.84,1
ENHS_SYN_0426,Grade 9,Section C,2026-08-31,25,19,6,0.76,1
ENHS_SYN_0426,Grade 9,Section C,2026-09-07,25,19,6,0.76,1
ENHS_SYN_0426,Grade 9,Section C,2026-09-14,25,20,5,0.8,1
ENHS_SYN_0426,Grade 9,Section C,2026-09-21,25,16,9,0.64,1
ENHS_SYN_0426,Grade 9,Section C,2026-09-28,25,21,4,0.84,1
ENHS_SYN_0426,Grade 9,Section C,2026-10-05,25,17,8,0.68,1
ENHS_SYN_0426,Grade 9,Section C,2026-10-12,25,17,8,0.68,1
ENHS_SYN_0426,Grade 9,Section C,2026-10-19,24,19,5,0.7917,1
ENHS_SYN_0427,Grade 9,Section C,2026-08-03,25,23,2,0.92,1
ENHS_SYN_0427,Grade 9,Section C,2026-08-10,25,22,3,0.88,1
ENHS_SYN_0427,Grade 9,Section C,2026-08-17,25,25,0,1.0,0
ENHS_SYN_0427,Grade 9,Section C,2026-08-24,25,24,1,0.96,1
ENHS_SYN_0427,Grade 9,Section C,2026-08-31,25,23,2,0.92,1
ENHS_SYN_0427,Grade 9,Section C,2026-09-07,25,24,1,0.96,1
ENHS_SYN_0427,Grade 9,Section C,2026-09-14,25,23,2,0.92,1
ENHS_SYN_0427,Grade 9,Section C,2026-09-21,24,22,2,0.9167,1
ENHS_SYN_0427,Grade 9,Section C,2026-09-28,25,24,1,0.96,1
ENHS_SYN_0427,Grade 9,Section C,2026-10-05,25,22,3,0.88,1
ENHS_SYN_0427,Grade 9,Section C,2026-10-12,25,25,0,1.0,0
ENHS_SYN_0427,Grade 9,Section C,2026-10-19,25,23,2,0.92,1
ENHS_SYN_0428,Grade 9,Section C,2026-08-03,25,22,3,0.88,1
ENHS_SYN_0428,Grade 9,Section C,2026-08-10,25,20,5,0.8,1
ENHS_SYN_0428,Grade 9,Section C,2026-08-17,25,20,5,0.8,1
ENHS_SYN_0428,Grade 9,Section C,2026-08-24,25,20,5,0.8,1
ENHS_SYN_0428,Grade 9,Section C,2026-08-31,25,18,7,0.72,1
ENHS_SYN_0428,Grade 9,Section C,2026-09-07,25,20,5,0.8,1
ENHS_SYN_0428,Grade 9,Section C,2026-09-14,25,17,8,0.68,1
ENHS_SYN_0428,Grade 9,Section C,2026-09-21,25,19,6,0.76,1
ENHS_SYN_0428,Grade 9,Section C,2026-09-28,25,21,4,0.84,1
ENHS_SYN_0428,Grade 9,Section C,2026-10-05,25,19,6,0.76,1
ENHS_SYN_0428,Grade 9,Section C,2026-10-12,25,16,9,0.64,1
ENHS_SYN_0428,Grade 9,Section C,2026-10-19,24,18,6,0.75,1
ENHS_SYN_0429,Grade 9,Section C,2026-08-03,25,22,3,0.88,1
ENHS_SYN_0429,Grade 9,Section C,2026-08-10,24,23,1,0.9583,1
ENHS_SYN_0429,Grade 9,Section C,2026-08-17,25,24,1,0.96,1
ENHS_SYN_0429,Grade 9,Section C,2026-08-24,25,23,2,0.92,1
ENHS_SYN_0429,Grade 9,Section C,2026-08-31,25,23,2,0.92,1
ENHS_SYN_0429,Grade 9,Section C,2026-09-07,25,25,0,1.0,0
ENHS_SYN_0429,Grade 9,Section C,2026-09-14,25,23,2,0.92,1
ENHS_SYN_0429,Grade 9,Section C,2026-09-21,25,23,2,0.92,1
ENHS_SYN_0429,Grade 9,Section C,2026-09-28,25,21,4,0.84,1
ENHS_SYN_0429,Grade 9,Section C,2026-10-05,25,24,1,0.96,1
ENHS_SYN_0429,Grade 9,Section C,2026-10-12,24,24,0,1.0,0
ENHS_SYN_0429,Grade 9,Section C,2026-10-19,25,22,3,0.88,1
ENHS_SYN_0430,Grade 9,Section C,2026-08-03,25,21,4,0.84,1
ENHS_SYN_0430,Grade 9,Section C,2026-08-10,25,25,0,1.0,0
ENHS_SYN_0430,Grade 9,Section C,2026-08-17,25,23,2,0.92,1
ENHS_SYN_0430,Grade 9,Section C,2026-08-24,25,24,1,0.96,1
ENHS_SYN_0430,Grade 9,Section C,2026-08-31,25,21,4,0.84,1
ENHS_SYN_0430,Grade 9,Section C,2026-09-07,25,22,3,0.88,1
ENHS_SYN_0430,Grade 9,Section C,2026-09-14,25,25,0,1.0,0
ENHS_SYN_0430,Grade 9,Section C,2026-09-21,25,21,4,0.84,1
ENHS_SYN_0430,Grade 9,Section C,2026-09-28,25,22,3,0.88,1
ENHS_SYN_0430,Grade 9,Section C,2026-10-05,25,23,2,0.92,1
ENHS_SYN_0430,Grade 9,Section C,2026-10-12,25,24,1,0.96,1
ENHS_SYN_0430,Grade 9,Section C,2026-10-19,25,24,1,0.96,1
ENHS_SYN_0431,Grade 9,Section C,2026-08-03,25,17,8,0.68,1
ENHS_SYN_0431,Grade 9,Section C,2026-08-10,25,17,8,0.68,1
ENHS_SYN_0431,Grade 9,Section C,2026-08-17,25,21,4,0.84,1
ENHS_SYN_0431,Grade 9,Section C,2026-08-24,25,17,8,0.68,1
ENHS_SYN_0431,Grade 9,Section C,2026-08-31,25,19,6,0.76,1
ENHS_SYN_0431,Grade 9,Section C,2026-09-07,25,20,5,0.8,1
ENHS_SYN_0431,Grade 9,Section C,2026-09-14,25,18,7,0.72,1
ENHS_SYN_0431,Grade 9,Section C,2026-09-21,25,22,3,0.88,1
ENHS_SYN_0431,Grade 9,Section C,2026-09-28,25,21,4,0.84,1
ENHS_SYN_0431,Grade 9,Section C,2026-10-05,25,16,9,0.64,1
ENHS_SYN_0431,Grade 9,Section C,2026-10-12,25,20,5,0.8,1
ENHS_SYN_0431,Grade 9,Section C,2026-10-19,25,19,6,0.76,1
ENHS_SYN_0432,Grade 9,Section C,2026-08-03,23,20,3,0.8696,1
ENHS_SYN_0432,Grade 9,Section C,2026-08-10,25,21,4,0.84,1
ENHS_SYN_0432,Grade 9,Section C,2026-08-17,24,20,4,0.8333,1
ENHS_SYN_0432,Grade 9,Section C,2026-08-24,25,20,5,0.8,1
ENHS_SYN_0432,Grade 9,Section C,2026-08-31,25,21,4,0.84,1
ENHS_SYN_0432,Grade 9,Section C,2026-09-07,25,18,7,0.72,1
ENHS_SYN_0432,Grade 9,Section C,2026-09-14,25,20,5,0.8,1
ENHS_SYN_0432,Grade 9,Section C,2026-09-21,25,20,5,0.8,1
ENHS_SYN_0432,Grade 9,Section C,2026-09-28,25,19,6,0.76,1
ENHS_SYN_0432,Grade 9,Section C,2026-10-05,25,22,3,0.88,1
ENHS_SYN_0432,Grade 9,Section C,2026-10-12,25,22,3,0.88,1
ENHS_SYN_0432,Grade 9,Section C,2026-10-19,25,16,9,0.64,1
ENHS_SYN_0433,Grade 9,Section C,2026-08-03,25,22,3,0.88,1
ENHS_SYN_0433,Grade 9,Section C,2026-08-10,25,22,3,0.88,1
ENHS_SYN_0433,Grade 9,Section C,2026-08-17,25,20,5,0.8,1
ENHS_SYN_0433,Grade 9,Section C,2026-08-24,25,21,4,0.84,1
ENHS_SYN_0433,Grade 9,Section C,2026-08-31,25,21,4,0.84,1
ENHS_SYN_0433,Grade 9,Section C,2026-09-07,25,24,1,0.96,1
ENHS_SYN_0433,Grade 9,Section C,2026-09-14,25,20,5,0.8,1
ENHS_SYN_0433,Grade 9,Section C,2026-09-21,25,23,2,0.92,1
ENHS_SYN_0433,Grade 9,Section C,2026-09-28,25,23,2,0.92,1
ENHS_SYN_0433,Grade 9,Section C,2026-10-05,25,21,4,0.84,1
ENHS_SYN_0433,Grade 9,Section C,2026-10-12,25,22,3,0.88,1
ENHS_SYN_0433,Grade 9,Section C,2026-10-19,25,25,0,1.0,0
ENHS_SYN_0434,Grade 9,Section C,2026-08-03,25,23,2,0.92,1
ENHS_SYN_0434,Grade 9,Section C,2026-08-10,25,19,6,0.76,1
ENHS_SYN_0434,Grade 9,Section C,2026-08-17,25,20,5,0.8,1
ENHS_SYN_0434,Grade 9,Section C,2026-08-24,25,19,6,0.76,1
ENHS_SYN_0434,Grade 9,Section C,2026-08-31,25,24,1,0.96,1
ENHS_SYN_0434,Grade 9,Section C,2026-09-07,25,24,1,0.96,1
ENHS_SYN_0434,Grade 9,Section C,2026-09-14,25,21,4,0.84,1
ENHS_SYN_0434,Grade 9,Section C,2026-09-21,25,22,3,0.88,1
ENHS_SYN_0434,Grade 9,Section C,2026-09-28,25,23,2,0.92,1
ENHS_SYN_0434,Grade 9,Section C,2026-10-05,25,23,2,0.92,1
ENHS_SYN_0434,Grade 9,Section C,2026-10-12,25,22,3,0.88,1
ENHS_SYN_0434,Grade 9,Section C,2026-10-19,25,19,6,0.76,1
ENHS_SYN_0435,Grade 9,Section C,2026-08-03,25,16,9,0.64,1
ENHS_SYN_0435,Grade 9,Section C,2026-08-10,25,19,6,0.76,1
ENHS_SYN_0435,Grade 9,Section C,2026-08-17,25,22,3,0.88,1
ENHS_SYN_0435,Grade 9,Section C,2026-08-24,24,21,3,0.875,1
ENHS_SYN_0435,Grade 9,Section C,2026-08-31,25,16,9,0.64,1
ENHS_SYN_0435,Grade 9,Section C,2026-09-07,25,19,6,0.76,1
ENHS_SYN_0435,Grade 9,Section C,2026-09-14,25,20,5,0.8,1
ENHS_SYN_0435,Grade 9,Section C,2026-09-21,25,14,11,0.56,1
ENHS_SYN_0435,Grade 9,Section C,2026-09-28,25,21,4,0.84,1
ENHS_SYN_0435,Grade 9,Section C,2026-10-05,25,24,1,0.96,1
ENHS_SYN_0435,Grade 9,Section C,2026-10-12,23,18,5,0.7826,1
ENHS_SYN_0435,Grade 9,Section C,2026-10-19,25,18,7,0.72,1
ENHS_SYN_0436,Grade 9,Section C,2026-08-03,25,23,2,0.92,1
ENHS_SYN_0436,Grade 9,Section C,2026-08-10,25,24,1,0.96,1
ENHS_SYN_0436,Grade 9,Section C,2026-08-17,25,23,2,0.92,1
ENHS_SYN_0436,Grade 9,Section C,2026-08-24,25,22,3,0.88,1
ENHS_SYN_0436,Grade 9,Section C,2026-08-31,25,22,3,0.88,1
ENHS_SYN_0436,Grade 9,Section C,2026-09-07,25,19,6,0.76,1
ENHS_SYN_0436,Grade 9,Section C,2026-09-14,25,23,2,0.92,1
ENHS_SYN_0436,Grade 9,Section C,2026-09-21,25,22,3,0.88,1
ENHS_SYN_0436,Grade 9,Section C,2026-09-28,25,24,1,0.96,1
ENHS_SYN_0436,Grade 9,Section C,2026-10-05,25,22,3,0.88,1
ENHS_SYN_0436,Grade 9,Section C,2026-10-12,25,19,6,0.76,1
ENHS_SYN_0436,Grade 9,Section C,2026-10-19,25,20,5,0.8,1
ENHS_SYN_0437,Grade 9,Section C,2026-08-03,25,24,1,0.96,1
ENHS_SYN_0437,Grade 9,Section C,2026-08-10,25,21,4,0.84,1
ENHS_SYN_0437,Grade 9,Section C,2026-08-17,25,19,6,0.76,1
ENHS_SYN_0437,Grade 9,Section C,2026-08-24,25,20,5,0.8,1
ENHS_SYN_0437,Grade 9,Section C,2026-08-31,25,21,4,0.84,1
ENHS_SYN_0437,Grade 9,Section C,2026-09-07,25,23,2,0.92,1
ENHS_SYN_0437,Grade 9,Section C,2026-09-14,25,19,6,0.76,1
ENHS_SYN_0437,Grade 9,Section C,2026-09-21,25,19,6,0.76,1
ENHS_SYN_0437,Grade 9,Section C,2026-09-28,25,22,3,0.88,1
ENHS_SYN_0437,Grade 9,Section C,2026-10-05,25,17,8,0.68,1
ENHS_SYN_0437,Grade 9,Section C,2026-10-12,25,20,5,0.8,1
ENHS_SYN_0437,Grade 9,Section C,2026-10-19,25,20,5,0.8,1
ENHS_SYN_0438,Grade 9,Section C,2026-08-03,25,17,8,0.68,1
ENHS_SYN_0438,Grade 9,Section C,2026-08-10,25,19,6,0.76,1
ENHS_SYN_0438,Grade 9,Section C,2026-08-17,25,23,2,0.92,1
ENHS_SYN_0438,Grade 9,Section C,2026-08-24,25,22,3,0.88,1
ENHS_SYN_0438,Grade 9,Section C,2026-08-31,25,23,2,0.92,1
ENHS_SYN_0438,Grade 9,Section C,2026-09-07,25,18,7,0.72,1
ENHS_SYN_0438,Grade 9,Section C,2026-09-14,25,23,2,0.92,1
ENHS_SYN_0438,Grade 9,Section C,2026-09-21,25,24,1,0.96,1
ENHS_SYN_0438,Grade 9,Section C,2026-09-28,25,22,3,0.88,1
ENHS_SYN_0438,Grade 9,Section C,2026-10-05,25,21,4,0.84,1
ENHS_SYN_0438,Grade 9,Section C,2026-10-12,25,22,3,0.88,1
ENHS_SYN_0438,Grade 9,Section C,2026-10-19,25,19,6,0.76,1
ENHS_SYN_0439,Grade 9,Section C,2026-08-03,25,21,4,0.84,1
ENHS_SYN_0439,Grade 9,Section C,2026-08-10,25,19,6,0.76,1
ENHS_SYN_0439,Grade 9,Section C,2026-08-17,25,19,6,0.76,1
ENHS_SYN_0439,Grade 9,Section C,2026-08-24,25,23,2,0.92,1
ENHS_SYN_0439,Grade 9,Section C,2026-08-31,25,18,7,0.72,1
ENHS_SYN_0439,Grade 9,Section C,2026-09-07,25,21,4,0.84,1
ENHS_SYN_0439,Grade 9,Section C,2026-09-14,25,21,4,0.84,1
ENHS_SYN_0439,Grade 9,Section C,2026-09-21,25,22,3,0.88,1
ENHS_SYN_0439,Grade 9,Section C,2026-09-28,25,21,4,0.84,1
ENHS_SYN_0439,Grade 9,Section C,2026-10-05,25,21,4,0.84,1
ENHS_SYN_0439,Grade 9,Section C,2026-10-12,25,23,2,0.92,1
ENHS_SYN_0439,Grade 9,Section C,2026-10-19,25,22,3,0.88,1
ENHS_SYN_0440,Grade 9,Section C,2026-08-03,25,24,1,0.96,1
ENHS_SYN_0440,Grade 9,Section C,2026-08-10,25,24,1,0.96,1
ENHS_SYN_0440,Grade 9,Section C,2026-08-17,25,23,2,0.92,1
ENHS_SYN_0440,Grade 9,Section C,2026-08-24,25,25,0,1.0,0
ENHS_SYN_0440,Grade 9,Section C,2026-08-31,25,25,0,1.0,0
ENHS_SYN_0440,Grade 9,Section C,2026-09-07,25,23,2,0.92,1
ENHS_SYN_0440,Grade 9,Section C,2026-09-14,25,24,1,0.96,1
ENHS_SYN_0440,Grade 9,Section C,2026-09-21,25,25,0,1.0,0
ENHS_SYN_0440,Grade 9,Section C,2026-09-28,25,23,2,0.92,1
ENHS_SYN_0440,Grade 9,Section C,2026-10-05,25,23,2,0.92,1
ENHS_SYN_0440,Grade 9,Section C,2026-10-12,25,23,2,0.92,1
ENHS_SYN_0440,Grade 9,Section C,2026-10-19,25,25,0,1.0,0
ENHS_SYN_0441,Grade 9,Section C,2026-08-03,25,20,5,0.8,1
ENHS_SYN_0441,Grade 9,Section C,2026-08-10,25,24,1,0.96,1
ENHS_SYN_0441,Grade 9,Section C,2026-08-17,25,25,0,1.0,0
ENHS_SYN_0441,Grade 9,Section C,2026-08-24,25,18,7,0.72,1
ENHS_SYN_0441,Grade 9,Section C,2026-08-31,25,20,5,0.8,1
ENHS_SYN_0441,Grade 9,Section C,2026-09-07,25,17,8,0.68,1
ENHS_SYN_0441,Grade 9,Section C,2026-09-14,25,22,3,0.88,1
ENHS_SYN_0441,Grade 9,Section C,2026-09-21,25,20,5,0.8,1
ENHS_SYN_0441,Grade 9,Section C,2026-09-28,24,20,4,0.8333,1
ENHS_SYN_0441,Grade 9,Section C,2026-10-05,25,22,3,0.88,1
ENHS_SYN_0441,Grade 9,Section C,2026-10-12,25,21,4,0.84,1
ENHS_SYN_0441,Grade 9,Section C,2026-10-19,25,18,7,0.72,1
ENHS_SYN_0442,Grade 9,Section C,2026-08-03,25,20,5,0.8,1
ENHS_SYN_0442,Grade 9,Section C,2026-08-10,25,20,5,0.8,1
ENHS_SYN_0442,Grade 9,Section C,2026-08-17,25,24,1,0.96,1
ENHS_SYN_0442,Grade 9,Section C,2026-08-24,25,25,0,1.0,0
ENHS_SYN_0442,Grade 9,Section C,2026-08-31,25,21,4,0.84,1
ENHS_SYN_0442,Grade 9,Section C,2026-09-07,25,18,7,0.72,1
ENHS_SYN_0442,Grade 9,Section C,2026-09-14,25,18,7,0.72,1
ENHS_SYN_0442,Grade 9,Section C,2026-09-21,25,21,4,0.84,1
ENHS_SYN_0442,Grade 9,Section C,2026-09-28,25,25,0,1.0,0
ENHS_SYN_0442,Grade 9,Section C,2026-10-05,25,22,3,0.88,1
ENHS_SYN_0442,Grade 9,Section C,2026-10-12,25,22,3,0.88,1
ENHS_SYN_0442,Grade 9,Section C,2026-10-19,25,18,7,0.72,1
ENHS_SYN_0443,Grade 9,Section C,2026-08-03,24,20,4,0.8333,1
ENHS_SYN_0443,Grade 9,Section C,2026-08-10,25,22,3,0.88,1
ENHS_SYN_0443,Grade 9,Section C,2026-08-17,25,23,2,0.92,1
ENHS_SYN_0443,Grade 9,Section C,2026-08-24,25,20,5,0.8,1
ENHS_SYN_0443,Grade 9,Section C,2026-08-31,25,23,2,0.92,1
ENHS_SYN_0443,Grade 9,Section C,2026-09-07,25,18,7,0.72,1
ENHS_SYN_0443,Grade 9,Section C,2026-09-14,25,18,7,0.72,1
ENHS_SYN_0443,Grade 9,Section C,2026-09-21,25,21,4,0.84,1
ENHS_SYN_0443,Grade 9,Section C,2026-09-28,25,22,3,0.88,1
ENHS_SYN_0443,Grade 9,Section C,2026-10-05,25,18,7,0.72,1
ENHS_SYN_0443,Grade 9,Section C,2026-10-12,24,16,8,0.6667,1
ENHS_SYN_0443,Grade 9,Section C,2026-10-19,25,15,10,0.6,1
ENHS_SYN_0444,Grade 9,Section C,2026-08-03,24,17,7,0.7083,1
ENHS_SYN_0444,Grade 9,Section C,2026-08-10,25,16,9,0.64,1
ENHS_SYN_0444,Grade 9,Section C,2026-08-17,25,20,5,0.8,1
ENHS_SYN_0444,Grade 9,Section C,2026-08-24,25,17,8,0.68,1
ENHS_SYN_0444,Grade 9,Section C,2026-08-31,25,21,4,0.84,1
ENHS_SYN_0444,Grade 9,Section C,2026-09-07,24,19,5,0.7917,1
ENHS_SYN_0444,Grade 9,Section C,2026-09-14,25,17,8,0.68,1
ENHS_SYN_0444,Grade 9,Section C,2026-09-21,25,18,7,0.72,1
ENHS_SYN_0444,Grade 9,Section C,2026-09-28,25,20,5,0.8,1
ENHS_SYN_0444,Grade 9,Section C,2026-10-05,25,16,9,0.64,1
ENHS_SYN_0444,Grade 9,Section C,2026-10-12,25,16,9,0.64,1
ENHS_SYN_0444,Grade 9,Section C,2026-10-19,25,19,6,0.76,1
ENHS_SYN_0445,Grade 9,Section C,2026-08-03,25,23,2,0.92,1
ENHS_SYN_0445,Grade 9,Section C,2026-08-10,25,23,2,0.92,1
ENHS_SYN_0445,Grade 9,Section C,2026-08-17,25,24,1,0.96,1
ENHS_SYN_0445,Grade 9,Section C,2026-08-24,25,21,4,0.84,1
ENHS_SYN_0445,Grade 9,Section C,2026-08-31,25,22,3,0.88,1
ENHS_SYN_0445,Grade 9,Section C,2026-09-07,25,22,3,0.88,1
ENHS_SYN_0445,Grade 9,Section C,2026-09-14,25,22,3,0.88,1
ENHS_SYN_0445,Grade 9,Section C,2026-09-21,25,25,0,1.0,0
ENHS_SYN_0445,Grade 9,Section C,2026-09-28,25,23,2,0.92,1
ENHS_SYN_0445,Grade 9,Section C,2026-10-05,25,23,2,0.92,1
ENHS_SYN_0445,Grade 9,Section C,2026-10-12,25,23,2,0.92,1
ENHS_SYN_0445,Grade 9,Section C,2026-10-19,25,22,3,0.88,1
ENHS_SYN_0446,Grade 9,Section C,2026-08-03,25,23,2,0.92,1
ENHS_SYN_0446,Grade 9,Section C,2026-08-10,25,21,4,0.84,1
ENHS_SYN_0446,Grade 9,Section C,2026-08-17,25,23,2,0.92,1
ENHS_SYN_0446,Grade 9,Section C,2026-08-24,25,22,3,0.88,1
ENHS_SYN_0446,Grade 9,Section C,2026-08-31,25,23,2,0.92,1
ENHS_SYN_0446,Grade 9,Section C,2026-09-07,25,20,5,0.8,1
ENHS_SYN_0446,Grade 9,Section C,2026-09-14,25,21,4,0.84,1
ENHS_SYN_0446,Grade 9,Section C,2026-09-21,25,19,6,0.76,1
ENHS_SYN_0446,Grade 9,Section C,2026-09-28,25,21,4,0.84,1
ENHS_SYN_0446,Grade 9,Section C,2026-10-05,25,18,7,0.72,1
ENHS_SYN_0446,Grade 9,Section C,2026-10-12,25,21,4,0.84,1
ENHS_SYN_0446,Grade 9,Section C,2026-10-19,25,23,2,0.92,1
ENHS_SYN_0447,Grade 9,Section C,2026-08-03,25,18,7,0.72,1
ENHS_SYN_0447,Grade 9,Section C,2026-08-10,25,23,2,0.92,1
ENHS_SYN_0447,Grade 9,Section C,2026-08-17,25,24,1,0.96,1
ENHS_SYN_0447,Grade 9,Section C,2026-08-24,25,25,0,1.0,0
ENHS_SYN_0447,Grade 9,Section C,2026-08-31,25,20,5,0.8,1
ENHS_SYN_0447,Grade 9,Section C,2026-09-07,25,24,1,0.96,1
ENHS_SYN_0447,Grade 9,Section C,2026-09-14,25,22,3,0.88,1
ENHS_SYN_0447,Grade 9,Section C,2026-09-21,25,20,5,0.8,1
ENHS_SYN_0447,Grade 9,Section C,2026-09-28,25,21,4,0.84,1
ENHS_SYN_0447,Grade 9,Section C,2026-10-05,25,25,0,1.0,0
ENHS_SYN_0447,Grade 9,Section C,2026-10-12,25,24,1,0.96,1
ENHS_SYN_0447,Grade 9,Section C,2026-10-19,25,22,3,0.88,1
ENHS_SYN_0448,Grade 9,Section C,2026-08-03,25,18,7,0.72,1
ENHS_SYN_0448,Grade 9,Section C,2026-08-10,25,21,4,0.84,1
ENHS_SYN_0448,Grade 9,Section C,2026-08-17,25,22,3,0.88,1
ENHS_SYN_0448,Grade 9,Section C,2026-08-24,25,20,5,0.8,1
ENHS_SYN_0448,Grade 9,Section C,2026-08-31,25,19,6,0.76,1
ENHS_SYN_0448,Grade 9,Section C,2026-09-07,25,23,2,0.92,1
ENHS_SYN_0448,Grade 9,Section C,2026-09-14,25,22,3,0.88,1
ENHS_SYN_0448,Grade 9,Section C,2026-09-21,25,18,7,0.72,1
ENHS_SYN_0448,Grade 9,Section C,2026-09-28,25,21,4,0.84,1
ENHS_SYN_0448,Grade 9,Section C,2026-10-05,25,21,4,0.84,1
ENHS_SYN_0448,Grade 9,Section C,2026-10-12,24,21,3,0.875,1
ENHS_SYN_0448,Grade 9,Section C,2026-10-19,25,18,7,0.72,1
ENHS_SYN_0449,Grade 9,Section C,2026-08-03,25,22,3,0.88,1
ENHS_SYN_0449,Grade 9,Section C,2026-08-10,25,23,2,0.92,1
ENHS_SYN_0449,Grade 9,Section C,2026-08-17,25,24,1,0.96,1
ENHS_SYN_0449,Grade 9,Section C,2026-08-24,25,22,3,0.88,1
ENHS_SYN_0449,Grade 9,Section C,2026-08-31,25,21,4,0.84,1
ENHS_SYN_0449,Grade 9,Section C,2026-09-07,25,22,3,0.88,1
ENHS_SYN_0449,Grade 9,Section C,2026-09-14,25,23,2,0.92,1
ENHS_SYN_0449,Grade 9,Section C,2026-09-21,25,23,2,0.92,1
ENHS_SYN_0449,Grade 9,Section C,2026-09-28,25,22,3,0.88,1
ENHS_SYN_0449,Grade 9,Section C,2026-10-05,25,22,3,0.88,1
ENHS_SYN_0449,Grade 9,Section C,2026-10-12,25,21,4,0.84,1
ENHS_SYN_0449,Grade 9,Section C,2026-10-19,25,23,2,0.92,1
ENHS_SYN_0450,Grade 9,Section C,2026-08-03,25,23,2,0.92,1
ENHS_SYN_0450,Grade 9,Section C,2026-08-10,25,22,3,0.88,1
ENHS_SYN_0450,Grade 9,Section C,2026-08-17,25,24,1,0.96,1
ENHS_SYN_0450,Grade 9,Section C,2026-08-24,25,21,4,0.84,1
ENHS_SYN_0450,Grade 9,Section C,2026-08-31,25,25,0,1.0,0
ENHS_SYN_0450,Grade 9,Section C,2026-09-07,25,23,2,0.92,1
ENHS_SYN_0450,Grade 9,Section C,2026-09-14,25,25,0,1.0,0
ENHS_SYN_0450,Grade 9,Section C,2026-09-21,25,23,2,0.92,1
ENHS_SYN_0450,Grade 9,Section C,2026-09-28,25,24,1,0.96,1
ENHS_SYN_0450,Grade 9,Section C,2026-10-05,25,25,0,1.0,0
ENHS_SYN_0450,Grade 9,Section C,2026-10-12,25,24,1,0.96,1
ENHS_SYN_0450,Grade 9,Section C,2026-10-19,25,23,2,0.92,1
ENHS_SYN_0451,Grade 10,Section A,2026-08-03,25,20,5,0.8,1
ENHS_SYN_0451,Grade 10,Section A,2026-08-10,23,19,4,0.8261,1
ENHS_SYN_0451,Grade 10,Section A,2026-08-17,25,17,8,0.68,1
ENHS_SYN_0451,Grade 10,Section A,2026-08-24,25,20,5,0.8,1
ENHS_SYN_0451,Grade 10,Section A,2026-08-31,25,15,10,0.6,1
ENHS_SYN_0451,Grade 10,Section A,2026-09-07,25,20,5,0.8,1
ENHS_SYN_0451,Grade 10,Section A,2026-09-14,24,18,6,0.75,1
ENHS_SYN_0451,Grade 10,Section A,2026-09-21,25,20,5,0.8,1
ENHS_SYN_0451,Grade 10,Section A,2026-09-28,25,20,5,0.8,1
ENHS_SYN_0451,Grade 10,Section A,2026-10-05,25,22,3,0.88,1
ENHS_SYN_0451,Grade 10,Section A,2026-10-12,25,17,8,0.68,1
ENHS_SYN_0451,Grade 10,Section A,2026-10-19,25,14,11,0.56,1
ENHS_SYN_0452,Grade 10,Section A,2026-08-03,25,16,9,0.64,1
ENHS_SYN_0452,Grade 10,Section A,2026-08-10,25,22,3,0.88,1
ENHS_SYN_0452,Grade 10,Section A,2026-08-17,25,15,10,0.6,1
ENHS_SYN_0452,Grade 10,Section A,2026-08-24,25,18,7,0.72,1
ENHS_SYN_0452,Grade 10,Section A,2026-08-31,25,16,9,0.64,1
ENHS_SYN_0452,Grade 10,Section A,2026-09-07,25,18,7,0.72,1
ENHS_SYN_0452,Grade 10,Section A,2026-09-14,25,16,9,0.64,1
ENHS_SYN_0452,Grade 10,Section A,2026-09-21,25,17,8,0.68,1
ENHS_SYN_0452,Grade 10,Section A,2026-09-28,25,21,4,0.84,1
ENHS_SYN_0452,Grade 10,Section A,2026-10-05,25,19,6,0.76,1
ENHS_SYN_0452,Grade 10,Section A,2026-10-12,25,16,9,0.64,1
ENHS_SYN_0452,Grade 10,Section A,2026-10-19,25,15,10,0.6,1
ENHS_SYN_0453,Grade 10,Section A,2026-08-03,25,21,4,0.84,1
ENHS_SYN_0453,Grade 10,Section A,2026-08-10,25,24,1,0.96,1
ENHS_SYN_0453,Grade 10,Section A,2026-08-17,25,23,2,0.92,1
ENHS_SYN_0453,Grade 10,Section A,2026-08-24,25,22,3,0.88,1
ENHS_SYN_0453,Grade 10,Section A,2026-08-31,25,19,6,0.76,1
ENHS_SYN_0453,Grade 10,Section A,2026-09-07,25,21,4,0.84,1
ENHS_SYN_0453,Grade 10,Section A,2026-09-14,25,23,2,0.92,1
ENHS_SYN_0453,Grade 10,Section A,2026-09-21,25,25,0,1.0,0
ENHS_SYN_0453,Grade 10,Section A,2026-09-28,25,22,3,0.88,1
ENHS_SYN_0453,Grade 10,Section A,2026-10-05,25,24,1,0.96,1
ENHS_SYN_0453,Grade 10,Section A,2026-10-12,25,23,2,0.92,1
ENHS_SYN_0453,Grade 10,Section A,2026-10-19,25,20,5,0.8,1
ENHS_SYN_0454,Grade 10,Section A,2026-08-03,25,24,1,0.96,1
ENHS_SYN_0454,Grade 10,Section A,2026-08-10,25,25,0,1.0,0
ENHS_SYN_0454,Grade 10,Section A,2026-08-17,25,25,0,1.0,0
ENHS_SYN_0454,Grade 10,Section A,2026-08-24,25,24,1,0.96,1
ENHS_SYN_0454,Grade 10,Section A,2026-08-31,25,25,0,1.0,0
ENHS_SYN_0454,Grade 10,Section A,2026-09-07,25,25,0,1.0,0
ENHS_SYN_0454,Grade 10,Section A,2026-09-14,25,25,0,1.0,0
ENHS_SYN_0454,Grade 10,Section A,2026-09-21,25,24,1,0.96,1
ENHS_SYN_0454,Grade 10,Section A,2026-09-28,25,25,0,1.0,0
ENHS_SYN_0454,Grade 10,Section A,2026-10-05,25,24,1,0.96,1
ENHS_SYN_0454,Grade 10,Section A,2026-10-12,25,23,2,0.92,1
ENHS_SYN_0454,Grade 10,Section A,2026-10-19,25,24,1,0.96,1
ENHS_SYN_0455,Grade 10,Section A,2026-08-03,25,24,1,0.96,1
ENHS_SYN_0455,Grade 10,Section A,2026-08-10,25,23,2,0.92,1
ENHS_SYN_0455,Grade 10,Section A,2026-08-17,25,21,4,0.84,1
ENHS_SYN_0455,Grade 10,Section A,2026-08-24,25,21,4,0.84,1
ENHS_SYN_0455,Grade 10,Section A,2026-08-31,25,21,4,0.84,1
ENHS_SYN_0455,Grade 10,Section A,2026-09-07,25,23,2,0.92,1
ENHS_SYN_0455,Grade 10,Section A,2026-09-14,25,24,1,0.96,1
ENHS_SYN_0455,Grade 10,Section A,2026-09-21,25,21,4,0.84,1
ENHS_SYN_0455,Grade 10,Section A,2026-09-28,25,21,4,0.84,1
ENHS_SYN_0455,Grade 10,Section A,2026-10-05,25,21,4,0.84,1
ENHS_SYN_0455,Grade 10,Section A,2026-10-12,25,25,0,1.0,0
ENHS_SYN_0455,Grade 10,Section A,2026-10-19,25,24,1,0.96,1
ENHS_SYN_0456,Grade 10,Section A,2026-08-03,25,24,1,0.96,1
ENHS_SYN_0456,Grade 10,Section A,2026-08-10,25,23,2,0.92,1
ENHS_SYN_0456,Grade 10,Section A,2026-08-17,25,20,5,0.8,1
ENHS_SYN_0456,Grade 10,Section A,2026-08-24,25,23,2,0.92,1
ENHS_SYN_0456,Grade 10,Section A,2026-08-31,25,22,3,0.88,1
ENHS_SYN_0456,Grade 10,Section A,2026-09-07,25,21,4,0.84,1
ENHS_SYN_0456,Grade 10,Section A,2026-09-14,25,23,2,0.92,1
ENHS_SYN_0456,Grade 10,Section A,2026-09-21,25,23,2,0.92,1
ENHS_SYN_0456,Grade 10,Section A,2026-09-28,25,24,1,0.96,1
ENHS_SYN_0456,Grade 10,Section A,2026-10-05,25,25,0,1.0,0
ENHS_SYN_0456,Grade 10,Section A,2026-10-12,24,20,4,0.8333,1
ENHS_SYN_0456,Grade 10,Section A,2026-10-19,25,22,3,0.88,1
ENHS_SYN_0457,Grade 10,Section A,2026-08-03,25,22,3,0.88,1
ENHS_SYN_0457,Grade 10,Section A,2026-08-10,25,21,4,0.84,1
ENHS_SYN_0457,Grade 10,Section A,2026-08-17,25,24,1,0.96,1
ENHS_SYN_0457,Grade 10,Section A,2026-08-24,25,23,2,0.92,1
ENHS_SYN_0457,Grade 10,Section A,2026-08-31,25,25,0,1.0,0
ENHS_SYN_0457,Grade 10,Section A,2026-09-07,25,22,3,0.88,1
ENHS_SYN_0457,Grade 10,Section A,2026-09-14,25,22,3,0.88,1
ENHS_SYN_0457,Grade 10,Section A,2026-09-21,25,23,2,0.92,1
ENHS_SYN_0457,Grade 10,Section A,2026-09-28,25,22,3,0.88,1
ENHS_SYN_0457,Grade 10,Section A,2026-10-05,25,24,1,0.96,1
ENHS_SYN_0457,Grade 10,Section A,2026-10-12,25,24,1,0.96,1
ENHS_SYN_0457,Grade 10,Section A,2026-10-19,25,25,0,1.0,0
ENHS_SYN_0458,Grade 10,Section A,2026-08-03,25,19,6,0.76,1
ENHS_SYN_0458,Grade 10,Section A,2026-08-10,25,17,8,0.68,1
ENHS_SYN_0458,Grade 10,Section A,2026-08-17,25,17,8,0.68,1
ENHS_SYN_0458,Grade 10,Section A,2026-08-24,25,17,8,0.68,1
ENHS_SYN_0458,Grade 10,Section A,2026-08-31,25,19,6,0.76,1
ENHS_SYN_0458,Grade 10,Section A,2026-09-07,25,18,7,0.72,1
ENHS_SYN_0458,Grade 10,Section A,2026-09-14,25,17,8,0.68,1
ENHS_SYN_0458,Grade 10,Section A,2026-09-21,25,18,7,0.72,1
ENHS_SYN_0458,Grade 10,Section A,2026-09-28,25,19,6,0.76,1
ENHS_SYN_0458,Grade 10,Section A,2026-10-05,25,19,6,0.76,1
ENHS_SYN_0458,Grade 10,Section A,2026-10-12,25,19,6,0.76,1
ENHS_SYN_0458,Grade 10,Section A,2026-10-19,25,14,11,0.56,1
ENHS_SYN_0459,Grade 10,Section A,2026-08-03,25,14,11,0.56,1
ENHS_SYN_0459,Grade 10,Section A,2026-08-10,25,20,5,0.8,1
ENHS_SYN_0459,Grade 10,Section A,2026-08-17,25,21,4,0.84,1
ENHS_SYN_0459,Grade 10,Section A,2026-08-24,25,20,5,0.8,1
ENHS_SYN_0459,Grade 10,Section A,2026-08-31,25,20,5,0.8,1
ENHS_SYN_0459,Grade 10,Section A,2026-09-07,25,22,3,0.88,1
ENHS_SYN_0459,Grade 10,Section A,2026-09-14,25,18,7,0.72,1
ENHS_SYN_0459,Grade 10,Section A,2026-09-21,25,20,5,0.8,1
ENHS_SYN_0459,Grade 10,Section A,2026-09-28,25,21,4,0.84,1
ENHS_SYN_0459,Grade 10,Section A,2026-10-05,25,16,9,0.64,1
ENHS_SYN_0459,Grade 10,Section A,2026-10-12,25,21,4,0.84,1
ENHS_SYN_0459,Grade 10,Section A,2026-10-19,25,17,8,0.68,1
ENHS_SYN_0460,Grade 10,Section A,2026-08-03,25,23,2,0.92,1
ENHS_SYN_0460,Grade 10,Section A,2026-08-10,25,22,3,0.88,1
ENHS_SYN_0460,Grade 10,Section A,2026-08-17,25,24,1,0.96,1
ENHS_SYN_0460,Grade 10,Section A,2026-08-24,25,19,6,0.76,1
ENHS_SYN_0460,Grade 10,Section A,2026-08-31,25,24,1,0.96,1
ENHS_SYN_0460,Grade 10,Section A,2026-09-07,25,21,4,0.84,1
ENHS_SYN_0460,Grade 10,Section A,2026-09-14,25,24,1,0.96,1
ENHS_SYN_0460,Grade 10,Section A,2026-09-21,25,23,2,0.92,1
ENHS_SYN_0460,Grade 10,Section A,2026-09-28,25,23,2,0.92,1
ENHS_SYN_0460,Grade 10,Section A,2026-10-05,25,21,4,0.84,1
ENHS_SYN_0460,Grade 10,Section A,2026-10-12,25,23,2,0.92,1
ENHS_SYN_0460,Grade 10,Section A,2026-10-19,25,23,2,0.92,1
ENHS_SYN_0461,Grade 10,Section A,2026-08-03,25,21,4,0.84,1
ENHS_SYN_0461,Grade 10,Section A,2026-08-10,25,22,3,0.88,1
ENHS_SYN_0461,Grade 10,Section A,2026-08-17,25,22,3,0.88,1
ENHS_SYN_0461,Grade 10,Section A,2026-08-24,25,18,7,0.72,1
ENHS_SYN_0461,Grade 10,Section A,2026-08-31,25,22,3,0.88,1
ENHS_SYN_0461,Grade 10,Section A,2026-09-07,24,15,9,0.625,1
ENHS_SYN_0461,Grade 10,Section A,2026-09-14,25,20,5,0.8,1
ENHS_SYN_0461,Grade 10,Section A,2026-09-21,25,21,4,0.84,1
ENHS_SYN_0461,Grade 10,Section A,2026-09-28,24,16,8,0.6667,1
ENHS_SYN_0461,Grade 10,Section A,2026-10-05,25,19,6,0.76,1
ENHS_SYN_0461,Grade 10,Section A,2026-10-12,25,21,4,0.84,1
ENHS_SYN_0461,Grade 10,Section A,2026-10-19,25,19,6,0.76,1
ENHS_SYN_0462,Grade 10,Section A,2026-08-03,25,23,2,0.92,1
ENHS_SYN_0462,Grade 10,Section A,2026-08-10,25,21,4,0.84,1
ENHS_SYN_0462,Grade 10,Section A,2026-08-17,25,21,4,0.84,1
ENHS_SYN_0462,Grade 10,Section A,2026-08-24,25,24,1,0.96,1
ENHS_SYN_0462,Grade 10,Section A,2026-08-31,25,22,3,0.88,1
ENHS_SYN_0462,Grade 10,Section A,2026-09-07,25,22,3,0.88,1
ENHS_SYN_0462,Grade 10,Section A,2026-09-14,25,24,1,0.96,1
ENHS_SYN_0462,Grade 10,Section A,2026-09-21,25,24,1,0.96,1
ENHS_SYN_0462,Grade 10,Section A,2026-09-28,25,24,1,0.96,1
ENHS_SYN_0462,Grade 10,Section A,2026-10-05,25,19,6,0.76,1
ENHS_SYN_0462,Grade 10,Section A,2026-10-12,25,19,6,0.76,1
ENHS_SYN_0462,Grade 10,Section A,2026-10-19,25,22,3,0.88,1
ENHS_SYN_0463,Grade 10,Section A,2026-08-03,25,23,2,0.92,1
ENHS_SYN_0463,Grade 10,Section A,2026-08-10,25,21,4,0.84,1
ENHS_SYN_0463,Grade 10,Section A,2026-08-17,25,25,0,1.0,0
ENHS_SYN_0463,Grade 10,Section A,2026-08-24,25,21,4,0.84,1
ENHS_SYN_0463,Grade 10,Section A,2026-08-31,25,25,0,1.0,0
ENHS_SYN_0463,Grade 10,Section A,2026-09-07,25,23,2,0.92,1
ENHS_SYN_0463,Grade 10,Section A,2026-09-14,25,23,2,0.92,1
ENHS_SYN_0463,Grade 10,Section A,2026-09-21,25,24,1,0.96,1
ENHS_SYN_0463,Grade 10,Section A,2026-09-28,25,23,2,0.92,1
ENHS_SYN_0463,Grade 10,Section A,2026-10-05,25,22,3,0.88,1
ENHS_SYN_0463,Grade 10,Section A,2026-10-12,25,24,1,0.96,1
ENHS_SYN_0463,Grade 10,Section A,2026-10-19,25,25,0,1.0,0
ENHS_SYN_0464,Grade 10,Section A,2026-08-03,25,18,7,0.72,1
ENHS_SYN_0464,Grade 10,Section A,2026-08-10,25,19,6,0.76,1
ENHS_SYN_0464,Grade 10,Section A,2026-08-17,25,18,7,0.72,1
ENHS_SYN_0464,Grade 10,Section A,2026-08-24,25,23,2,0.92,1
ENHS_SYN_0464,Grade 10,Section A,2026-08-31,25,20,5,0.8,1
ENHS_SYN_0464,Grade 10,Section A,2026-09-07,25,21,4,0.84,1
ENHS_SYN_0464,Grade 10,Section A,2026-09-14,25,20,5,0.8,1
ENHS_SYN_0464,Grade 10,Section A,2026-09-21,25,23,2,0.92,1
ENHS_SYN_0464,Grade 10,Section A,2026-09-28,25,19,6,0.76,1
ENHS_SYN_0464,Grade 10,Section A,2026-10-05,25,18,7,0.72,1
ENHS_SYN_0464,Grade 10,Section A,2026-10-12,25,21,4,0.84,1
ENHS_SYN_0464,Grade 10,Section A,2026-10-19,25,20,5,0.8,1
ENHS_SYN_0465,Grade 10,Section A,2026-08-03,25,23,2,0.92,1
ENHS_SYN_0465,Grade 10,Section A,2026-08-10,25,21,4,0.84,1
ENHS_SYN_0465,Grade 10,Section A,2026-08-17,25,22,3,0.88,1
ENHS_SYN_0465,Grade 10,Section A,2026-08-24,25,20,5,0.8,1
ENHS_SYN_0465,Grade 10,Section A,2026-08-31,25,22,3,0.88,1
ENHS_SYN_0465,Grade 10,Section A,2026-09-07,25,20,5,0.8,1
ENHS_SYN_0465,Grade 10,Section A,2026-09-14,24,21,3,0.875,1
ENHS_SYN_0465,Grade 10,Section A,2026-09-21,25,19,6,0.76,1
ENHS_SYN_0465,Grade 10,Section A,2026-09-28,25,23,2,0.92,1
ENHS_SYN_0465,Grade 10,Section A,2026-10-05,25,20,5,0.8,1
ENHS_SYN_0465,Grade 10,Section A,2026-10-12,25,22,3,0.88,1
ENHS_SYN_0465,Grade 10,Section A,2026-10-19,25,22,3,0.88,1
ENHS_SYN_0466,Grade 10,Section A,2026-08-03,25,20,5,0.8,1
ENHS_SYN_0466,Grade 10,Section A,2026-08-10,25,19,6,0.76,1
ENHS_SYN_0466,Grade 10,Section A,2026-08-17,25,20,5,0.8,1
ENHS_SYN_0466,Grade 10,Section A,2026-08-24,25,14,11,0.56,1
ENHS_SYN_0466,Grade 10,Section A,2026-08-31,25,17,8,0.68,1
ENHS_SYN_0466,Grade 10,Section A,2026-09-07,25,22,3,0.88,1
ENHS_SYN_0466,Grade 10,Section A,2026-09-14,25,20,5,0.8,1
ENHS_SYN_0466,Grade 10,Section A,2026-09-21,25,22,3,0.88,1
ENHS_SYN_0466,Grade 10,Section A,2026-09-28,25,19,6,0.76,1
ENHS_SYN_0466,Grade 10,Section A,2026-10-05,25,15,10,0.6,1
ENHS_SYN_0466,Grade 10,Section A,2026-10-12,25,16,9,0.64,1
ENHS_SYN_0466,Grade 10,Section A,2026-10-19,25,22,3,0.88,1
ENHS_SYN_0467,Grade 10,Section A,2026-08-03,25,23,2,0.92,1
ENHS_SYN_0467,Grade 10,Section A,2026-08-10,25,21,4,0.84,1
ENHS_SYN_0467,Grade 10,Section A,2026-08-17,25,24,1,0.96,1
ENHS_SYN_0467,Grade 10,Section A,2026-08-24,25,23,2,0.92,1
ENHS_SYN_0467,Grade 10,Section A,2026-08-31,25,25,0,1.0,0
ENHS_SYN_0467,Grade 10,Section A,2026-09-07,25,24,1,0.96,1
ENHS_SYN_0467,Grade 10,Section A,2026-09-14,25,24,1,0.96,1
ENHS_SYN_0467,Grade 10,Section A,2026-09-21,25,24,1,0.96,1
ENHS_SYN_0467,Grade 10,Section A,2026-09-28,25,24,1,0.96,1
ENHS_SYN_0467,Grade 10,Section A,2026-10-05,25,22,3,0.88,1
ENHS_SYN_0467,Grade 10,Section A,2026-10-12,25,24,1,0.96,1
ENHS_SYN_0467,Grade 10,Section A,2026-10-19,25,25,0,1.0,0
ENHS_SYN_0468,Grade 10,Section A,2026-08-03,25,19,6,0.76,1
ENHS_SYN_0468,Grade 10,Section A,2026-08-10,25,22,3,0.88,1
ENHS_SYN_0468,Grade 10,Section A,2026-08-17,24,15,9,0.625,1
ENHS_SYN_0468,Grade 10,Section A,2026-08-24,25,18,7,0.72,1
ENHS_SYN_0468,Grade 10,Section A,2026-08-31,25,21,4,0.84,1
ENHS_SYN_0468,Grade 10,Section A,2026-09-07,25,22,3,0.88,1
ENHS_SYN_0468,Grade 10,Section A,2026-09-14,25,21,4,0.84,1
ENHS_SYN_0468,Grade 10,Section A,2026-09-21,24,20,4,0.8333,1
ENHS_SYN_0468,Grade 10,Section A,2026-09-28,24,16,8,0.6667,1
ENHS_SYN_0468,Grade 10,Section A,2026-10-05,25,21,4,0.84,1
ENHS_SYN_0468,Grade 10,Section A,2026-10-12,25,21,4,0.84,1
ENHS_SYN_0468,Grade 10,Section A,2026-10-19,25,17,8,0.68,1
ENHS_SYN_0469,Grade 10,Section A,2026-08-03,25,24,1,0.96,1
ENHS_SYN_0469,Grade 10,Section A,2026-08-10,25,22,3,0.88,1
ENHS_SYN_0469,Grade 10,Section A,2026-08-17,25,22,3,0.88,1
ENHS_SYN_0469,Grade 10,Section A,2026-08-24,25,22,3,0.88,1
ENHS_SYN_0469,Grade 10,Section A,2026-08-31,25,24,1,0.96,1
ENHS_SYN_0469,Grade 10,Section A,2026-09-07,25,22,3,0.88,1
ENHS_SYN_0469,Grade 10,Section A,2026-09-14,25,23,2,0.92,1
ENHS_SYN_0469,Grade 10,Section A,2026-09-21,25,23,2,0.92,1
ENHS_SYN_0469,Grade 10,Section A,2026-09-28,25,24,1,0.96,1
ENHS_SYN_0469,Grade 10,Section A,2026-10-05,25,19,6,0.76,1
ENHS_SYN_0469,Grade 10,Section A,2026-10-12,25,22,3,0.88,1
ENHS_SYN_0469,Grade 10,Section A,2026-10-19,25,22,3,0.88,1
ENHS_SYN_0470,Grade 10,Section A,2026-08-03,25,24,1,0.96,1
ENHS_SYN_0470,Grade 10,Section A,2026-08-10,25,23,2,0.92,1
ENHS_SYN_0470,Grade 10,Section A,2026-08-17,25,22,3,0.88,1
ENHS_SYN_0470,Grade 10,Section A,2026-08-24,25,24,1,0.96,1
ENHS_SYN_0470,Grade 10,Section A,2026-08-31,25,23,2,0.92,1
ENHS_SYN_0470,Grade 10,Section A,2026-09-07,25,24,1,0.96,1
ENHS_SYN_0470,Grade 10,Section A,2026-09-14,25,24,1,0.96,1
ENHS_SYN_0470,Grade 10,Section A,2026-09-21,25,23,2,0.92,1
ENHS_SYN_0470,Grade 10,Section A,2026-09-28,25,22,3,0.88,1
ENHS_SYN_0470,Grade 10,Section A,2026-10-05,25,23,2,0.92,1
ENHS_SYN_0470,Grade 10,Section A,2026-10-12,24,22,2,0.9167,1
ENHS_SYN_0470,Grade 10,Section A,2026-10-19,25,25,0,1.0,0
ENHS_SYN_0471,Grade 10,Section A,2026-08-03,25,19,6,0.76,1
ENHS_SYN_0471,Grade 10,Section A,2026-08-10,25,20,5,0.8,1
ENHS_SYN_0471,Grade 10,Section A,2026-08-17,25,19,6,0.76,1
ENHS_SYN_0471,Grade 10,Section A,2026-08-24,25,23,2,0.92,1
ENHS_SYN_0471,Grade 10,Section A,2026-08-31,25,21,4,0.84,1
ENHS_SYN_0471,Grade 10,Section A,2026-09-07,25,22,3,0.88,1
ENHS_SYN_0471,Grade 10,Section A,2026-09-14,25,20,5,0.8,1
ENHS_SYN_0471,Grade 10,Section A,2026-09-21,25,22,3,0.88,1
ENHS_SYN_0471,Grade 10,Section A,2026-09-28,25,19,6,0.76,1
ENHS_SYN_0471,Grade 10,Section A,2026-10-05,25,20,5,0.8,1
ENHS_SYN_0471,Grade 10,Section A,2026-10-12,25,21,4,0.84,1
ENHS_SYN_0471,Grade 10,Section A,2026-10-19,25,19,6,0.76,1
ENHS_SYN_0472,Grade 10,Section A,2026-08-03,25,22,3,0.88,1
ENHS_SYN_0472,Grade 10,Section A,2026-08-10,25,23,2,0.92,1
ENHS_SYN_0472,Grade 10,Section A,2026-08-17,25,21,4,0.84,1
ENHS_SYN_0472,Grade 10,Section A,2026-08-24,25,22,3,0.88,1
ENHS_SYN_0472,Grade 10,Section A,2026-08-31,25,24,1,0.96,1
ENHS_SYN_0472,Grade 10,Section A,2026-09-07,25,23,2,0.92,1
ENHS_SYN_0472,Grade 10,Section A,2026-09-14,25,21,4,0.84,1
ENHS_SYN_0472,Grade 10,Section A,2026-09-21,25,23,2,0.92,1
ENHS_SYN_0472,Grade 10,Section A,2026-09-28,25,23,2,0.92,1
ENHS_SYN_0472,Grade 10,Section A,2026-10-05,25,21,4,0.84,1
ENHS_SYN_0472,Grade 10,Section A,2026-10-12,25,23,2,0.92,1
ENHS_SYN_0472,Grade 10,Section A,2026-10-19,25,22,3,0.88,1
ENHS_SYN_0473,Grade 10,Section A,2026-08-03,25,19,6,0.76,1
ENHS_SYN_0473,Grade 10,Section A,2026-08-10,25,21,4,0.84,1
ENHS_SYN_0473,Grade 10,Section A,2026-08-17,25,18,7,0.72,1
ENHS_SYN_0473,Grade 10,Section A,2026-08-24,25,21,4,0.84,1
ENHS_SYN_0473,Grade 10,Section A,2026-08-31,25,24,1,0.96,1
ENHS_SYN_0473,Grade 10,Section A,2026-09-07,25,23,2,0.92,1
ENHS_SYN_0473,Grade 10,Section A,2026-09-14,25,19,6,0.76,1
ENHS_SYN_0473,Grade 10,Section A,2026-09-21,25,19,6,0.76,1
ENHS_SYN_0473,Grade 10,Section A,2026-09-28,25,18,7,0.72,1
ENHS_SYN_0473,Grade 10,Section A,2026-10-05,25,23,2,0.92,1
ENHS_SYN_0473,Grade 10,Section A,2026-10-12,25,20,5,0.8,1
ENHS_SYN_0473,Grade 10,Section A,2026-10-19,25,18,7,0.72,1
ENHS_SYN_0474,Grade 10,Section A,2026-08-03,25,22,3,0.88,1
ENHS_SYN_0474,Grade 10,Section A,2026-08-10,25,21,4,0.84,1
ENHS_SYN_0474,Grade 10,Section A,2026-08-17,25,21,4,0.84,1
ENHS_SYN_0474,Grade 10,Section A,2026-08-24,25,23,2,0.92,1
ENHS_SYN_0474,Grade 10,Section A,2026-08-31,25,22,3,0.88,1
ENHS_SYN_0474,Grade 10,Section A,2026-09-07,25,25,0,1.0,0
ENHS_SYN_0474,Grade 10,Section A,2026-09-14,24,23,1,0.9583,1
ENHS_SYN_0474,Grade 10,Section A,2026-09-21,25,24,1,0.96,1
ENHS_SYN_0474,Grade 10,Section A,2026-09-28,25,25,0,1.0,0
ENHS_SYN_0474,Grade 10,Section A,2026-10-05,25,24,1,0.96,1
ENHS_SYN_0474,Grade 10,Section A,2026-10-12,25,23,2,0.92,1
ENHS_SYN_0474,Grade 10,Section A,2026-10-19,25,22,3,0.88,1
ENHS_SYN_0475,Grade 10,Section A,2026-08-03,25,17,8,0.68,1
ENHS_SYN_0475,Grade 10,Section A,2026-08-10,25,15,10,0.6,1
ENHS_SYN_0475,Grade 10,Section A,2026-08-17,25,19,6,0.76,1
ENHS_SYN_0475,Grade 10,Section A,2026-08-24,25,18,7,0.72,1
ENHS_SYN_0475,Grade 10,Section A,2026-08-31,25,18,7,0.72,1
ENHS_SYN_0475,Grade 10,Section A,2026-09-07,25,17,8,0.68,1
ENHS_SYN_0475,Grade 10,Section A,2026-09-14,25,16,9,0.64,1
ENHS_SYN_0475,Grade 10,Section A,2026-09-21,23,20,3,0.8696,1
ENHS_SYN_0475,Grade 10,Section A,2026-09-28,25,20,5,0.8,1
ENHS_SYN_0475,Grade 10,Section A,2026-10-05,25,21,4,0.84,1
ENHS_SYN_0475,Grade 10,Section A,2026-10-12,25,19,6,0.76,1
ENHS_SYN_0475,Grade 10,Section A,2026-10-19,24,15,9,0.625,1
ENHS_SYN_0476,Grade 10,Section A,2026-08-03,25,23,2,0.92,1
ENHS_SYN_0476,Grade 10,Section A,2026-08-10,25,17,8,0.68,1
ENHS_SYN_0476,Grade 10,Section A,2026-08-17,25,23,2,0.92,1
ENHS_SYN_0476,Grade 10,Section A,2026-08-24,25,18,7,0.72,1
ENHS_SYN_0476,Grade 10,Section A,2026-08-31,25,22,3,0.88,1
ENHS_SYN_0476,Grade 10,Section A,2026-09-07,25,16,9,0.64,1
ENHS_SYN_0476,Grade 10,Section A,2026-09-14,25,21,4,0.84,1
ENHS_SYN_0476,Grade 10,Section A,2026-09-21,25,19,6,0.76,1
ENHS_SYN_0476,Grade 10,Section A,2026-09-28,25,19,6,0.76,1
ENHS_SYN_0476,Grade 10,Section A,2026-10-05,25,21,4,0.84,1
ENHS_SYN_0476,Grade 10,Section A,2026-10-12,25,16,9,0.64,1
ENHS_SYN_0476,Grade 10,Section A,2026-10-19,25,17,8,0.68,1
ENHS_SYN_0477,Grade 10,Section A,2026-08-03,25,23,2,0.92,1
ENHS_SYN_0477,Grade 10,Section A,2026-08-10,25,25,0,1.0,0
ENHS_SYN_0477,Grade 10,Section A,2026-08-17,25,24,1,0.96,1
ENHS_SYN_0477,Grade 10,Section A,2026-08-24,25,21,4,0.84,1
ENHS_SYN_0477,Grade 10,Section A,2026-08-31,25,23,2,0.92,1
ENHS_SYN_0477,Grade 10,Section A,2026-09-07,25,23,2,0.92,1
ENHS_SYN_0477,Grade 10,Section A,2026-09-14,25,24,1,0.96,1
ENHS_SYN_0477,Grade 10,Section A,2026-09-21,25,23,2,0.92,1
ENHS_SYN_0477,Grade 10,Section A,2026-09-28,25,22,3,0.88,1
ENHS_SYN_0477,Grade 10,Section A,2026-10-05,25,24,1,0.96,1
ENHS_SYN_0477,Grade 10,Section A,2026-10-12,25,25,0,1.0,0
ENHS_SYN_0477,Grade 10,Section A,2026-10-19,25,24,1,0.96,1
ENHS_SYN_0478,Grade 10,Section A,2026-08-03,25,25,0,1.0,0
ENHS_SYN_0478,Grade 10,Section A,2026-08-10,25,22,3,0.88,1
ENHS_SYN_0478,Grade 10,Section A,2026-08-17,25,24,1,0.96,1
ENHS_SYN_0478,Grade 10,Section A,2026-08-24,25,23,2,0.92,1
ENHS_SYN_0478,Grade 10,Section A,2026-08-31,25,24,1,0.96,1
ENHS_SYN_0478,Grade 10,Section A,2026-09-07,25,24,1,0.96,1
ENHS_SYN_0478,Grade 10,Section A,2026-09-14,25,24,1,0.96,1
ENHS_SYN_0478,Grade 10,Section A,2026-09-21,25,23,2,0.92,1
ENHS_SYN_0478,Grade 10,Section A,2026-09-28,25,24,1,0.96,1
ENHS_SYN_0478,Grade 10,Section A,2026-10-05,25,21,4,0.84,1
ENHS_SYN_0478,Grade 10,Section A,2026-10-12,25,21,4,0.84,1
ENHS_SYN_0478,Grade 10,Section A,2026-10-19,25,23,2,0.92,1
ENHS_SYN_0479,Grade 10,Section A,2026-08-03,24,23,1,0.9583,1
ENHS_SYN_0479,Grade 10,Section A,2026-08-10,25,24,1,0.96,1
ENHS_SYN_0479,Grade 10,Section A,2026-08-17,25,24,1,0.96,1
ENHS_SYN_0479,Grade 10,Section A,2026-08-24,25,23,2,0.92,1
ENHS_SYN_0479,Grade 10,Section A,2026-08-31,25,21,4,0.84,1
ENHS_SYN_0479,Grade 10,Section A,2026-09-07,25,22,3,0.88,1
ENHS_SYN_0479,Grade 10,Section A,2026-09-14,25,22,3,0.88,1
ENHS_SYN_0479,Grade 10,Section A,2026-09-21,25,21,4,0.84,1
ENHS_SYN_0479,Grade 10,Section A,2026-09-28,25,24,1,0.96,1
ENHS_SYN_0479,Grade 10,Section A,2026-10-05,25,23,2,0.92,1
ENHS_SYN_0479,Grade 10,Section A,2026-10-12,25,24,1,0.96,1
ENHS_SYN_0479,Grade 10,Section A,2026-10-19,25,23,2,0.92,1
ENHS_SYN_0480,Grade 10,Section A,2026-08-03,25,22,3,0.88,1
ENHS_SYN_0480,Grade 10,Section A,2026-08-10,25,21,4,0.84,1
ENHS_SYN_0480,Grade 10,Section A,2026-08-17,25,19,6,0.76,1
ENHS_SYN_0480,Grade 10,Section A,2026-08-24,25,24,1,0.96,1
ENHS_SYN_0480,Grade 10,Section A,2026-08-31,25,25,0,1.0,0
ENHS_SYN_0480,Grade 10,Section A,2026-09-07,24,19,5,0.7917,1
ENHS_SYN_0480,Grade 10,Section A,2026-09-14,25,23,2,0.92,1
ENHS_SYN_0480,Grade 10,Section A,2026-09-21,25,22,3,0.88,1
ENHS_SYN_0480,Grade 10,Section A,2026-09-28,25,24,1,0.96,1
ENHS_SYN_0480,Grade 10,Section A,2026-10-05,25,21,4,0.84,1
ENHS_SYN_0480,Grade 10,Section A,2026-10-12,25,22,3,0.88,1
ENHS_SYN_0480,Grade 10,Section A,2026-10-19,25,19,6,0.76,1
ENHS_SYN_0481,Grade 10,Section A,2026-08-03,25,22,3,0.88,1
ENHS_SYN_0481,Grade 10,Section A,2026-08-10,25,21,4,0.84,1
ENHS_SYN_0481,Grade 10,Section A,2026-08-17,25,23,2,0.92,1
ENHS_SYN_0481,Grade 10,Section A,2026-08-24,25,19,6,0.76,1
ENHS_SYN_0481,Grade 10,Section A,2026-08-31,25,20,5,0.8,1
ENHS_SYN_0481,Grade 10,Section A,2026-09-07,25,19,6,0.76,1
ENHS_SYN_0481,Grade 10,Section A,2026-09-14,25,19,6,0.76,1
ENHS_SYN_0481,Grade 10,Section A,2026-09-21,25,15,10,0.6,1
ENHS_SYN_0481,Grade 10,Section A,2026-09-28,25,17,8,0.68,1
ENHS_SYN_0481,Grade 10,Section A,2026-10-05,24,20,4,0.8333,1
ENHS_SYN_0481,Grade 10,Section A,2026-10-12,25,18,7,0.72,1
ENHS_SYN_0481,Grade 10,Section A,2026-10-19,25,20,5,0.8,1
ENHS_SYN_0482,Grade 10,Section A,2026-08-03,25,22,3,0.88,1
ENHS_SYN_0482,Grade 10,Section A,2026-08-10,25,21,4,0.84,1
ENHS_SYN_0482,Grade 10,Section A,2026-08-17,25,20,5,0.8,1
ENHS_SYN_0482,Grade 10,Section A,2026-08-24,25,23,2,0.92,1
ENHS_SYN_0482,Grade 10,Section A,2026-08-31,25,18,7,0.72,1
ENHS_SYN_0482,Grade 10,Section A,2026-09-07,25,15,10,0.6,1
ENHS_SYN_0482,Grade 10,Section A,2026-09-14,25,18,7,0.72,1
ENHS_SYN_0482,Grade 10,Section A,2026-09-21,25,22,3,0.88,1
ENHS_SYN_0482,Grade 10,Section A,2026-09-28,25,21,4,0.84,1
ENHS_SYN_0482,Grade 10,Section A,2026-10-05,25,22,3,0.88,1
ENHS_SYN_0482,Grade 10,Section A,2026-10-12,25,19,6,0.76,1
ENHS_SYN_0482,Grade 10,Section A,2026-10-19,25,20,5,0.8,1
ENHS_SYN_0483,Grade 10,Section A,2026-08-03,25,25,0,1.0,0
ENHS_SYN_0483,Grade 10,Section A,2026-08-10,25,25,0,1.0,0
ENHS_SYN_0483,Grade 10,Section A,2026-08-17,24,24,0,1.0,0
ENHS_SYN_0483,Grade 10,Section A,2026-08-24,25,25,0,1.0,0
ENHS_SYN_0483,Grade 10,Section A,2026-08-31,25,25,0,1.0,0
ENHS_SYN_0483,Grade 10,Section A,2026-09-07,25,25,0,1.0,0
ENHS_SYN_0483,Grade 10,Section A,2026-09-14,25,24,1,0.96,1
ENHS_SYN_0483,Grade 10,Section A,2026-09-21,25,25,0,1.0,0
ENHS_SYN_0483,Grade 10,Section A,2026-09-28,25,24,1,0.96,1
ENHS_SYN_0483,Grade 10,Section A,2026-10-05,25,25,0,1.0,0
ENHS_SYN_0483,Grade 10,Section A,2026-10-12,25,25,0,1.0,0
ENHS_SYN_0483,Grade 10,Section A,2026-10-19,25,25,0,1.0,0
ENHS_SYN_0484,Grade 10,Section A,2026-08-03,25,25,0,1.0,0
ENHS_SYN_0484,Grade 10,Section A,2026-08-10,25,22,3,0.88,1
ENHS_SYN_0484,Grade 10,Section A,2026-08-17,25,25,0,1.0,0
ENHS_SYN_0484,Grade 10,Section A,2026-08-24,25,23,2,0.92,1
ENHS_SYN_0484,Grade 10,Section A,2026-08-31,25,25,0,1.0,0
ENHS_SYN_0484,Grade 10,Section A,2026-09-07,25,25,0,1.0,0
ENHS_SYN_0484,Grade 10,Section A,2026-09-14,25,25,0,1.0,0
ENHS_SYN_0484,Grade 10,Section A,2026-09-21,25,24,1,0.96,1
ENHS_SYN_0484,Grade 10,Section A,2026-09-28,25,25,0,1.0,0
ENHS_SYN_0484,Grade 10,Section A,2026-10-05,25,22,3,0.88,1
ENHS_SYN_0484,Grade 10,Section A,2026-10-12,24,23,1,0.9583,1
ENHS_SYN_0484,Grade 10,Section A,2026-10-19,25,22,3,0.88,1
ENHS_SYN_0485,Grade 10,Section A,2026-08-03,25,22,3,0.88,1
ENHS_SYN_0485,Grade 10,Section A,2026-08-10,25,23,2,0.92,1
ENHS_SYN_0485,Grade 10,Section A,2026-08-17,25,21,4,0.84,1
ENHS_SYN_0485,Grade 10,Section A,2026-08-24,25,24,1,0.96,1
ENHS_SYN_0485,Grade 10,Section A,2026-08-31,25,23,2,0.92,1
ENHS_SYN_0485,Grade 10,Section A,2026-09-07,25,20,5,0.8,1
ENHS_SYN_0485,Grade 10,Section A,2026-09-14,25,22,3,0.88,1
ENHS_SYN_0485,Grade 10,Section A,2026-09-21,25,24,1,0.96,1
ENHS_SYN_0485,Grade 10,Section A,2026-09-28,25,22,3,0.88,1
ENHS_SYN_0485,Grade 10,Section A,2026-10-05,25,24,1,0.96,1
ENHS_SYN_0485,Grade 10,Section A,2026-10-12,25,24,1,0.96,1
ENHS_SYN_0485,Grade 10,Section A,2026-10-19,25,23,2,0.92,1
ENHS_SYN_0486,Grade 10,Section A,2026-08-03,25,21,4,0.84,1
ENHS_SYN_0486,Grade 10,Section A,2026-08-10,25,24,1,0.96,1
ENHS_SYN_0486,Grade 10,Section A,2026-08-17,25,20,5,0.8,1
ENHS_SYN_0486,Grade 10,Section A,2026-08-24,25,23,2,0.92,1
ENHS_SYN_0486,Grade 10,Section A,2026-08-31,24,22,2,0.9167,1
ENHS_SYN_0486,Grade 10,Section A,2026-09-07,25,23,2,0.92,1
ENHS_SYN_0486,Grade 10,Section A,2026-09-14,25,21,4,0.84,1
ENHS_SYN_0486,Grade 10,Section A,2026-09-21,25,25,0,1.0,0
ENHS_SYN_0486,Grade 10,Section A,2026-09-28,25,25,0,1.0,0
ENHS_SYN_0486,Grade 10,Section A,2026-10-05,25,24,1,0.96,1
ENHS_SYN_0486,Grade 10,Section A,2026-10-12,25,24,1,0.96,1
ENHS_SYN_0486,Grade 10,Section A,2026-10-19,25,23,2,0.92,1
ENHS_SYN_0487,Grade 10,Section A,2026-08-03,25,24,1,0.96,1
ENHS_SYN_0487,Grade 10,Section A,2026-08-10,25,24,1,0.96,1
ENHS_SYN_0487,Grade 10,Section A,2026-08-17,25,25,0,1.0,0
ENHS_SYN_0487,Grade 10,Section A,2026-08-24,25,23,2,0.92,1
ENHS_SYN_0487,Grade 10,Section A,2026-08-31,25,25,0,1.0,0
ENHS_SYN_0487,Grade 10,Section A,2026-09-07,25,25,0,1.0,0
ENHS_SYN_0487,Grade 10,Section A,2026-09-14,25,25,0,1.0,0
ENHS_SYN_0487,Grade 10,Section A,2026-09-21,25,25,0,1.0,0
ENHS_SYN_0487,Grade 10,Section A,2026-09-28,25,24,1,0.96,1
ENHS_SYN_0487,Grade 10,Section A,2026-10-05,25,25,0,1.0,0
ENHS_SYN_0487,Grade 10,Section A,2026-10-12,25,25,0,1.0,0
ENHS_SYN_0487,Grade 10,Section A,2026-10-19,25,23,2,0.92,1
ENHS_SYN_0488,Grade 10,Section A,2026-08-03,25,22,3,0.88,1
ENHS_SYN_0488,Grade 10,Section A,2026-08-10,25,22,3,0.88,1
ENHS_SYN_0488,Grade 10,Section A,2026-08-17,25,21,4,0.84,1
ENHS_SYN_0488,Grade 10,Section A,2026-08-24,25,17,8,0.68,1
ENHS_SYN_0488,Grade 10,Section A,2026-08-31,25,20,5,0.8,1
ENHS_SYN_0488,Grade 10,Section A,2026-09-07,25,22,3,0.88,1
ENHS_SYN_0488,Grade 10,Section A,2026-09-14,25,18,7,0.72,1
ENHS_SYN_0488,Grade 10,Section A,2026-09-21,25,21,4,0.84,1
ENHS_SYN_0488,Grade 10,Section A,2026-09-28,25,21,4,0.84,1
ENHS_SYN_0488,Grade 10,Section A,2026-10-05,25,19,6,0.76,1
ENHS_SYN_0488,Grade 10,Section A,2026-10-12,25,21,4,0.84,1
ENHS_SYN_0488,Grade 10,Section A,2026-10-19,25,16,9,0.64,1
ENHS_SYN_0489,Grade 10,Section A,2026-08-03,25,23,2,0.92,1
ENHS_SYN_0489,Grade 10,Section A,2026-08-10,25,23,2,0.92,1
ENHS_SYN_0489,Grade 10,Section A,2026-08-17,24,23,1,0.9583,1
ENHS_SYN_0489,Grade 10,Section A,2026-08-24,25,24,1,0.96,1
ENHS_SYN_0489,Grade 10,Section A,2026-08-31,25,23,2,0.92,1
ENHS_SYN_0489,Grade 10,Section A,2026-09-07,25,23,2,0.92,1
ENHS_SYN_0489,Grade 10,Section A,2026-09-14,25,25,0,1.0,0
ENHS_SYN_0489,Grade 10,Section A,2026-09-21,25,24,1,0.96,1
ENHS_SYN_0489,Grade 10,Section A,2026-09-28,25,24,1,0.96,1
ENHS_SYN_0489,Grade 10,Section A,2026-10-05,25,24,1,0.96,1
ENHS_SYN_0489,Grade 10,Section A,2026-10-12,25,25,0,1.0,0
ENHS_SYN_0489,Grade 10,Section A,2026-10-19,24,23,1,0.9583,1
ENHS_SYN_0490,Grade 10,Section A,2026-08-03,25,20,5,0.8,1
ENHS_SYN_0490,Grade 10,Section A,2026-08-10,25,23,2,0.92,1
ENHS_SYN_0490,Grade 10,Section A,2026-08-17,25,19,6,0.76,1
ENHS_SYN_0490,Grade 10,Section A,2026-08-24,25,21,4,0.84,1
ENHS_SYN_0490,Grade 10,Section A,2026-08-31,25,20,5,0.8,1
ENHS_SYN_0490,Grade 10,Section A,2026-09-07,25,16,9,0.64,1
ENHS_SYN_0490,Grade 10,Section A,2026-09-14,25,21,4,0.84,1
ENHS_SYN_0490,Grade 10,Section A,2026-09-21,24,20,4,0.8333,1
ENHS_SYN_0490,Grade 10,Section A,2026-09-28,25,17,8,0.68,1
ENHS_SYN_0490,Grade 10,Section A,2026-10-05,25,20,5,0.8,1
ENHS_SYN_0490,Grade 10,Section A,2026-10-12,25,19,6,0.76,1
ENHS_SYN_0490,Grade 10,Section A,2026-10-19,25,17,8,0.68,1
ENHS_SYN_0491,Grade 10,Section A,2026-08-03,25,23,2,0.92,1
ENHS_SYN_0491,Grade 10,Section A,2026-08-10,25,25,0,1.0,0
ENHS_SYN_0491,Grade 10,Section A,2026-08-17,25,23,2,0.92,1
ENHS_SYN_0491,Grade 10,Section A,2026-08-24,25,24,1,0.96,1
ENHS_SYN_0491,Grade 10,Section A,2026-08-31,25,22,3,0.88,1
ENHS_SYN_0491,Grade 10,Section A,2026-09-07,25,23,2,0.92,1
ENHS_SYN_0491,Grade 10,Section A,2026-09-14,25,23,2,0.92,1
ENHS_SYN_0491,Grade 10,Section A,2026-09-21,25,22,3,0.88,1
ENHS_SYN_0491,Grade 10,Section A,2026-09-28,25,23,2,0.92,1
ENHS_SYN_0491,Grade 10,Section A,2026-10-05,25,23,2,0.92,1
ENHS_SYN_0491,Grade 10,Section A,2026-10-12,25,21,4,0.84,1
ENHS_SYN_0491,Grade 10,Section A,2026-10-19,25,25,0,1.0,0
ENHS_SYN_0492,Grade 10,Section A,2026-08-03,24,20,4,0.8333,1
ENHS_SYN_0492,Grade 10,Section A,2026-08-10,25,21,4,0.84,1
ENHS_SYN_0492,Grade 10,Section A,2026-08-17,25,21,4,0.84,1
ENHS_SYN_0492,Grade 10,Section A,2026-08-24,25,23,2,0.92,1
ENHS_SYN_0492,Grade 10,Section A,2026-08-31,25,22,3,0.88,1
ENHS_SYN_0492,Grade 10,Section A,2026-09-07,25,20,5,0.8,1
ENHS_SYN_0492,Grade 10,Section A,2026-09-14,25,22,3,0.88,1
ENHS_SYN_0492,Grade 10,Section A,2026-09-21,25,22,3,0.88,1
ENHS_SYN_0492,Grade 10,Section A,2026-09-28,25,22,3,0.88,1
ENHS_SYN_0492,Grade 10,Section A,2026-10-05,25,23,2,0.92,1
ENHS_SYN_0492,Grade 10,Section A,2026-10-12,25,21,4,0.84,1
ENHS_SYN_0492,Grade 10,Section A,2026-10-19,25,21,4,0.84,1
ENHS_SYN_0493,Grade 10,Section A,2026-08-03,25,24,1,0.96,1
ENHS_SYN_0493,Grade 10,Section A,2026-08-10,25,23,2,0.92,1
ENHS_SYN_0493,Grade 10,Section A,2026-08-17,25,23,2,0.92,1
ENHS_SYN_0493,Grade 10,Section A,2026-08-24,25,21,4,0.84,1
ENHS_SYN_0493,Grade 10,Section A,2026-08-31,25,23,2,0.92,1
ENHS_SYN_0493,Grade 10,Section A,2026-09-07,25,22,3,0.88,1
ENHS_SYN_0493,Grade 10,Section A,2026-09-14,25,21,4,0.84,1
ENHS_SYN_0493,Grade 10,Section A,2026-09-21,25,23,2,0.92,1
ENHS_SYN_0493,Grade 10,Section A,2026-09-28,25,25,0,1.0,0
ENHS_SYN_0493,Grade 10,Section A,2026-10-05,25,20,5,0.8,1
ENHS_SYN_0493,Grade 10,Section A,2026-10-12,25,24,1,0.96,1
ENHS_SYN_0493,Grade 10,Section A,2026-10-19,25,20,5,0.8,1
ENHS_SYN_0494,Grade 10,Section A,2026-08-03,25,16,9,0.64,1
ENHS_SYN_0494,Grade 10,Section A,2026-08-10,25,18,7,0.72,1
ENHS_SYN_0494,Grade 10,Section A,2026-08-17,25,15,10,0.6,1
ENHS_SYN_0494,Grade 10,Section A,2026-08-24,25,17,8,0.68,1
ENHS_SYN_0494,Grade 10,Section A,2026-08-31,25,18,7,0.72,1
ENHS_SYN_0494,Grade 10,Section A,2026-09-07,25,20,5,0.8,1
ENHS_SYN_0494,Grade 10,Section A,2026-09-14,25,20,5,0.8,1
ENHS_SYN_0494,Grade 10,Section A,2026-09-21,25,15,10,0.6,1
ENHS_SYN_0494,Grade 10,Section A,2026-09-28,25,19,6,0.76,1
ENHS_SYN_0494,Grade 10,Section A,2026-10-05,25,18,7,0.72,1
ENHS_SYN_0494,Grade 10,Section A,2026-10-12,25,14,11,0.56,1
ENHS_SYN_0494,Grade 10,Section A,2026-10-19,25,19,6,0.76,1
ENHS_SYN_0495,Grade 10,Section A,2026-08-03,25,25,0,1.0,0
ENHS_SYN_0495,Grade 10,Section A,2026-08-10,25,24,1,0.96,1
ENHS_SYN_0495,Grade 10,Section A,2026-08-17,25,23,2,0.92,1
ENHS_SYN_0495,Grade 10,Section A,2026-08-24,25,24,1,0.96,1
ENHS_SYN_0495,Grade 10,Section A,2026-08-31,24,24,0,1.0,0
ENHS_SYN_0495,Grade 10,Section A,2026-09-07,25,25,0,1.0,0
ENHS_SYN_0495,Grade 10,Section A,2026-09-14,25,25,0,1.0,0
ENHS_SYN_0495,Grade 10,Section A,2026-09-21,25,25,0,1.0,0
ENHS_SYN_0495,Grade 10,Section A,2026-09-28,25,25,0,1.0,0
ENHS_SYN_0495,Grade 10,Section A,2026-10-05,25,24,1,0.96,1
ENHS_SYN_0495,Grade 10,Section A,2026-10-12,25,25,0,1.0,0
ENHS_SYN_0495,Grade 10,Section A,2026-10-19,25,24,1,0.96,1
ENHS_SYN_0496,Grade 10,Section A,2026-08-03,25,18,7,0.72,1
ENHS_SYN_0496,Grade 10,Section A,2026-08-10,25,22,3,0.88,1
ENHS_SYN_0496,Grade 10,Section A,2026-08-17,25,19,6,0.76,1
ENHS_SYN_0496,Grade 10,Section A,2026-08-24,25,21,4,0.84,1
ENHS_SYN_0496,Grade 10,Section A,2026-08-31,25,23,2,0.92,1
ENHS_SYN_0496,Grade 10,Section A,2026-09-07,25,20,5,0.8,1
ENHS_SYN_0496,Grade 10,Section A,2026-09-14,25,23,2,0.92,1
ENHS_SYN_0496,Grade 10,Section A,2026-09-21,25,19,6,0.76,1
ENHS_SYN_0496,Grade 10,Section A,2026-09-28,25,22,3,0.88,1
ENHS_SYN_0496,Grade 10,Section A,2026-10-05,25,21,4,0.84,1
ENHS_SYN_0496,Grade 10,Section A,2026-10-12,24,21,3,0.875,1
ENHS_SYN_0496,Grade 10,Section A,2026-10-19,25,17,8,0.68,1
ENHS_SYN_0497,Grade 10,Section A,2026-08-03,25,21,4,0.84,1
ENHS_SYN_0497,Grade 10,Section A,2026-08-10,25,19,6,0.76,1
ENHS_SYN_0497,Grade 10,Section A,2026-08-17,25,17,8,0.68,1
ENHS_SYN_0497,Grade 10,Section A,2026-08-24,25,22,3,0.88,1
ENHS_SYN_0497,Grade 10,Section A,2026-08-31,25,23,2,0.92,1
ENHS_SYN_0497,Grade 10,Section A,2026-09-07,25,22,3,0.88,1
ENHS_SYN_0497,Grade 10,Section A,2026-09-14,25,20,5,0.8,1
ENHS_SYN_0497,Grade 10,Section A,2026-09-21,25,24,1,0.96,1
ENHS_SYN_0497,Grade 10,Section A,2026-09-28,25,18,7,0.72,1
ENHS_SYN_0497,Grade 10,Section A,2026-10-05,25,20,5,0.8,1
ENHS_SYN_0497,Grade 10,Section A,2026-10-12,25,22,3,0.88,1
ENHS_SYN_0497,Grade 10,Section A,2026-10-19,25,21,4,0.84,1
ENHS_SYN_0498,Grade 10,Section A,2026-08-03,25,21,4,0.84,1
ENHS_SYN_0498,Grade 10,Section A,2026-08-10,25,23,2,0.92,1
ENHS_SYN_0498,Grade 10,Section A,2026-08-17,25,21,4,0.84,1
ENHS_SYN_0498,Grade 10,Section A,2026-08-24,25,21,4,0.84,1
ENHS_SYN_0498,Grade 10,Section A,2026-08-31,25,21,4,0.84,1
ENHS_SYN_0498,Grade 10,Section A,2026-09-07,24,18,6,0.75,1
ENHS_SYN_0498,Grade 10,Section A,2026-09-14,25,19,6,0.76,1
ENHS_SYN_0498,Grade 10,Section A,2026-09-21,25,21,4,0.84,1
ENHS_SYN_0498,Grade 10,Section A,2026-09-28,25,20,5,0.8,1
ENHS_SYN_0498,Grade 10,Section A,2026-10-05,25,21,4,0.84,1
ENHS_SYN_0498,Grade 10,Section A,2026-10-12,25,21,4,0.84,1
ENHS_SYN_0498,Grade 10,Section A,2026-10-19,25,23,2,0.92,1
ENHS_SYN_0499,Grade 10,Section A,2026-08-03,25,20,5,0.8,1
ENHS_SYN_0499,Grade 10,Section A,2026-08-10,25,22,3,0.88,1
ENHS_SYN_0499,Grade 10,Section A,2026-08-17,25,17,8,0.68,1
ENHS_SYN_0499,Grade 10,Section A,2026-08-24,25,14,11,0.56,1
ENHS_SYN_0499,Grade 10,Section A,2026-08-31,25,16,9,0.64,1
ENHS_SYN_0499,Grade 10,Section A,2026-09-07,25,18,7,0.72,1
ENHS_SYN_0499,Grade 10,Section A,2026-09-14,25,21,4,0.84,1
ENHS_SYN_0499,Grade 10,Section A,2026-09-21,25,17,8,0.68,1
ENHS_SYN_0499,Grade 10,Section A,2026-09-28,25,13,12,0.52,1
ENHS_SYN_0499,Grade 10,Section A,2026-10-05,25,19,6,0.76,1
ENHS_SYN_0499,Grade 10,Section A,2026-10-12,25,15,10,0.6,1
ENHS_SYN_0499,Grade 10,Section A,2026-10-19,25,21,4,0.84,1
ENHS_SYN_0500,Grade 10,Section A,2026-08-03,25,23,2,0.92,1
ENHS_SYN_0500,Grade 10,Section A,2026-08-10,25,23,2,0.92,1
ENHS_SYN_0500,Grade 10,Section A,2026-08-17,25,24,1,0.96,1
ENHS_SYN_0500,Grade 10,Section A,2026-08-24,25,24,1,0.96,1
ENHS_SYN_0500,Grade 10,Section A,2026-08-31,25,24,1,0.96,1
ENHS_SYN_0500,Grade 10,Section A,2026-09-07,25,21,4,0.84,1
ENHS_SYN_0500,Grade 10,Section A,2026-09-14,25,23,2,0.92,1
ENHS_SYN_0500,Grade 10,Section A,2026-09-21,25,24,1,0.96,1
ENHS_SYN_0500,Grade 10,Section A,2026-09-28,25,24,1,0.96,1
ENHS_SYN_0500,Grade 10,Section A,2026-10-05,25,24,1,0.96,1
ENHS_SYN_0500,Grade 10,Section A,2026-10-12,25,23,2,0.92,1
ENHS_SYN_0500,Grade 10,Section A,2026-10-19,25,22,3,0.88,1
ENHS_SYN_0501,Grade 10,Section B,2026-08-03,25,21,4,0.84,1
ENHS_SYN_0501,Grade 10,Section B,2026-08-10,25,19,6,0.76,1
ENHS_SYN_0501,Grade 10,Section B,2026-08-17,24,22,2,0.9167,1
ENHS_SYN_0501,Grade 10,Section B,2026-08-24,25,20,5,0.8,1
ENHS_SYN_0501,Grade 10,Section B,2026-08-31,25,16,9,0.64,1
ENHS_SYN_0501,Grade 10,Section B,2026-09-07,25,17,8,0.68,1
ENHS_SYN_0501,Grade 10,Section B,2026-09-14,25,19,6,0.76,1
ENHS_SYN_0501,Grade 10,Section B,2026-09-21,25,17,8,0.68,1
ENHS_SYN_0501,Grade 10,Section B,2026-09-28,25,17,8,0.68,1
ENHS_SYN_0501,Grade 10,Section B,2026-10-05,25,18,7,0.72,1
ENHS_SYN_0501,Grade 10,Section B,2026-10-12,25,17,8,0.68,1
ENHS_SYN_0501,Grade 10,Section B,2026-10-19,24,16,8,0.6667,1
ENHS_SYN_0502,Grade 10,Section B,2026-08-03,25,22,3,0.88,1
ENHS_SYN_0502,Grade 10,Section B,2026-08-10,25,23,2,0.92,1
ENHS_SYN_0502,Grade 10,Section B,2026-08-17,25,23,2,0.92,1
ENHS_SYN_0502,Grade 10,Section B,2026-08-24,25,21,4,0.84,1
ENHS_SYN_0502,Grade 10,Section B,2026-08-31,25,23,2,0.92,1
ENHS_SYN_0502,Grade 10,Section B,2026-09-07,25,23,2,0.92,1
ENHS_SYN_0502,Grade 10,Section B,2026-09-14,25,20,5,0.8,1
ENHS_SYN_0502,Grade 10,Section B,2026-09-21,25,23,2,0.92,1
ENHS_SYN_0502,Grade 10,Section B,2026-09-28,25,24,1,0.96,1
ENHS_SYN_0502,Grade 10,Section B,2026-10-05,25,24,1,0.96,1
ENHS_SYN_0502,Grade 10,Section B,2026-10-12,25,20,5,0.8,1
ENHS_SYN_0502,Grade 10,Section B,2026-10-19,25,22,3,0.88,1
ENHS_SYN_0503,Grade 10,Section B,2026-08-03,25,18,7,0.72,1
ENHS_SYN_0503,Grade 10,Section B,2026-08-10,25,16,9,0.64,1
ENHS_SYN_0503,Grade 10,Section B,2026-08-17,25,21,4,0.84,1
ENHS_SYN_0503,Grade 10,Section B,2026-08-24,25,18,7,0.72,1
ENHS_SYN_0503,Grade 10,Section B,2026-08-31,25,23,2,0.92,1
ENHS_SYN_0503,Grade 10,Section B,2026-09-07,25,22,3,0.88,1
ENHS_SYN_0503,Grade 10,Section B,2026-09-14,25,21,4,0.84,1
ENHS_SYN_0503,Grade 10,Section B,2026-09-21,25,20,5,0.8,1
ENHS_SYN_0503,Grade 10,Section B,2026-09-28,25,22,3,0.88,1
ENHS_SYN_0503,Grade 10,Section B,2026-10-05,25,20,5,0.8,1
ENHS_SYN_0503,Grade 10,Section B,2026-10-12,25,21,4,0.84,1
ENHS_SYN_0503,Grade 10,Section B,2026-10-19,25,20,5,0.8,1
ENHS_SYN_0504,Grade 10,Section B,2026-08-03,25,21,4,0.84,1
ENHS_SYN_0504,Grade 10,Section B,2026-08-10,25,14,11,0.56,1
ENHS_SYN_0504,Grade 10,Section B,2026-08-17,25,18,7,0.72,1
ENHS_SYN_0504,Grade 10,Section B,2026-08-24,25,22,3,0.88,1
ENHS_SYN_0504,Grade 10,Section B,2026-08-31,25,19,6,0.76,1
ENHS_SYN_0504,Grade 10,Section B,2026-09-07,25,19,6,0.76,1
ENHS_SYN_0504,Grade 10,Section B,2026-09-14,25,20,5,0.8,1
ENHS_SYN_0504,Grade 10,Section B,2026-09-21,25,19,6,0.76,1
ENHS_SYN_0504,Grade 10,Section B,2026-09-28,25,19,6,0.76,1
ENHS_SYN_0504,Grade 10,Section B,2026-10-05,25,19,6,0.76,1
ENHS_SYN_0504,Grade 10,Section B,2026-10-12,25,17,8,0.68,1
ENHS_SYN_0504,Grade 10,Section B,2026-10-19,25,18,7,0.72,1
ENHS_SYN_0505,Grade 10,Section B,2026-08-03,25,22,3,0.88,1
ENHS_SYN_0505,Grade 10,Section B,2026-08-10,25,23,2,0.92,1
ENHS_SYN_0505,Grade 10,Section B,2026-08-17,25,23,2,0.92,1
ENHS_SYN_0505,Grade 10,Section B,2026-08-24,25,22,3,0.88,1
ENHS_SYN_0505,Grade 10,Section B,2026-08-31,25,23,2,0.92,1
ENHS_SYN_0505,Grade 10,Section B,2026-09-07,25,23,2,0.92,1
ENHS_SYN_0505,Grade 10,Section B,2026-09-14,25,19,6,0.76,1
ENHS_SYN_0505,Grade 10,Section B,2026-09-21,25,22,3,0.88,1
ENHS_SYN_0505,Grade 10,Section B,2026-09-28,25,20,5,0.8,1
ENHS_SYN_0505,Grade 10,Section B,2026-10-05,25,22,3,0.88,1
ENHS_SYN_0505,Grade 10,Section B,2026-10-12,25,22,3,0.88,1
ENHS_SYN_0505,Grade 10,Section B,2026-10-19,25,21,4,0.84,1
ENHS_SYN_0506,Grade 10,Section B,2026-08-03,25,24,1,0.96,1
ENHS_SYN_0506,Grade 10,Section B,2026-08-10,25,25,0,1.0,0
ENHS_SYN_0506,Grade 10,Section B,2026-08-17,25,23,2,0.92,1
ENHS_SYN_0506,Grade 10,Section B,2026-08-24,25,25,0,1.0,0
ENHS_SYN_0506,Grade 10,Section B,2026-08-31,25,25,0,1.0,0
ENHS_SYN_0506,Grade 10,Section B,2026-09-07,25,24,1,0.96,1
ENHS_SYN_0506,Grade 10,Section B,2026-09-14,25,25,0,1.0,0
ENHS_SYN_0506,Grade 10,Section B,2026-09-21,24,24,0,1.0,0
ENHS_SYN_0506,Grade 10,Section B,2026-09-28,25,24,1,0.96,1
ENHS_SYN_0506,Grade 10,Section B,2026-10-05,25,25,0,1.0,0
ENHS_SYN_0506,Grade 10,Section B,2026-10-12,25,25,0,1.0,0
ENHS_SYN_0506,Grade 10,Section B,2026-10-19,25,25,0,1.0,0
ENHS_SYN_0507,Grade 10,Section B,2026-08-03,25,22,3,0.88,1
ENHS_SYN_0507,Grade 10,Section B,2026-08-10,25,21,4,0.84,1
ENHS_SYN_0507,Grade 10,Section B,2026-08-17,25,23,2,0.92,1
ENHS_SYN_0507,Grade 10,Section B,2026-08-24,25,23,2,0.92,1
ENHS_SYN_0507,Grade 10,Section B,2026-08-31,25,21,4,0.84,1
ENHS_SYN_0507,Grade 10,Section B,2026-09-07,25,20,5,0.8,1
ENHS_SYN_0507,Grade 10,Section B,2026-09-14,25,21,4,0.84,1
ENHS_SYN_0507,Grade 10,Section B,2026-09-21,25,22,3,0.88,1
ENHS_SYN_0507,Grade 10,Section B,2026-09-28,25,23,2,0.92,1
ENHS_SYN_0507,Grade 10,Section B,2026-10-05,25,24,1,0.96,1
ENHS_SYN_0507,Grade 10,Section B,2026-10-12,25,22,3,0.88,1
ENHS_SYN_0507,Grade 10,Section B,2026-10-19,25,22,3,0.88,1
ENHS_SYN_0508,Grade 10,Section B,2026-08-03,25,23,2,0.92,1
ENHS_SYN_0508,Grade 10,Section B,2026-08-10,25,21,4,0.84,1
ENHS_SYN_0508,Grade 10,Section B,2026-08-17,25,21,4,0.84,1
ENHS_SYN_0508,Grade 10,Section B,2026-08-24,25,21,4,0.84,1
ENHS_SYN_0508,Grade 10,Section B,2026-08-31,25,21,4,0.84,1
ENHS_SYN_0508,Grade 10,Section B,2026-09-07,25,18,7,0.72,1
ENHS_SYN_0508,Grade 10,Section B,2026-09-14,25,21,4,0.84,1
ENHS_SYN_0508,Grade 10,Section B,2026-09-21,25,21,4,0.84,1
ENHS_SYN_0508,Grade 10,Section B,2026-09-28,25,23,2,0.92,1
ENHS_SYN_0508,Grade 10,Section B,2026-10-05,25,21,4,0.84,1
ENHS_SYN_0508,Grade 10,Section B,2026-10-12,25,20,5,0.8,1
ENHS_SYN_0508,Grade 10,Section B,2026-10-19,25,24,1,0.96,1
ENHS_SYN_0509,Grade 10,Section B,2026-08-03,25,22,3,0.88,1
ENHS_SYN_0509,Grade 10,Section B,2026-08-10,25,22,3,0.88,1
ENHS_SYN_0509,Grade 10,Section B,2026-08-17,25,18,7,0.72,1
ENHS_SYN_0509,Grade 10,Section B,2026-08-24,25,22,3,0.88,1
ENHS_SYN_0509,Grade 10,Section B,2026-08-31,25,24,1,0.96,1
ENHS_SYN_0509,Grade 10,Section B,2026-09-07,25,21,4,0.84,1
ENHS_SYN_0509,Grade 10,Section B,2026-09-14,25,22,3,0.88,1
ENHS_SYN_0509,Grade 10,Section B,2026-09-21,25,23,2,0.92,1
ENHS_SYN_0509,Grade 10,Section B,2026-09-28,25,21,4,0.84,1
ENHS_SYN_0509,Grade 10,Section B,2026-10-05,25,24,1,0.96,1
ENHS_SYN_0509,Grade 10,Section B,2026-10-12,25,23,2,0.92,1
ENHS_SYN_0509,Grade 10,Section B,2026-10-19,25,23,2,0.92,1
ENHS_SYN_0510,Grade 10,Section B,2026-08-03,25,24,1,0.96,1
ENHS_SYN_0510,Grade 10,Section B,2026-08-10,25,22,3,0.88,1
ENHS_SYN_0510,Grade 10,Section B,2026-08-17,25,18,7,0.72,1
ENHS_SYN_0510,Grade 10,Section B,2026-08-24,25,20,5,0.8,1
ENHS_SYN_0510,Grade 10,Section B,2026-08-31,25,20,5,0.8,1
ENHS_SYN_0510,Grade 10,Section B,2026-09-07,25,23,2,0.92,1
ENHS_SYN_0510,Grade 10,Section B,2026-09-14,25,23,2,0.92,1
ENHS_SYN_0510,Grade 10,Section B,2026-09-21,25,20,5,0.8,1
ENHS_SYN_0510,Grade 10,Section B,2026-09-28,25,21,4,0.84,1
ENHS_SYN_0510,Grade 10,Section B,2026-10-05,25,21,4,0.84,1
ENHS_SYN_0510,Grade 10,Section B,2026-10-12,25,19,6,0.76,1
ENHS_SYN_0510,Grade 10,Section B,2026-10-19,25,22,3,0.88,1
ENHS_SYN_0511,Grade 10,Section B,2026-08-03,25,20,5,0.8,1
ENHS_SYN_0511,Grade 10,Section B,2026-08-10,25,19,6,0.76,1
ENHS_SYN_0511,Grade 10,Section B,2026-08-17,25,17,8,0.68,1
ENHS_SYN_0511,Grade 10,Section B,2026-08-24,25,17,8,0.68,1
ENHS_SYN_0511,Grade 10,Section B,2026-08-31,25,24,1,0.96,1
ENHS_SYN_0511,Grade 10,Section B,2026-09-07,25,18,7,0.72,1
ENHS_SYN_0511,Grade 10,Section B,2026-09-14,25,18,7,0.72,1
ENHS_SYN_0511,Grade 10,Section B,2026-09-21,25,20,5,0.8,1
ENHS_SYN_0511,Grade 10,Section B,2026-09-28,25,20,5,0.8,1
ENHS_SYN_0511,Grade 10,Section B,2026-10-05,25,21,4,0.84,1
ENHS_SYN_0511,Grade 10,Section B,2026-10-12,25,18,7,0.72,1
ENHS_SYN_0511,Grade 10,Section B,2026-10-19,25,17,8,0.68,1
ENHS_SYN_0512,Grade 10,Section B,2026-08-03,25,17,8,0.68,1
ENHS_SYN_0512,Grade 10,Section B,2026-08-10,25,22,3,0.88,1
ENHS_SYN_0512,Grade 10,Section B,2026-08-17,25,21,4,0.84,1
ENHS_SYN_0512,Grade 10,Section B,2026-08-24,25,20,5,0.8,1
ENHS_SYN_0512,Grade 10,Section B,2026-08-31,25,20,5,0.8,1
ENHS_SYN_0512,Grade 10,Section B,2026-09-07,24,20,4,0.8333,1
ENHS_SYN_0512,Grade 10,Section B,2026-09-14,25,21,4,0.84,1
ENHS_SYN_0512,Grade 10,Section B,2026-09-21,25,23,2,0.92,1
ENHS_SYN_0512,Grade 10,Section B,2026-09-28,25,21,4,0.84,1
ENHS_SYN_0512,Grade 10,Section B,2026-10-05,25,19,6,0.76,1
ENHS_SYN_0512,Grade 10,Section B,2026-10-12,25,17,8,0.68,1
ENHS_SYN_0512,Grade 10,Section B,2026-10-19,25,20,5,0.8,1
ENHS_SYN_0513,Grade 10,Section B,2026-08-03,25,25,0,1.0,0
ENHS_SYN_0513,Grade 10,Section B,2026-08-10,25,21,4,0.84,1
ENHS_SYN_0513,Grade 10,Section B,2026-08-17,25,21,4,0.84,1
ENHS_SYN_0513,Grade 10,Section B,2026-08-24,25,23,2,0.92,1
ENHS_SYN_0513,Grade 10,Section B,2026-08-31,25,23,2,0.92,1
ENHS_SYN_0513,Grade 10,Section B,2026-09-07,25,23,2,0.92,1
ENHS_SYN_0513,Grade 10,Section B,2026-09-14,25,22,3,0.88,1
ENHS_SYN_0513,Grade 10,Section B,2026-09-21,25,24,1,0.96,1
ENHS_SYN_0513,Grade 10,Section B,2026-09-28,25,25,0,1.0,0
ENHS_SYN_0513,Grade 10,Section B,2026-10-05,25,23,2,0.92,1
ENHS_SYN_0513,Grade 10,Section B,2026-10-12,25,24,1,0.96,1
ENHS_SYN_0513,Grade 10,Section B,2026-10-19,25,21,4,0.84,1
ENHS_SYN_0514,Grade 10,Section B,2026-08-03,25,21,4,0.84,1
ENHS_SYN_0514,Grade 10,Section B,2026-08-10,25,22,3,0.88,1
ENHS_SYN_0514,Grade 10,Section B,2026-08-17,25,23,2,0.92,1
ENHS_SYN_0514,Grade 10,Section B,2026-08-24,25,25,0,1.0,0
ENHS_SYN_0514,Grade 10,Section B,2026-08-31,25,22,3,0.88,1
ENHS_SYN_0514,Grade 10,Section B,2026-09-07,25,20,5,0.8,1
ENHS_SYN_0514,Grade 10,Section B,2026-09-14,25,23,2,0.92,1
ENHS_SYN_0514,Grade 10,Section B,2026-09-21,25,24,1,0.96,1
ENHS_SYN_0514,Grade 10,Section B,2026-09-28,25,23,2,0.92,1
ENHS_SYN_0514,Grade 10,Section B,2026-10-05,25,20,5,0.8,1
ENHS_SYN_0514,Grade 10,Section B,2026-10-12,25,22,3,0.88,1
ENHS_SYN_0514,Grade 10,Section B,2026-10-19,25,23,2,0.92,1
ENHS_SYN_0515,Grade 10,Section B,2026-08-03,25,22,3,0.88,1
ENHS_SYN_0515,Grade 10,Section B,2026-08-10,25,22,3,0.88,1
ENHS_SYN_0515,Grade 10,Section B,2026-08-17,25,24,1,0.96,1
ENHS_SYN_0515,Grade 10,Section B,2026-08-24,25,24,1,0.96,1
ENHS_SYN_0515,Grade 10,Section B,2026-08-31,25,25,0,1.0,0
ENHS_SYN_0515,Grade 10,Section B,2026-09-07,25,21,4,0.84,1
ENHS_SYN_0515,Grade 10,Section B,2026-09-14,25,25,0,1.0,0
ENHS_SYN_0515,Grade 10,Section B,2026-09-21,25,23,2,0.92,1
ENHS_SYN_0515,Grade 10,Section B,2026-09-28,25,25,0,1.0,0
ENHS_SYN_0515,Grade 10,Section B,2026-10-05,25,23,2,0.92,1
ENHS_SYN_0515,Grade 10,Section B,2026-10-12,25,25,0,1.0,0
ENHS_SYN_0515,Grade 10,Section B,2026-10-19,25,25,0,1.0,0
ENHS_SYN_0516,Grade 10,Section B,2026-08-03,24,17,7,0.7083,1
ENHS_SYN_0516,Grade 10,Section B,2026-08-10,24,18,6,0.75,1
ENHS_SYN_0516,Grade 10,Section B,2026-08-17,25,17,8,0.68,1
ENHS_SYN_0516,Grade 10,Section B,2026-08-24,25,19,6,0.76,1
ENHS_SYN_0516,Grade 10,Section B,2026-08-31,25,19,6,0.76,1
ENHS_SYN_0516,Grade 10,Section B,2026-09-07,25,22,3,0.88,1
ENHS_SYN_0516,Grade 10,Section B,2026-09-14,25,21,4,0.84,1
ENHS_SYN_0516,Grade 10,Section B,2026-09-21,25,21,4,0.84,1
ENHS_SYN_0516,Grade 10,Section B,2026-09-28,25,19,6,0.76,1
ENHS_SYN_0516,Grade 10,Section B,2026-10-05,25,22,3,0.88,1
ENHS_SYN_0516,Grade 10,Section B,2026-10-12,25,20,5,0.8,1
ENHS_SYN_0516,Grade 10,Section B,2026-10-19,25,17,8,0.68,1
ENHS_SYN_0517,Grade 10,Section B,2026-08-03,25,20,5,0.8,1
ENHS_SYN_0517,Grade 10,Section B,2026-08-10,25,22,3,0.88,1
ENHS_SYN_0517,Grade 10,Section B,2026-08-17,25,20,5,0.8,1
ENHS_SYN_0517,Grade 10,Section B,2026-08-24,25,19,6,0.76,1
ENHS_SYN_0517,Grade 10,Section B,2026-08-31,25,21,4,0.84,1
ENHS_SYN_0517,Grade 10,Section B,2026-09-07,25,18,7,0.72,1
ENHS_SYN_0517,Grade 10,Section B,2026-09-14,25,21,4,0.84,1
ENHS_SYN_0517,Grade 10,Section B,2026-09-21,25,22,3,0.88,1
ENHS_SYN_0517,Grade 10,Section B,2026-09-28,25,18,7,0.72,1
ENHS_SYN_0517,Grade 10,Section B,2026-10-05,25,17,8,0.68,1
ENHS_SYN_0517,Grade 10,Section B,2026-10-12,25,19,6,0.76,1
ENHS_SYN_0517,Grade 10,Section B,2026-10-19,25,16,9,0.64,1
ENHS_SYN_0518,Grade 10,Section B,2026-08-03,25,21,4,0.84,1
ENHS_SYN_0518,Grade 10,Section B,2026-08-10,25,19,6,0.76,1
ENHS_SYN_0518,Grade 10,Section B,2026-08-17,25,22,3,0.88,1
ENHS_SYN_0518,Grade 10,Section B,2026-08-24,25,21,4,0.84,1
ENHS_SYN_0518,Grade 10,Section B,2026-08-31,25,23,2,0.92,1
ENHS_SYN_0518,Grade 10,Section B,2026-09-07,25,23,2,0.92,1
ENHS_SYN_0518,Grade 10,Section B,2026-09-14,25,19,6,0.76,1
ENHS_SYN_0518,Grade 10,Section B,2026-09-21,25,22,3,0.88,1
ENHS_SYN_0518,Grade 10,Section B,2026-09-28,25,21,4,0.84,1
ENHS_SYN_0518,Grade 10,Section B,2026-10-05,25,24,1,0.96,1
ENHS_SYN_0518,Grade 10,Section B,2026-10-12,25,25,0,1.0,0
ENHS_SYN_0518,Grade 10,Section B,2026-10-19,25,24,1,0.96,1
ENHS_SYN_0519,Grade 10,Section B,2026-08-03,25,18,7,0.72,1
ENHS_SYN_0519,Grade 10,Section B,2026-08-10,25,21,4,0.84,1
ENHS_SYN_0519,Grade 10,Section B,2026-08-17,25,22,3,0.88,1
ENHS_SYN_0519,Grade 10,Section B,2026-08-24,25,22,3,0.88,1
ENHS_SYN_0519,Grade 10,Section B,2026-08-31,25,22,3,0.88,1
ENHS_SYN_0519,Grade 10,Section B,2026-09-07,25,24,1,0.96,1
ENHS_SYN_0519,Grade 10,Section B,2026-09-14,25,19,6,0.76,1
ENHS_SYN_0519,Grade 10,Section B,2026-09-21,25,23,2,0.92,1
ENHS_SYN_0519,Grade 10,Section B,2026-09-28,25,19,6,0.76,1
ENHS_SYN_0519,Grade 10,Section B,2026-10-05,25,24,1,0.96,1
ENHS_SYN_0519,Grade 10,Section B,2026-10-12,25,20,5,0.8,1
ENHS_SYN_0519,Grade 10,Section B,2026-10-19,25,21,4,0.84,1
ENHS_SYN_0520,Grade 10,Section B,2026-08-03,25,20,5,0.8,1
ENHS_SYN_0520,Grade 10,Section B,2026-08-10,25,23,2,0.92,1
ENHS_SYN_0520,Grade 10,Section B,2026-08-17,25,21,4,0.84,1
ENHS_SYN_0520,Grade 10,Section B,2026-08-24,25,18,7,0.72,1
ENHS_SYN_0520,Grade 10,Section B,2026-08-31,25,21,4,0.84,1
ENHS_SYN_0520,Grade 10,Section B,2026-09-07,25,19,6,0.76,1
ENHS_SYN_0520,Grade 10,Section B,2026-09-14,25,22,3,0.88,1
ENHS_SYN_0520,Grade 10,Section B,2026-09-21,25,24,1,0.96,1
ENHS_SYN_0520,Grade 10,Section B,2026-09-28,25,17,8,0.68,1
ENHS_SYN_0520,Grade 10,Section B,2026-10-05,25,21,4,0.84,1
ENHS_SYN_0520,Grade 10,Section B,2026-10-12,25,21,4,0.84,1
ENHS_SYN_0520,Grade 10,Section B,2026-10-19,25,20,5,0.8,1
ENHS_SYN_0521,Grade 10,Section B,2026-08-03,25,23,2,0.92,1
ENHS_SYN_0521,Grade 10,Section B,2026-08-10,25,19,6,0.76,1
ENHS_SYN_0521,Grade 10,Section B,2026-08-17,25,22,3,0.88,1
ENHS_SYN_0521,Grade 10,Section B,2026-08-24,25,24,1,0.96,1
ENHS_SYN_0521,Grade 10,Section B,2026-08-31,24,23,1,0.9583,1
ENHS_SYN_0521,Grade 10,Section B,2026-09-07,25,23,2,0.92,1
ENHS_SYN_0521,Grade 10,Section B,2026-09-14,25,24,1,0.96,1
ENHS_SYN_0521,Grade 10,Section B,2026-09-21,25,24,1,0.96,1
ENHS_SYN_0521,Grade 10,Section B,2026-09-28,25,21,4,0.84,1
ENHS_SYN_0521,Grade 10,Section B,2026-10-05,25,23,2,0.92,1
ENHS_SYN_0521,Grade 10,Section B,2026-10-12,25,24,1,0.96,1
ENHS_SYN_0521,Grade 10,Section B,2026-10-19,25,22,3,0.88,1
ENHS_SYN_0522,Grade 10,Section B,2026-08-03,25,24,1,0.96,1
ENHS_SYN_0522,Grade 10,Section B,2026-08-10,25,22,3,0.88,1
ENHS_SYN_0522,Grade 10,Section B,2026-08-17,25,24,1,0.96,1
ENHS_SYN_0522,Grade 10,Section B,2026-08-24,25,23,2,0.92,1
ENHS_SYN_0522,Grade 10,Section B,2026-08-31,25,23,2,0.92,1
ENHS_SYN_0522,Grade 10,Section B,2026-09-07,25,24,1,0.96,1
ENHS_SYN_0522,Grade 10,Section B,2026-09-14,25,24,1,0.96,1
ENHS_SYN_0522,Grade 10,Section B,2026-09-21,25,25,0,1.0,0
ENHS_SYN_0522,Grade 10,Section B,2026-09-28,25,25,0,1.0,0
ENHS_SYN_0522,Grade 10,Section B,2026-10-05,25,21,4,0.84,1
ENHS_SYN_0522,Grade 10,Section B,2026-10-12,25,24,1,0.96,1
ENHS_SYN_0522,Grade 10,Section B,2026-10-19,25,24,1,0.96,1
ENHS_SYN_0523,Grade 10,Section B,2026-08-03,25,24,1,0.96,1
ENHS_SYN_0523,Grade 10,Section B,2026-08-10,25,21,4,0.84,1
ENHS_SYN_0523,Grade 10,Section B,2026-08-17,25,20,5,0.8,1
ENHS_SYN_0523,Grade 10,Section B,2026-08-24,25,22,3,0.88,1
ENHS_SYN_0523,Grade 10,Section B,2026-08-31,25,23,2,0.92,1
ENHS_SYN_0523,Grade 10,Section B,2026-09-07,25,21,4,0.84,1
ENHS_SYN_0523,Grade 10,Section B,2026-09-14,25,22,3,0.88,1
ENHS_SYN_0523,Grade 10,Section B,2026-09-21,25,22,3,0.88,1
ENHS_SYN_0523,Grade 10,Section B,2026-09-28,25,21,4,0.84,1
ENHS_SYN_0523,Grade 10,Section B,2026-10-05,25,19,6,0.76,1
ENHS_SYN_0523,Grade 10,Section B,2026-10-12,25,17,8,0.68,1
ENHS_SYN_0523,Grade 10,Section B,2026-10-19,25,20,5,0.8,1
ENHS_SYN_0524,Grade 10,Section B,2026-08-03,25,18,7,0.72,1
ENHS_SYN_0524,Grade 10,Section B,2026-08-10,25,22,3,0.88,1
ENHS_SYN_0524,Grade 10,Section B,2026-08-17,25,24,1,0.96,1
ENHS_SYN_0524,Grade 10,Section B,2026-08-24,25,22,3,0.88,1
ENHS_SYN_0524,Grade 10,Section B,2026-08-31,25,20,5,0.8,1
ENHS_SYN_0524,Grade 10,Section B,2026-09-07,25,20,5,0.8,1
ENHS_SYN_0524,Grade 10,Section B,2026-09-14,25,23,2,0.92,1
ENHS_SYN_0524,Grade 10,Section B,2026-09-21,25,25,0,1.0,0
ENHS_SYN_0524,Grade 10,Section B,2026-09-28,25,23,2,0.92,1
ENHS_SYN_0524,Grade 10,Section B,2026-10-05,25,20,5,0.8,1
ENHS_SYN_0524,Grade 10,Section B,2026-10-12,25,17,8,0.68,1
ENHS_SYN_0524,Grade 10,Section B,2026-10-19,25,21,4,0.84,1
ENHS_SYN_0525,Grade 10,Section B,2026-08-03,25,24,1,0.96,1
ENHS_SYN_0525,Grade 10,Section B,2026-08-10,25,24,1,0.96,1
ENHS_SYN_0525,Grade 10,Section B,2026-08-17,25,23,2,0.92,1
ENHS_SYN_0525,Grade 10,Section B,2026-08-24,25,22,3,0.88,1
ENHS_SYN_0525,Grade 10,Section B,2026-08-31,25,24,1,0.96,1
ENHS_SYN_0525,Grade 10,Section B,2026-09-07,25,24,1,0.96,1
ENHS_SYN_0525,Grade 10,Section B,2026-09-14,25,21,4,0.84,1
ENHS_SYN_0525,Grade 10,Section B,2026-09-21,25,23,2,0.92,1
ENHS_SYN_0525,Grade 10,Section B,2026-09-28,25,23,2,0.92,1
ENHS_SYN_0525,Grade 10,Section B,2026-10-05,25,22,3,0.88,1
ENHS_SYN_0525,Grade 10,Section B,2026-10-12,25,23,2,0.92,1
ENHS_SYN_0525,Grade 10,Section B,2026-10-19,25,22,3,0.88,1
ENHS_SYN_0526,Grade 10,Section B,2026-08-03,25,21,4,0.84,1
ENHS_SYN_0526,Grade 10,Section B,2026-08-10,24,21,3,0.875,1
ENHS_SYN_0526,Grade 10,Section B,2026-08-17,25,21,4,0.84,1
ENHS_SYN_0526,Grade 10,Section B,2026-08-24,25,20,5,0.8,1
ENHS_SYN_0526,Grade 10,Section B,2026-08-31,25,20,5,0.8,1
ENHS_SYN_0526,Grade 10,Section B,2026-09-07,25,21,4,0.84,1
ENHS_SYN_0526,Grade 10,Section B,2026-09-14,25,20,5,0.8,1
ENHS_SYN_0526,Grade 10,Section B,2026-09-21,25,23,2,0.92,1
ENHS_SYN_0526,Grade 10,Section B,2026-09-28,25,22,3,0.88,1
ENHS_SYN_0526,Grade 10,Section B,2026-10-05,25,22,3,0.88,1
ENHS_SYN_0526,Grade 10,Section B,2026-10-12,25,24,1,0.96,1
ENHS_SYN_0526,Grade 10,Section B,2026-10-19,25,20,5,0.8,1
ENHS_SYN_0527,Grade 10,Section B,2026-08-03,25,20,5,0.8,1
ENHS_SYN_0527,Grade 10,Section B,2026-08-10,25,22,3,0.88,1
ENHS_SYN_0527,Grade 10,Section B,2026-08-17,25,20,5,0.8,1
ENHS_SYN_0527,Grade 10,Section B,2026-08-24,25,24,1,0.96,1
ENHS_SYN_0527,Grade 10,Section B,2026-08-31,25,23,2,0.92,1
ENHS_SYN_0527,Grade 10,Section B,2026-09-07,25,21,4,0.84,1
ENHS_SYN_0527,Grade 10,Section B,2026-09-14,25,19,6,0.76,1
ENHS_SYN_0527,Grade 10,Section B,2026-09-21,25,18,7,0.72,1
ENHS_SYN_0527,Grade 10,Section B,2026-09-28,25,20,5,0.8,1
ENHS_SYN_0527,Grade 10,Section B,2026-10-05,25,24,1,0.96,1
ENHS_SYN_0527,Grade 10,Section B,2026-10-12,25,22,3,0.88,1
ENHS_SYN_0527,Grade 10,Section B,2026-10-19,25,20,5,0.8,1
ENHS_SYN_0528,Grade 10,Section B,2026-08-03,25,21,4,0.84,1
ENHS_SYN_0528,Grade 10,Section B,2026-08-10,25,23,2,0.92,1
ENHS_SYN_0528,Grade 10,Section B,2026-08-17,25,22,3,0.88,1
ENHS_SYN_0528,Grade 10,Section B,2026-08-24,25,22,3,0.88,1
ENHS_SYN_0528,Grade 10,Section B,2026-08-31,25,19,6,0.76,1
ENHS_SYN_0528,Grade 10,Section B,2026-09-07,25,21,4,0.84,1
ENHS_SYN_0528,Grade 10,Section B,2026-09-14,25,24,1,0.96,1
ENHS_SYN_0528,Grade 10,Section B,2026-09-21,25,24,1,0.96,1
ENHS_SYN_0528,Grade 10,Section B,2026-09-28,25,22,3,0.88,1
ENHS_SYN_0528,Grade 10,Section B,2026-10-05,25,18,7,0.72,1
ENHS_SYN_0528,Grade 10,Section B,2026-10-12,25,21,4,0.84,1
ENHS_SYN_0528,Grade 10,Section B,2026-10-19,25,20,5,0.8,1
ENHS_SYN_0529,Grade 10,Section B,2026-08-03,25,25,0,1.0,0
ENHS_SYN_0529,Grade 10,Section B,2026-08-10,25,24,1,0.96,1
ENHS_SYN_0529,Grade 10,Section B,2026-08-17,25,25,0,1.0,0
ENHS_SYN_0529,Grade 10,Section B,2026-08-24,24,24,0,1.0,0
ENHS_SYN_0529,Grade 10,Section B,2026-08-31,25,25,0,1.0,0
ENHS_SYN_0529,Grade 10,Section B,2026-09-07,25,23,2,0.92,1
ENHS_SYN_0529,Grade 10,Section B,2026-09-14,25,24,1,0.96,1
ENHS_SYN_0529,Grade 10,Section B,2026-09-21,25,25,0,1.0,0
ENHS_SYN_0529,Grade 10,Section B,2026-09-28,25,24,1,0.96,1
ENHS_SYN_0529,Grade 10,Section B,2026-10-05,25,25,0,1.0,0
ENHS_SYN_0529,Grade 10,Section B,2026-10-12,25,25,0,1.0,0
ENHS_SYN_0529,Grade 10,Section B,2026-10-19,25,22,3,0.88,1
ENHS_SYN_0530,Grade 10,Section B,2026-08-03,25,21,4,0.84,1
ENHS_SYN_0530,Grade 10,Section B,2026-08-10,25,20,5,0.8,1
ENHS_SYN_0530,Grade 10,Section B,2026-08-17,25,20,5,0.8,1
ENHS_SYN_0530,Grade 10,Section B,2026-08-24,25,18,7,0.72,1
ENHS_SYN_0530,Grade 10,Section B,2026-08-31,25,23,2,0.92,1
ENHS_SYN_0530,Grade 10,Section B,2026-09-07,25,20,5,0.8,1
ENHS_SYN_0530,Grade 10,Section B,2026-09-14,25,23,2,0.92,1
ENHS_SYN_0530,Grade 10,Section B,2026-09-21,24,21,3,0.875,1
ENHS_SYN_0530,Grade 10,Section B,2026-09-28,25,20,5,0.8,1
ENHS_SYN_0530,Grade 10,Section B,2026-10-05,25,18,7,0.72,1
ENHS_SYN_0530,Grade 10,Section B,2026-10-12,25,21,4,0.84,1
ENHS_SYN_0530,Grade 10,Section B,2026-10-19,25,19,6,0.76,1
ENHS_SYN_0531,Grade 10,Section B,2026-08-03,25,25,0,1.0,0
ENHS_SYN_0531,Grade 10,Section B,2026-08-10,25,19,6,0.76,1
ENHS_SYN_0531,Grade 10,Section B,2026-08-17,25,21,4,0.84,1
ENHS_SYN_0531,Grade 10,Section B,2026-08-24,25,23,2,0.92,1
ENHS_SYN_0531,Grade 10,Section B,2026-08-31,25,17,8,0.68,1
ENHS_SYN_0531,Grade 10,Section B,2026-09-07,25,22,3,0.88,1
ENHS_SYN_0531,Grade 10,Section B,2026-09-14,25,19,6,0.76,1
ENHS_SYN_0531,Grade 10,Section B,2026-09-21,25,23,2,0.92,1
ENHS_SYN_0531,Grade 10,Section B,2026-09-28,25,22,3,0.88,1
ENHS_SYN_0531,Grade 10,Section B,2026-10-05,25,20,5,0.8,1
ENHS_SYN_0531,Grade 10,Section B,2026-10-12,25,24,1,0.96,1
ENHS_SYN_0531,Grade 10,Section B,2026-10-19,25,23,2,0.92,1
ENHS_SYN_0532,Grade 10,Section B,2026-08-03,25,23,2,0.92,1
ENHS_SYN_0532,Grade 10,Section B,2026-08-10,25,23,2,0.92,1
ENHS_SYN_0532,Grade 10,Section B,2026-08-17,25,24,1,0.96,1
ENHS_SYN_0532,Grade 10,Section B,2026-08-24,25,21,4,0.84,1
ENHS_SYN_0532,Grade 10,Section B,2026-08-31,25,23,2,0.92,1
ENHS_SYN_0532,Grade 10,Section B,2026-09-07,25,24,1,0.96,1
ENHS_SYN_0532,Grade 10,Section B,2026-09-14,25,24,1,0.96,1
ENHS_SYN_0532,Grade 10,Section B,2026-09-21,25,22,3,0.88,1
ENHS_SYN_0532,Grade 10,Section B,2026-09-28,25,25,0,1.0,0
ENHS_SYN_0532,Grade 10,Section B,2026-10-05,24,22,2,0.9167,1
ENHS_SYN_0532,Grade 10,Section B,2026-10-12,25,25,0,1.0,0
ENHS_SYN_0532,Grade 10,Section B,2026-10-19,25,22,3,0.88,1
ENHS_SYN_0533,Grade 10,Section B,2026-08-03,25,18,7,0.72,1
ENHS_SYN_0533,Grade 10,Section B,2026-08-10,25,22,3,0.88,1
ENHS_SYN_0533,Grade 10,Section B,2026-08-17,25,15,10,0.6,1
ENHS_SYN_0533,Grade 10,Section B,2026-08-24,25,20,5,0.8,1
ENHS_SYN_0533,Grade 10,Section B,2026-08-31,25,20,5,0.8,1
ENHS_SYN_0533,Grade 10,Section B,2026-09-07,25,22,3,0.88,1
ENHS_SYN_0533,Grade 10,Section B,2026-09-14,25,18,7,0.72,1
ENHS_SYN_0533,Grade 10,Section B,2026-09-21,25,22,3,0.88,1
ENHS_SYN_0533,Grade 10,Section B,2026-09-28,25,19,6,0.76,1
ENHS_SYN_0533,Grade 10,Section B,2026-10-05,25,21,4,0.84,1
ENHS_SYN_0533,Grade 10,Section B,2026-10-12,25,17,8,0.68,1
ENHS_SYN_0533,Grade 10,Section B,2026-10-19,25,22,3,0.88,1
ENHS_SYN_0534,Grade 10,Section B,2026-08-03,25,17,8,0.68,1
ENHS_SYN_0534,Grade 10,Section B,2026-08-10,25,20,5,0.8,1
ENHS_SYN_0534,Grade 10,Section B,2026-08-17,25,22,3,0.88,1
ENHS_SYN_0534,Grade 10,Section B,2026-08-24,25,21,4,0.84,1
ENHS_SYN_0534,Grade 10,Section B,2026-08-31,25,21,4,0.84,1
ENHS_SYN_0534,Grade 10,Section B,2026-09-07,25,22,3,0.88,1
ENHS_SYN_0534,Grade 10,Section B,2026-09-14,25,21,4,0.84,1
ENHS_SYN_0534,Grade 10,Section B,2026-09-21,25,22,3,0.88,1
ENHS_SYN_0534,Grade 10,Section B,2026-09-28,25,23,2,0.92,1
ENHS_SYN_0534,Grade 10,Section B,2026-10-05,25,18,7,0.72,1
ENHS_SYN_0534,Grade 10,Section B,2026-10-12,25,20,5,0.8,1
ENHS_SYN_0534,Grade 10,Section B,2026-10-19,25,19,6,0.76,1
ENHS_SYN_0535,Grade 10,Section B,2026-08-03,25,18,7,0.72,1
ENHS_SYN_0535,Grade 10,Section B,2026-08-10,25,25,0,1.0,0
ENHS_SYN_0535,Grade 10,Section B,2026-08-17,25,21,4,0.84,1
ENHS_SYN_0535,Grade 10,Section B,2026-08-24,25,23,2,0.92,1
ENHS_SYN_0535,Grade 10,Section B,2026-08-31,25,22,3,0.88,1
ENHS_SYN_0535,Grade 10,Section B,2026-09-07,25,20,5,0.8,1
ENHS_SYN_0535,Grade 10,Section B,2026-09-14,25,23,2,0.92,1
ENHS_SYN_0535,Grade 10,Section B,2026-09-21,25,24,1,0.96,1
ENHS_SYN_0535,Grade 10,Section B,2026-09-28,25,21,4,0.84,1
ENHS_SYN_0535,Grade 10,Section B,2026-10-05,25,17,8,0.68,1
ENHS_SYN_0535,Grade 10,Section B,2026-10-12,25,20,5,0.8,1
ENHS_SYN_0535,Grade 10,Section B,2026-10-19,25,24,1,0.96,1
ENHS_SYN_0536,Grade 10,Section B,2026-08-03,25,24,1,0.96,1
ENHS_SYN_0536,Grade 10,Section B,2026-08-10,25,25,0,1.0,0
ENHS_SYN_0536,Grade 10,Section B,2026-08-17,25,25,0,1.0,0
ENHS_SYN_0536,Grade 10,Section B,2026-08-24,25,25,0,1.0,0
ENHS_SYN_0536,Grade 10,Section B,2026-08-31,25,24,1,0.96,1
ENHS_SYN_0536,Grade 10,Section B,2026-09-07,25,25,0,1.0,0
ENHS_SYN_0536,Grade 10,Section B,2026-09-14,25,24,1,0.96,1
ENHS_SYN_0536,Grade 10,Section B,2026-09-21,25,24,1,0.96,1
ENHS_SYN_0536,Grade 10,Section B,2026-09-28,25,25,0,1.0,0
ENHS_SYN_0536,Grade 10,Section B,2026-10-05,25,24,1,0.96,1
ENHS_SYN_0536,Grade 10,Section B,2026-10-12,25,25,0,1.0,0
ENHS_SYN_0536,Grade 10,Section B,2026-10-19,25,25,0,1.0,0
ENHS_SYN_0537,Grade 10,Section B,2026-08-03,25,20,5,0.8,1
ENHS_SYN_0537,Grade 10,Section B,2026-08-10,25,21,4,0.84,1
ENHS_SYN_0537,Grade 10,Section B,2026-08-17,25,19,6,0.76,1
ENHS_SYN_0537,Grade 10,Section B,2026-08-24,25,19,6,0.76,1
ENHS_SYN_0537,Grade 10,Section B,2026-08-31,25,21,4,0.84,1
ENHS_SYN_0537,Grade 10,Section B,2026-09-07,25,22,3,0.88,1
ENHS_SYN_0537,Grade 10,Section B,2026-09-14,25,21,4,0.84,1
ENHS_SYN_0537,Grade 10,Section B,2026-09-21,25,20,5,0.8,1
ENHS_SYN_0537,Grade 10,Section B,2026-09-28,25,23,2,0.92,1
ENHS_SYN_0537,Grade 10,Section B,2026-10-05,25,17,8,0.68,1
ENHS_SYN_0537,Grade 10,Section B,2026-10-12,25,17,8,0.68,1
ENHS_SYN_0537,Grade 10,Section B,2026-10-19,25,21,4,0.84,1
ENHS_SYN_0538,Grade 10,Section B,2026-08-03,25,21,4,0.84,1
ENHS_SYN_0538,Grade 10,Section B,2026-08-10,25,23,2,0.92,1
ENHS_SYN_0538,Grade 10,Section B,2026-08-17,25,21,4,0.84,1
ENHS_SYN_0538,Grade 10,Section B,2026-08-24,25,22,3,0.88,1
ENHS_SYN_0538,Grade 10,Section B,2026-08-31,25,24,1,0.96,1
ENHS_SYN_0538,Grade 10,Section B,2026-09-07,25,21,4,0.84,1
ENHS_SYN_0538,Grade 10,Section B,2026-09-14,25,20,5,0.8,1
ENHS_SYN_0538,Grade 10,Section B,2026-09-21,25,23,2,0.92,1
ENHS_SYN_0538,Grade 10,Section B,2026-09-28,25,23,2,0.92,1
ENHS_SYN_0538,Grade 10,Section B,2026-10-05,25,25,0,1.0,0
ENHS_SYN_0538,Grade 10,Section B,2026-10-12,25,23,2,0.92,1
ENHS_SYN_0538,Grade 10,Section B,2026-10-19,25,24,1,0.96,1
ENHS_SYN_0539,Grade 10,Section B,2026-08-03,25,19,6,0.76,1
ENHS_SYN_0539,Grade 10,Section B,2026-08-10,25,21,4,0.84,1
ENHS_SYN_0539,Grade 10,Section B,2026-08-17,25,23,2,0.92,1
ENHS_SYN_0539,Grade 10,Section B,2026-08-24,25,18,7,0.72,1
ENHS_SYN_0539,Grade 10,Section B,2026-08-31,25,19,6,0.76,1
ENHS_SYN_0539,Grade 10,Section B,2026-09-07,25,20,5,0.8,1
ENHS_SYN_0539,Grade 10,Section B,2026-09-14,25,15,10,0.6,1
ENHS_SYN_0539,Grade 10,Section B,2026-09-21,25,18,7,0.72,1
ENHS_SYN_0539,Grade 10,Section B,2026-09-28,25,21,4,0.84,1
ENHS_SYN_0539,Grade 10,Section B,2026-10-05,25,16,9,0.64,1
ENHS_SYN_0539,Grade 10,Section B,2026-10-12,25,20,5,0.8,1
ENHS_SYN_0539,Grade 10,Section B,2026-10-19,24,19,5,0.7917,1
ENHS_SYN_0540,Grade 10,Section B,2026-08-03,25,25,0,1.0,0
ENHS_SYN_0540,Grade 10,Section B,2026-08-10,25,24,1,0.96,1
ENHS_SYN_0540,Grade 10,Section B,2026-08-17,25,22,3,0.88,1
ENHS_SYN_0540,Grade 10,Section B,2026-08-24,25,24,1,0.96,1
ENHS_SYN_0540,Grade 10,Section B,2026-08-31,25,25,0,1.0,0
ENHS_SYN_0540,Grade 10,Section B,2026-09-07,25,24,1,0.96,1
ENHS_SYN_0540,Grade 10,Section B,2026-09-14,25,21,4,0.84,1
ENHS_SYN_0540,Grade 10,Section B,2026-09-21,25,23,2,0.92,1
ENHS_SYN_0540,Grade 10,Section B,2026-09-28,25,24,1,0.96,1
ENHS_SYN_0540,Grade 10,Section B,2026-10-05,25,21,4,0.84,1
ENHS_SYN_0540,Grade 10,Section B,2026-10-12,25,23,2,0.92,1
ENHS_SYN_0540,Grade 10,Section B,2026-10-19,25,25,0,1.0,0
ENHS_SYN_0541,Grade 10,Section B,2026-08-03,25,25,0,1.0,0
ENHS_SYN_0541,Grade 10,Section B,2026-08-10,25,24,1,0.96,1
ENHS_SYN_0541,Grade 10,Section B,2026-08-17,25,23,2,0.92,1
ENHS_SYN_0541,Grade 10,Section B,2026-08-24,25,24,1,0.96,1
ENHS_SYN_0541,Grade 10,Section B,2026-08-31,25,24,1,0.96,1
ENHS_SYN_0541,Grade 10,Section B,2026-09-07,25,24,1,0.96,1
ENHS_SYN_0541,Grade 10,Section B,2026-09-14,25,24,1,0.96,1
ENHS_SYN_0541,Grade 10,Section B,2026-09-21,24,24,0,1.0,0
ENHS_SYN_0541,Grade 10,Section B,2026-09-28,25,22,3,0.88,1
ENHS_SYN_0541,Grade 10,Section B,2026-10-05,25,25,0,1.0,0
ENHS_SYN_0541,Grade 10,Section B,2026-10-12,25,23,2,0.92,1
ENHS_SYN_0541,Grade 10,Section B,2026-10-19,24,22,2,0.9167,1
ENHS_SYN_0542,Grade 10,Section B,2026-08-03,25,20,5,0.8,1
ENHS_SYN_0542,Grade 10,Section B,2026-08-10,25,15,10,0.6,1
ENHS_SYN_0542,Grade 10,Section B,2026-08-17,25,21,4,0.84,1
ENHS_SYN_0542,Grade 10,Section B,2026-08-24,25,21,4,0.84,1
ENHS_SYN_0542,Grade 10,Section B,2026-08-31,25,20,5,0.8,1
ENHS_SYN_0542,Grade 10,Section B,2026-09-07,25,17,8,0.68,1
ENHS_SYN_0542,Grade 10,Section B,2026-09-14,24,19,5,0.7917,1
ENHS_SYN_0542,Grade 10,Section B,2026-09-21,25,17,8,0.68,1
ENHS_SYN_0542,Grade 10,Section B,2026-09-28,25,17,8,0.68,1
ENHS_SYN_0542,Grade 10,Section B,2026-10-05,25,21,4,0.84,1
ENHS_SYN_0542,Grade 10,Section B,2026-10-12,25,21,4,0.84,1
ENHS_SYN_0542,Grade 10,Section B,2026-10-19,25,18,7,0.72,1
ENHS_SYN_0543,Grade 10,Section B,2026-08-03,25,23,2,0.92,1
ENHS_SYN_0543,Grade 10,Section B,2026-08-10,25,21,4,0.84,1
ENHS_SYN_0543,Grade 10,Section B,2026-08-17,25,23,2,0.92,1
ENHS_SYN_0543,Grade 10,Section B,2026-08-24,25,24,1,0.96,1
ENHS_SYN_0543,Grade 10,Section B,2026-08-31,25,22,3,0.88,1
ENHS_SYN_0543,Grade 10,Section B,2026-09-07,25,22,3,0.88,1
ENHS_SYN_0543,Grade 10,Section B,2026-09-14,25,21,4,0.84,1
ENHS_SYN_0543,Grade 10,Section B,2026-09-21,25,23,2,0.92,1
ENHS_SYN_0543,Grade 10,Section B,2026-09-28,25,25,0,1.0,0
ENHS_SYN_0543,Grade 10,Section B,2026-10-05,25,24,1,0.96,1
ENHS_SYN_0543,Grade 10,Section B,2026-10-12,25,24,1,0.96,1
ENHS_SYN_0543,Grade 10,Section B,2026-10-19,25,24,1,0.96,1
ENHS_SYN_0544,Grade 10,Section B,2026-08-03,25,21,4,0.84,1
ENHS_SYN_0544,Grade 10,Section B,2026-08-10,25,19,6,0.76,1
ENHS_SYN_0544,Grade 10,Section B,2026-08-17,25,21,4,0.84,1
ENHS_SYN_0544,Grade 10,Section B,2026-08-24,25,19,6,0.76,1
ENHS_SYN_0544,Grade 10,Section B,2026-08-31,25,20,5,0.8,1
ENHS_SYN_0544,Grade 10,Section B,2026-09-07,25,22,3,0.88,1
ENHS_SYN_0544,Grade 10,Section B,2026-09-14,25,23,2,0.92,1
ENHS_SYN_0544,Grade 10,Section B,2026-09-21,25,21,4,0.84,1
ENHS_SYN_0544,Grade 10,Section B,2026-09-28,25,21,4,0.84,1
ENHS_SYN_0544,Grade 10,Section B,2026-10-05,25,18,7,0.72,1
ENHS_SYN_0544,Grade 10,Section B,2026-10-12,25,20,5,0.8,1
ENHS_SYN_0544,Grade 10,Section B,2026-10-19,25,20,5,0.8,1
ENHS_SYN_0545,Grade 10,Section B,2026-08-03,25,23,2,0.92,1
ENHS_SYN_0545,Grade 10,Section B,2026-08-10,25,24,1,0.96,1
ENHS_SYN_0545,Grade 10,Section B,2026-08-17,25,21,4,0.84,1
ENHS_SYN_0545,Grade 10,Section B,2026-08-24,25,23,2,0.92,1
ENHS_SYN_0545,Grade 10,Section B,2026-08-31,25,24,1,0.96,1
ENHS_SYN_0545,Grade 10,Section B,2026-09-07,25,22,3,0.88,1
ENHS_SYN_0545,Grade 10,Section B,2026-09-14,25,21,4,0.84,1
ENHS_SYN_0545,Grade 10,Section B,2026-09-21,25,21,4,0.84,1
ENHS_SYN_0545,Grade 10,Section B,2026-09-28,25,20,5,0.8,1
ENHS_SYN_0545,Grade 10,Section B,2026-10-05,25,22,3,0.88,1
ENHS_SYN_0545,Grade 10,Section B,2026-10-12,25,22,3,0.88,1
ENHS_SYN_0545,Grade 10,Section B,2026-10-19,25,22,3,0.88,1
ENHS_SYN_0546,Grade 10,Section B,2026-08-03,25,24,1,0.96,1
ENHS_SYN_0546,Grade 10,Section B,2026-08-10,25,24,1,0.96,1
ENHS_SYN_0546,Grade 10,Section B,2026-08-17,25,24,1,0.96,1
ENHS_SYN_0546,Grade 10,Section B,2026-08-24,25,23,2,0.92,1
ENHS_SYN_0546,Grade 10,Section B,2026-08-31,25,22,3,0.88,1
ENHS_SYN_0546,Grade 10,Section B,2026-09-07,25,24,1,0.96,1
ENHS_SYN_0546,Grade 10,Section B,2026-09-14,25,23,2,0.92,1
ENHS_SYN_0546,Grade 10,Section B,2026-09-21,25,22,3,0.88,1
ENHS_SYN_0546,Grade 10,Section B,2026-09-28,25,24,1,0.96,1
ENHS_SYN_0546,Grade 10,Section B,2026-10-05,25,22,3,0.88,1
ENHS_SYN_0546,Grade 10,Section B,2026-10-12,25,25,0,1.0,0
ENHS_SYN_0546,Grade 10,Section B,2026-10-19,25,21,4,0.84,1
ENHS_SYN_0547,Grade 10,Section B,2026-08-03,25,25,0,1.0,0
ENHS_SYN_0547,Grade 10,Section B,2026-08-10,25,24,1,0.96,1
ENHS_SYN_0547,Grade 10,Section B,2026-08-17,25,23,2,0.92,1
ENHS_SYN_0547,Grade 10,Section B,2026-08-24,25,24,1,0.96,1
ENHS_SYN_0547,Grade 10,Section B,2026-08-31,25,24,1,0.96,1
ENHS_SYN_0547,Grade 10,Section B,2026-09-07,25,25,0,1.0,0
ENHS_SYN_0547,Grade 10,Section B,2026-09-14,25,22,3,0.88,1
ENHS_SYN_0547,Grade 10,Section B,2026-09-21,25,24,1,0.96,1
ENHS_SYN_0547,Grade 10,Section B,2026-09-28,25,23,2,0.92,1
ENHS_SYN_0547,Grade 10,Section B,2026-10-05,25,25,0,1.0,0
ENHS_SYN_0547,Grade 10,Section B,2026-10-12,25,24,1,0.96,1
ENHS_SYN_0547,Grade 10,Section B,2026-10-19,25,24,1,0.96,1
ENHS_SYN_0548,Grade 10,Section B,2026-08-03,24,23,1,0.9583,1
ENHS_SYN_0548,Grade 10,Section B,2026-08-10,25,25,0,1.0,0
ENHS_SYN_0548,Grade 10,Section B,2026-08-17,25,23,2,0.92,1
ENHS_SYN_0548,Grade 10,Section B,2026-08-24,25,25,0,1.0,0
ENHS_SYN_0548,Grade 10,Section B,2026-08-31,25,23,2,0.92,1
ENHS_SYN_0548,Grade 10,Section B,2026-09-07,25,23,2,0.92,1
ENHS_SYN_0548,Grade 10,Section B,2026-09-14,25,23,2,0.92,1
ENHS_SYN_0548,Grade 10,Section B,2026-09-21,25,23,2,0.92,1
ENHS_SYN_0548,Grade 10,Section B,2026-09-28,25,24,1,0.96,1
ENHS_SYN_0548,Grade 10,Section B,2026-10-05,25,24,1,0.96,1
ENHS_SYN_0548,Grade 10,Section B,2026-10-12,25,25,0,1.0,0
ENHS_SYN_0548,Grade 10,Section B,2026-10-19,25,25,0,1.0,0
ENHS_SYN_0549,Grade 10,Section B,2026-08-03,25,22,3,0.88,1
ENHS_SYN_0549,Grade 10,Section B,2026-08-10,25,23,2,0.92,1
ENHS_SYN_0549,Grade 10,Section B,2026-08-17,25,21,4,0.84,1
ENHS_SYN_0549,Grade 10,Section B,2026-08-24,25,23,2,0.92,1
ENHS_SYN_0549,Grade 10,Section B,2026-08-31,24,24,0,1.0,0
ENHS_SYN_0549,Grade 10,Section B,2026-09-07,25,24,1,0.96,1
ENHS_SYN_0549,Grade 10,Section B,2026-09-14,25,25,0,1.0,0
ENHS_SYN_0549,Grade 10,Section B,2026-09-21,25,24,1,0.96,1
ENHS_SYN_0549,Grade 10,Section B,2026-09-28,25,23,2,0.92,1
ENHS_SYN_0549,Grade 10,Section B,2026-10-05,25,22,3,0.88,1
ENHS_SYN_0549,Grade 10,Section B,2026-10-12,25,24,1,0.96,1
ENHS_SYN_0549,Grade 10,Section B,2026-10-19,25,24,1,0.96,1
ENHS_SYN_0550,Grade 10,Section B,2026-08-03,25,23,2,0.92,1
ENHS_SYN_0550,Grade 10,Section B,2026-08-10,25,20,5,0.8,1
ENHS_SYN_0550,Grade 10,Section B,2026-08-17,25,20,5,0.8,1
ENHS_SYN_0550,Grade 10,Section B,2026-08-24,25,22,3,0.88,1
ENHS_SYN_0550,Grade 10,Section B,2026-08-31,25,18,7,0.72,1
ENHS_SYN_0550,Grade 10,Section B,2026-09-07,25,18,7,0.72,1
ENHS_SYN_0550,Grade 10,Section B,2026-09-14,25,20,5,0.8,1
ENHS_SYN_0550,Grade 10,Section B,2026-09-21,25,18,7,0.72,1
ENHS_SYN_0550,Grade 10,Section B,2026-09-28,25,23,2,0.92,1
ENHS_SYN_0550,Grade 10,Section B,2026-10-05,25,18,7,0.72,1
ENHS_SYN_0550,Grade 10,Section B,2026-10-12,25,20,5,0.8,1
ENHS_SYN_0550,Grade 10,Section B,2026-10-19,25,21,4,0.84,1
ENHS_SYN_0551,Grade 10,Section C,2026-08-03,25,21,4,0.84,1
ENHS_SYN_0551,Grade 10,Section C,2026-08-10,25,20,5,0.8,1
ENHS_SYN_0551,Grade 10,Section C,2026-08-17,25,19,6,0.76,1
ENHS_SYN_0551,Grade 10,Section C,2026-08-24,25,22,3,0.88,1
ENHS_SYN_0551,Grade 10,Section C,2026-08-31,25,21,4,0.84,1
ENHS_SYN_0551,Grade 10,Section C,2026-09-07,25,23,2,0.92,1
ENHS_SYN_0551,Grade 10,Section C,2026-09-14,25,21,4,0.84,1
ENHS_SYN_0551,Grade 10,Section C,2026-09-21,25,22,3,0.88,1
ENHS_SYN_0551,Grade 10,Section C,2026-09-28,25,20,5,0.8,1
ENHS_SYN_0551,Grade 10,Section C,2026-10-05,25,21,4,0.84,1
ENHS_SYN_0551,Grade 10,Section C,2026-10-12,25,24,1,0.96,1
ENHS_SYN_0551,Grade 10,Section C,2026-10-19,25,22,3,0.88,1
ENHS_SYN_0552,Grade 10,Section C,2026-08-03,25,25,0,1.0,0
ENHS_SYN_0552,Grade 10,Section C,2026-08-10,25,24,1,0.96,1
ENHS_SYN_0552,Grade 10,Section C,2026-08-17,24,22,2,0.9167,1
ENHS_SYN_0552,Grade 10,Section C,2026-08-24,25,25,0,1.0,0
ENHS_SYN_0552,Grade 10,Section C,2026-08-31,25,24,1,0.96,1
ENHS_SYN_0552,Grade 10,Section C,2026-09-07,25,23,2,0.92,1
ENHS_SYN_0552,Grade 10,Section C,2026-09-14,25,24,1,0.96,1
ENHS_SYN_0552,Grade 10,Section C,2026-09-21,25,24,1,0.96,1
ENHS_SYN_0552,Grade 10,Section C,2026-09-28,25,25,0,1.0,0
ENHS_SYN_0552,Grade 10,Section C,2026-10-05,25,25,0,1.0,0
ENHS_SYN_0552,Grade 10,Section C,2026-10-12,25,24,1,0.96,1
ENHS_SYN_0552,Grade 10,Section C,2026-10-19,25,25,0,1.0,0
ENHS_SYN_0553,Grade 10,Section C,2026-08-03,25,25,0,1.0,0
ENHS_SYN_0553,Grade 10,Section C,2026-08-10,24,23,1,0.9583,1
ENHS_SYN_0553,Grade 10,Section C,2026-08-17,25,24,1,0.96,1
ENHS_SYN_0553,Grade 10,Section C,2026-08-24,25,25,0,1.0,0
ENHS_SYN_0553,Grade 10,Section C,2026-08-31,25,25,0,1.0,0
ENHS_SYN_0553,Grade 10,Section C,2026-09-07,25,25,0,1.0,0
ENHS_SYN_0553,Grade 10,Section C,2026-09-14,25,24,1,0.96,1
ENHS_SYN_0553,Grade 10,Section C,2026-09-21,25,24,1,0.96,1
ENHS_SYN_0553,Grade 10,Section C,2026-09-28,25,25,0,1.0,0
ENHS_SYN_0553,Grade 10,Section C,2026-10-05,25,23,2,0.92,1
ENHS_SYN_0553,Grade 10,Section C,2026-10-12,25,24,1,0.96,1
ENHS_SYN_0553,Grade 10,Section C,2026-10-19,25,24,1,0.96,1
ENHS_SYN_0554,Grade 10,Section C,2026-08-03,25,22,3,0.88,1
ENHS_SYN_0554,Grade 10,Section C,2026-08-10,25,24,1,0.96,1
ENHS_SYN_0554,Grade 10,Section C,2026-08-17,25,24,1,0.96,1
ENHS_SYN_0554,Grade 10,Section C,2026-08-24,25,25,0,1.0,0
ENHS_SYN_0554,Grade 10,Section C,2026-08-31,25,25,0,1.0,0
ENHS_SYN_0554,Grade 10,Section C,2026-09-07,25,23,2,0.92,1
ENHS_SYN_0554,Grade 10,Section C,2026-09-14,25,23,2,0.92,1
ENHS_SYN_0554,Grade 10,Section C,2026-09-21,25,25,0,1.0,0
ENHS_SYN_0554,Grade 10,Section C,2026-09-28,25,24,1,0.96,1
ENHS_SYN_0554,Grade 10,Section C,2026-10-05,25,24,1,0.96,1
ENHS_SYN_0554,Grade 10,Section C,2026-10-12,25,25,0,1.0,0
ENHS_SYN_0554,Grade 10,Section C,2026-10-19,25,25,0,1.0,0
ENHS_SYN_0555,Grade 10,Section C,2026-08-03,25,23,2,0.92,1
ENHS_SYN_0555,Grade 10,Section C,2026-08-10,25,23,2,0.92,1
ENHS_SYN_0555,Grade 10,Section C,2026-08-17,25,24,1,0.96,1
ENHS_SYN_0555,Grade 10,Section C,2026-08-24,25,22,3,0.88,1
ENHS_SYN_0555,Grade 10,Section C,2026-08-31,25,23,2,0.92,1
ENHS_SYN_0555,Grade 10,Section C,2026-09-07,25,23,2,0.92,1
ENHS_SYN_0555,Grade 10,Section C,2026-09-14,25,22,3,0.88,1
ENHS_SYN_0555,Grade 10,Section C,2026-09-21,25,23,2,0.92,1
ENHS_SYN_0555,Grade 10,Section C,2026-09-28,25,25,0,1.0,0
ENHS_SYN_0555,Grade 10,Section C,2026-10-05,25,24,1,0.96,1
ENHS_SYN_0555,Grade 10,Section C,2026-10-12,25,23,2,0.92,1
ENHS_SYN_0555,Grade 10,Section C,2026-10-19,25,25,0,1.0,0
ENHS_SYN_0556,Grade 10,Section C,2026-08-03,25,25,0,1.0,0
ENHS_SYN_0556,Grade 10,Section C,2026-08-10,25,24,1,0.96,1
ENHS_SYN_0556,Grade 10,Section C,2026-08-17,25,25,0,1.0,0
ENHS_SYN_0556,Grade 10,Section C,2026-08-24,25,25,0,1.0,0
ENHS_SYN_0556,Grade 10,Section C,2026-08-31,25,25,0,1.0,0
ENHS_SYN_0556,Grade 10,Section C,2026-09-07,25,24,1,0.96,1
ENHS_SYN_0556,Grade 10,Section C,2026-09-14,25,24,1,0.96,1
ENHS_SYN_0556,Grade 10,Section C,2026-09-21,25,24,1,0.96,1
ENHS_SYN_0556,Grade 10,Section C,2026-09-28,25,24,1,0.96,1
ENHS_SYN_0556,Grade 10,Section C,2026-10-05,25,25,0,1.0,0
ENHS_SYN_0556,Grade 10,Section C,2026-10-12,25,25,0,1.0,0
ENHS_SYN_0556,Grade 10,Section C,2026-10-19,25,24,1,0.96,1
ENHS_SYN_0557,Grade 10,Section C,2026-08-03,25,20,5,0.8,1
ENHS_SYN_0557,Grade 10,Section C,2026-08-10,25,21,4,0.84,1
ENHS_SYN_0557,Grade 10,Section C,2026-08-17,25,23,2,0.92,1
ENHS_SYN_0557,Grade 10,Section C,2026-08-24,25,23,2,0.92,1
ENHS_SYN_0557,Grade 10,Section C,2026-08-31,25,21,4,0.84,1
ENHS_SYN_0557,Grade 10,Section C,2026-09-07,25,21,4,0.84,1
ENHS_SYN_0557,Grade 10,Section C,2026-09-14,25,22,3,0.88,1
ENHS_SYN_0557,Grade 10,Section C,2026-09-21,25,24,1,0.96,1
ENHS_SYN_0557,Grade 10,Section C,2026-09-28,25,18,7,0.72,1
ENHS_SYN_0557,Grade 10,Section C,2026-10-05,25,22,3,0.88,1
ENHS_SYN_0557,Grade 10,Section C,2026-10-12,25,23,2,0.92,1
ENHS_SYN_0557,Grade 10,Section C,2026-10-19,25,22,3,0.88,1
ENHS_SYN_0558,Grade 10,Section C,2026-08-03,24,23,1,0.9583,1
ENHS_SYN_0558,Grade 10,Section C,2026-08-10,25,21,4,0.84,1
ENHS_SYN_0558,Grade 10,Section C,2026-08-17,25,20,5,0.8,1
ENHS_SYN_0558,Grade 10,Section C,2026-08-24,25,21,4,0.84,1
ENHS_SYN_0558,Grade 10,Section C,2026-08-31,25,22,3,0.88,1
ENHS_SYN_0558,Grade 10,Section C,2026-09-07,25,22,3,0.88,1
ENHS_SYN_0558,Grade 10,Section C,2026-09-14,25,22,3,0.88,1
ENHS_SYN_0558,Grade 10,Section C,2026-09-21,25,24,1,0.96,1
ENHS_SYN_0558,Grade 10,Section C,2026-09-28,25,22,3,0.88,1
ENHS_SYN_0558,Grade 10,Section C,2026-10-05,25,21,4,0.84,1
ENHS_SYN_0558,Grade 10,Section C,2026-10-12,25,20,5,0.8,1
ENHS_SYN_0558,Grade 10,Section C,2026-10-19,25,23,2,0.92,1
ENHS_SYN_0559,Grade 10,Section C,2026-08-03,25,25,0,1.0,0
ENHS_SYN_0559,Grade 10,Section C,2026-08-10,25,25,0,1.0,0
ENHS_SYN_0559,Grade 10,Section C,2026-08-17,25,25,0,1.0,0
ENHS_SYN_0559,Grade 10,Section C,2026-08-24,25,24,1,0.96,1
ENHS_SYN_0559,Grade 10,Section C,2026-08-31,25,25,0,1.0,0
ENHS_SYN_0559,Grade 10,Section C,2026-09-07,25,25,0,1.0,0
ENHS_SYN_0559,Grade 10,Section C,2026-09-14,25,25,0,1.0,0
ENHS_SYN_0559,Grade 10,Section C,2026-09-21,25,23,2,0.92,1
ENHS_SYN_0559,Grade 10,Section C,2026-09-28,25,25,0,1.0,0
ENHS_SYN_0559,Grade 10,Section C,2026-10-05,25,25,0,1.0,0
ENHS_SYN_0559,Grade 10,Section C,2026-10-12,25,24,1,0.96,1
ENHS_SYN_0559,Grade 10,Section C,2026-10-19,25,25,0,1.0,0
ENHS_SYN_0560,Grade 10,Section C,2026-08-03,25,21,4,0.84,1
ENHS_SYN_0560,Grade 10,Section C,2026-08-10,25,22,3,0.88,1
ENHS_SYN_0560,Grade 10,Section C,2026-08-17,25,22,3,0.88,1
ENHS_SYN_0560,Grade 10,Section C,2026-08-24,25,23,2,0.92,1
ENHS_SYN_0560,Grade 10,Section C,2026-08-31,25,23,2,0.92,1
ENHS_SYN_0560,Grade 10,Section C,2026-09-07,25,22,3,0.88,1
ENHS_SYN_0560,Grade 10,Section C,2026-09-14,25,19,6,0.76,1
ENHS_SYN_0560,Grade 10,Section C,2026-09-21,25,21,4,0.84,1
ENHS_SYN_0560,Grade 10,Section C,2026-09-28,24,19,5,0.7917,1
ENHS_SYN_0560,Grade 10,Section C,2026-10-05,25,24,1,0.96,1
ENHS_SYN_0560,Grade 10,Section C,2026-10-12,25,20,5,0.8,1
ENHS_SYN_0560,Grade 10,Section C,2026-10-19,25,18,7,0.72,1
ENHS_SYN_0561,Grade 10,Section C,2026-08-03,25,24,1,0.96,1
ENHS_SYN_0561,Grade 10,Section C,2026-08-10,25,20,5,0.8,1
ENHS_SYN_0561,Grade 10,Section C,2026-08-17,25,20,5,0.8,1
ENHS_SYN_0561,Grade 10,Section C,2026-08-24,25,20,5,0.8,1
ENHS_SYN_0561,Grade 10,Section C,2026-08-31,25,22,3,0.88,1
ENHS_SYN_0561,Grade 10,Section C,2026-09-07,25,18,7,0.72,1
ENHS_SYN_0561,Grade 10,Section C,2026-09-14,25,21,4,0.84,1
ENHS_SYN_0561,Grade 10,Section C,2026-09-21,25,21,4,0.84,1
ENHS_SYN_0561,Grade 10,Section C,2026-09-28,25,19,6,0.76,1
ENHS_SYN_0561,Grade 10,Section C,2026-10-05,25,16,9,0.64,1
ENHS_SYN_0561,Grade 10,Section C,2026-10-12,25,23,2,0.92,1
ENHS_SYN_0561,Grade 10,Section C,2026-10-19,25,17,8,0.68,1
ENHS_SYN_0562,Grade 10,Section C,2026-08-03,25,18,7,0.72,1
ENHS_SYN_0562,Grade 10,Section C,2026-08-10,25,18,7,0.72,1
ENHS_SYN_0562,Grade 10,Section C,2026-08-17,25,19,6,0.76,1
ENHS_SYN_0562,Grade 10,Section C,2026-08-24,25,20,5,0.8,1
ENHS_SYN_0562,Grade 10,Section C,2026-08-31,25,20,5,0.8,1
ENHS_SYN_0562,Grade 10,Section C,2026-09-07,25,19,6,0.76,1
ENHS_SYN_0562,Grade 10,Section C,2026-09-14,25,20,5,0.8,1
ENHS_SYN_0562,Grade 10,Section C,2026-09-21,25,17,8,0.68,1
ENHS_SYN_0562,Grade 10,Section C,2026-09-28,25,18,7,0.72,1
ENHS_SYN_0562,Grade 10,Section C,2026-10-05,25,18,7,0.72,1
ENHS_SYN_0562,Grade 10,Section C,2026-10-12,25,21,4,0.84,1
ENHS_SYN_0562,Grade 10,Section C,2026-10-19,25,22,3,0.88,1
ENHS_SYN_0563,Grade 10,Section C,2026-08-03,25,22,3,0.88,1
ENHS_SYN_0563,Grade 10,Section C,2026-08-10,25,23,2,0.92,1
ENHS_SYN_0563,Grade 10,Section C,2026-08-17,25,24,1,0.96,1
ENHS_SYN_0563,Grade 10,Section C,2026-08-24,25,24,1,0.96,1
ENHS_SYN_0563,Grade 10,Section C,2026-08-31,25,22,3,0.88,1
ENHS_SYN_0563,Grade 10,Section C,2026-09-07,25,25,0,1.0,0
ENHS_SYN_0563,Grade 10,Section C,2026-09-14,25,24,1,0.96,1
ENHS_SYN_0563,Grade 10,Section C,2026-09-21,25,23,2,0.92,1
ENHS_SYN_0563,Grade 10,Section C,2026-09-28,25,23,2,0.92,1
ENHS_SYN_0563,Grade 10,Section C,2026-10-05,25,22,3,0.88,1
ENHS_SYN_0563,Grade 10,Section C,2026-10-12,25,25,0,1.0,0
ENHS_SYN_0563,Grade 10,Section C,2026-10-19,25,23,2,0.92,1
ENHS_SYN_0564,Grade 10,Section C,2026-08-03,25,22,3,0.88,1
ENHS_SYN_0564,Grade 10,Section C,2026-08-10,25,19,6,0.76,1
ENHS_SYN_0564,Grade 10,Section C,2026-08-17,25,19,6,0.76,1
ENHS_SYN_0564,Grade 10,Section C,2026-08-24,25,19,6,0.76,1
ENHS_SYN_0564,Grade 10,Section C,2026-08-31,25,20,5,0.8,1
ENHS_SYN_0564,Grade 10,Section C,2026-09-07,25,20,5,0.8,1
ENHS_SYN_0564,Grade 10,Section C,2026-09-14,25,17,8,0.68,1
ENHS_SYN_0564,Grade 10,Section C,2026-09-21,25,16,9,0.64,1
ENHS_SYN_0564,Grade 10,Section C,2026-09-28,25,14,11,0.56,1
ENHS_SYN_0564,Grade 10,Section C,2026-10-05,25,20,5,0.8,1
ENHS_SYN_0564,Grade 10,Section C,2026-10-12,25,19,6,0.76,1
ENHS_SYN_0564,Grade 10,Section C,2026-10-19,25,25,0,1.0,0
ENHS_SYN_0565,Grade 10,Section C,2026-08-03,25,25,0,1.0,0
ENHS_SYN_0565,Grade 10,Section C,2026-08-10,25,25,0,1.0,0
ENHS_SYN_0565,Grade 10,Section C,2026-08-17,25,23,2,0.92,1
ENHS_SYN_0565,Grade 10,Section C,2026-08-24,25,24,1,0.96,1
ENHS_SYN_0565,Grade 10,Section C,2026-08-31,25,24,1,0.96,1
ENHS_SYN_0565,Grade 10,Section C,2026-09-07,25,23,2,0.92,1
ENHS_SYN_0565,Grade 10,Section C,2026-09-14,25,24,1,0.96,1
ENHS_SYN_0565,Grade 10,Section C,2026-09-21,25,24,1,0.96,1
ENHS_SYN_0565,Grade 10,Section C,2026-09-28,25,25,0,1.0,0
ENHS_SYN_0565,Grade 10,Section C,2026-10-05,25,24,1,0.96,1
ENHS_SYN_0565,Grade 10,Section C,2026-10-12,25,25,0,1.0,0
ENHS_SYN_0565,Grade 10,Section C,2026-10-19,25,23,2,0.92,1
ENHS_SYN_0566,Grade 10,Section C,2026-08-03,25,21,4,0.84,1
ENHS_SYN_0566,Grade 10,Section C,2026-08-10,25,23,2,0.92,1
ENHS_SYN_0566,Grade 10,Section C,2026-08-17,25,24,1,0.96,1
ENHS_SYN_0566,Grade 10,Section C,2026-08-24,25,21,4,0.84,1
ENHS_SYN_0566,Grade 10,Section C,2026-08-31,25,21,4,0.84,1
ENHS_SYN_0566,Grade 10,Section C,2026-09-07,25,23,2,0.92,1
ENHS_SYN_0566,Grade 10,Section C,2026-09-14,25,25,0,1.0,0
ENHS_SYN_0566,Grade 10,Section C,2026-09-21,25,21,4,0.84,1
ENHS_SYN_0566,Grade 10,Section C,2026-09-28,25,23,2,0.92,1
ENHS_SYN_0566,Grade 10,Section C,2026-10-05,25,21,4,0.84,1
ENHS_SYN_0566,Grade 10,Section C,2026-10-12,25,19,6,0.76,1
ENHS_SYN_0566,Grade 10,Section C,2026-10-19,25,20,5,0.8,1
ENHS_SYN_0567,Grade 10,Section C,2026-08-03,25,25,0,1.0,0
ENHS_SYN_0567,Grade 10,Section C,2026-08-10,25,25,0,1.0,0
ENHS_SYN_0567,Grade 10,Section C,2026-08-17,25,22,3,0.88,1
ENHS_SYN_0567,Grade 10,Section C,2026-08-24,25,24,1,0.96,1
ENHS_SYN_0567,Grade 10,Section C,2026-08-31,25,24,1,0.96,1
ENHS_SYN_0567,Grade 10,Section C,2026-09-07,25,23,2,0.92,1
ENHS_SYN_0567,Grade 10,Section C,2026-09-14,25,24,1,0.96,1
ENHS_SYN_0567,Grade 10,Section C,2026-09-21,25,25,0,1.0,0
ENHS_SYN_0567,Grade 10,Section C,2026-09-28,25,24,1,0.96,1
ENHS_SYN_0567,Grade 10,Section C,2026-10-05,25,24,1,0.96,1
ENHS_SYN_0567,Grade 10,Section C,2026-10-12,25,23,2,0.92,1
ENHS_SYN_0567,Grade 10,Section C,2026-10-19,25,22,3,0.88,1
ENHS_SYN_0568,Grade 10,Section C,2026-08-03,25,24,1,0.96,1
ENHS_SYN_0568,Grade 10,Section C,2026-08-10,25,24,1,0.96,1
ENHS_SYN_0568,Grade 10,Section C,2026-08-17,25,24,1,0.96,1
ENHS_SYN_0568,Grade 10,Section C,2026-08-24,25,22,3,0.88,1
ENHS_SYN_0568,Grade 10,Section C,2026-08-31,25,24,1,0.96,1
ENHS_SYN_0568,Grade 10,Section C,2026-09-07,25,21,4,0.84,1
ENHS_SYN_0568,Grade 10,Section C,2026-09-14,25,24,1,0.96,1
ENHS_SYN_0568,Grade 10,Section C,2026-09-21,25,23,2,0.92,1
ENHS_SYN_0568,Grade 10,Section C,2026-09-28,25,23,2,0.92,1
ENHS_SYN_0568,Grade 10,Section C,2026-10-05,25,25,0,1.0,0
ENHS_SYN_0568,Grade 10,Section C,2026-10-12,25,25,0,1.0,0
ENHS_SYN_0568,Grade 10,Section C,2026-10-19,25,23,2,0.92,1
ENHS_SYN_0569,Grade 10,Section C,2026-08-03,25,23,2,0.92,1
ENHS_SYN_0569,Grade 10,Section C,2026-08-10,25,22,3,0.88,1
ENHS_SYN_0569,Grade 10,Section C,2026-08-17,25,24,1,0.96,1
ENHS_SYN_0569,Grade 10,Section C,2026-08-24,25,24,1,0.96,1
ENHS_SYN_0569,Grade 10,Section C,2026-08-31,25,23,2,0.92,1
ENHS_SYN_0569,Grade 10,Section C,2026-09-07,25,23,2,0.92,1
ENHS_SYN_0569,Grade 10,Section C,2026-09-14,25,22,3,0.88,1
ENHS_SYN_0569,Grade 10,Section C,2026-09-21,25,25,0,1.0,0
ENHS_SYN_0569,Grade 10,Section C,2026-09-28,25,22,3,0.88,1
ENHS_SYN_0569,Grade 10,Section C,2026-10-05,24,22,2,0.9167,1
ENHS_SYN_0569,Grade 10,Section C,2026-10-12,25,24,1,0.96,1
ENHS_SYN_0569,Grade 10,Section C,2026-10-19,25,24,1,0.96,1
ENHS_SYN_0570,Grade 10,Section C,2026-08-03,25,24,1,0.96,1
ENHS_SYN_0570,Grade 10,Section C,2026-08-10,25,25,0,1.0,0
ENHS_SYN_0570,Grade 10,Section C,2026-08-17,25,23,2,0.92,1
ENHS_SYN_0570,Grade 10,Section C,2026-08-24,24,23,1,0.9583,1
ENHS_SYN_0570,Grade 10,Section C,2026-08-31,25,24,1,0.96,1
ENHS_SYN_0570,Grade 10,Section C,2026-09-07,25,24,1,0.96,1
ENHS_SYN_0570,Grade 10,Section C,2026-09-14,25,25,0,1.0,0
ENHS_SYN_0570,Grade 10,Section C,2026-09-21,25,24,1,0.96,1
ENHS_SYN_0570,Grade 10,Section C,2026-09-28,25,24,1,0.96,1
ENHS_SYN_0570,Grade 10,Section C,2026-10-05,25,23,2,0.92,1
ENHS_SYN_0570,Grade 10,Section C,2026-10-12,25,25,0,1.0,0
ENHS_SYN_0570,Grade 10,Section C,2026-10-19,25,23,2,0.92,1
ENHS_SYN_0571,Grade 10,Section C,2026-08-03,25,20,5,0.8,1
ENHS_SYN_0571,Grade 10,Section C,2026-08-10,25,19,6,0.76,1
ENHS_SYN_0571,Grade 10,Section C,2026-08-17,25,21,4,0.84,1
ENHS_SYN_0571,Grade 10,Section C,2026-08-24,25,20,5,0.8,1
ENHS_SYN_0571,Grade 10,Section C,2026-08-31,25,20,5,0.8,1
ENHS_SYN_0571,Grade 10,Section C,2026-09-07,25,20,5,0.8,1
ENHS_SYN_0571,Grade 10,Section C,2026-09-14,25,21,4,0.84,1
ENHS_SYN_0571,Grade 10,Section C,2026-09-21,25,21,4,0.84,1
ENHS_SYN_0571,Grade 10,Section C,2026-09-28,25,21,4,0.84,1
ENHS_SYN_0571,Grade 10,Section C,2026-10-05,25,21,4,0.84,1
ENHS_SYN_0571,Grade 10,Section C,2026-10-12,25,22,3,0.88,1
ENHS_SYN_0571,Grade 10,Section C,2026-10-19,25,22,3,0.88,1
ENHS_SYN_0572,Grade 10,Section C,2026-08-03,25,21,4,0.84,1
ENHS_SYN_0572,Grade 10,Section C,2026-08-10,25,22,3,0.88,1
ENHS_SYN_0572,Grade 10,Section C,2026-08-17,25,23,2,0.92,1
ENHS_SYN_0572,Grade 10,Section C,2026-08-24,25,21,4,0.84,1
ENHS_SYN_0572,Grade 10,Section C,2026-08-31,25,21,4,0.84,1
ENHS_SYN_0572,Grade 10,Section C,2026-09-07,25,20,5,0.8,1
ENHS_SYN_0572,Grade 10,Section C,2026-09-14,25,23,2,0.92,1
ENHS_SYN_0572,Grade 10,Section C,2026-09-21,25,22,3,0.88,1
ENHS_SYN_0572,Grade 10,Section C,2026-09-28,25,22,3,0.88,1
ENHS_SYN_0572,Grade 10,Section C,2026-10-05,25,23,2,0.92,1
ENHS_SYN_0572,Grade 10,Section C,2026-10-12,25,20,5,0.8,1
ENHS_SYN_0572,Grade 10,Section C,2026-10-19,25,24,1,0.96,1
ENHS_SYN_0573,Grade 10,Section C,2026-08-03,25,21,4,0.84,1
ENHS_SYN_0573,Grade 10,Section C,2026-08-10,25,20,5,0.8,1
ENHS_SYN_0573,Grade 10,Section C,2026-08-17,25,18,7,0.72,1
ENHS_SYN_0573,Grade 10,Section C,2026-08-24,25,20,5,0.8,1
ENHS_SYN_0573,Grade 10,Section C,2026-08-31,25,15,10,0.6,1
ENHS_SYN_0573,Grade 10,Section C,2026-09-07,24,18,6,0.75,1
ENHS_SYN_0573,Grade 10,Section C,2026-09-14,25,17,8,0.68,1
ENHS_SYN_0573,Grade 10,Section C,2026-09-21,25,15,10,0.6,1
ENHS_SYN_0573,Grade 10,Section C,2026-09-28,25,15,10,0.6,1
ENHS_SYN_0573,Grade 10,Section C,2026-10-05,25,15,10,0.6,1
ENHS_SYN_0573,Grade 10,Section C,2026-10-12,25,19,6,0.76,1
ENHS_SYN_0573,Grade 10,Section C,2026-10-19,25,17,8,0.68,1
ENHS_SYN_0574,Grade 10,Section C,2026-08-03,25,19,6,0.76,1
ENHS_SYN_0574,Grade 10,Section C,2026-08-10,25,21,4,0.84,1
ENHS_SYN_0574,Grade 10,Section C,2026-08-17,24,17,7,0.7083,1
ENHS_SYN_0574,Grade 10,Section C,2026-08-24,25,18,7,0.72,1
ENHS_SYN_0574,Grade 10,Section C,2026-08-31,25,23,2,0.92,1
ENHS_SYN_0574,Grade 10,Section C,2026-09-07,25,17,8,0.68,1
ENHS_SYN_0574,Grade 10,Section C,2026-09-14,25,24,1,0.96,1
ENHS_SYN_0574,Grade 10,Section C,2026-09-21,25,21,4,0.84,1
ENHS_SYN_0574,Grade 10,Section C,2026-09-28,25,20,5,0.8,1
ENHS_SYN_0574,Grade 10,Section C,2026-10-05,25,18,7,0.72,1
ENHS_SYN_0574,Grade 10,Section C,2026-10-12,24,19,5,0.7917,1
ENHS_SYN_0574,Grade 10,Section C,2026-10-19,25,18,7,0.72,1
ENHS_SYN_0575,Grade 10,Section C,2026-08-03,25,23,2,0.92,1
ENHS_SYN_0575,Grade 10,Section C,2026-08-10,25,22,3,0.88,1
ENHS_SYN_0575,Grade 10,Section C,2026-08-17,25,21,4,0.84,1
ENHS_SYN_0575,Grade 10,Section C,2026-08-24,25,20,5,0.8,1
ENHS_SYN_0575,Grade 10,Section C,2026-08-31,25,20,5,0.8,1
ENHS_SYN_0575,Grade 10,Section C,2026-09-07,25,23,2,0.92,1
ENHS_SYN_0575,Grade 10,Section C,2026-09-14,25,23,2,0.92,1
ENHS_SYN_0575,Grade 10,Section C,2026-09-21,25,21,4,0.84,1
ENHS_SYN_0575,Grade 10,Section C,2026-09-28,25,24,1,0.96,1
ENHS_SYN_0575,Grade 10,Section C,2026-10-05,25,23,2,0.92,1
ENHS_SYN_0575,Grade 10,Section C,2026-10-12,25,20,5,0.8,1
ENHS_SYN_0575,Grade 10,Section C,2026-10-19,25,20,5,0.8,1
ENHS_SYN_0576,Grade 10,Section C,2026-08-03,25,20,5,0.8,1
ENHS_SYN_0576,Grade 10,Section C,2026-08-10,25,19,6,0.76,1
ENHS_SYN_0576,Grade 10,Section C,2026-08-17,25,19,6,0.76,1
ENHS_SYN_0576,Grade 10,Section C,2026-08-24,25,22,3,0.88,1
ENHS_SYN_0576,Grade 10,Section C,2026-08-31,25,16,9,0.64,1
ENHS_SYN_0576,Grade 10,Section C,2026-09-07,24,15,9,0.625,1
ENHS_SYN_0576,Grade 10,Section C,2026-09-14,25,18,7,0.72,1
ENHS_SYN_0576,Grade 10,Section C,2026-09-21,25,17,8,0.68,1
ENHS_SYN_0576,Grade 10,Section C,2026-09-28,25,14,11,0.56,1
ENHS_SYN_0576,Grade 10,Section C,2026-10-05,25,18,7,0.72,1
ENHS_SYN_0576,Grade 10,Section C,2026-10-12,25,19,6,0.76,1
ENHS_SYN_0576,Grade 10,Section C,2026-10-19,25,19,6,0.76,1
ENHS_SYN_0577,Grade 10,Section C,2026-08-03,25,23,2,0.92,1
ENHS_SYN_0577,Grade 10,Section C,2026-08-10,25,20,5,0.8,1
ENHS_SYN_0577,Grade 10,Section C,2026-08-17,25,21,4,0.84,1
ENHS_SYN_0577,Grade 10,Section C,2026-08-24,25,23,2,0.92,1
ENHS_SYN_0577,Grade 10,Section C,2026-08-31,25,20,5,0.8,1
ENHS_SYN_0577,Grade 10,Section C,2026-09-07,25,21,4,0.84,1
ENHS_SYN_0577,Grade 10,Section C,2026-09-14,25,24,1,0.96,1
ENHS_SYN_0577,Grade 10,Section C,2026-09-21,25,20,5,0.8,1
ENHS_SYN_0577,Grade 10,Section C,2026-09-28,25,19,6,0.76,1
ENHS_SYN_0577,Grade 10,Section C,2026-10-05,25,18,7,0.72,1
ENHS_SYN_0577,Grade 10,Section C,2026-10-12,25,15,10,0.6,1
ENHS_SYN_0577,Grade 10,Section C,2026-10-19,25,21,4,0.84,1
ENHS_SYN_0578,Grade 10,Section C,2026-08-03,25,23,2,0.92,1
ENHS_SYN_0578,Grade 10,Section C,2026-08-10,25,22,3,0.88,1
ENHS_SYN_0578,Grade 10,Section C,2026-08-17,25,25,0,1.0,0
ENHS_SYN_0578,Grade 10,Section C,2026-08-24,25,22,3,0.88,1
ENHS_SYN_0578,Grade 10,Section C,2026-08-31,25,25,0,1.0,0
ENHS_SYN_0578,Grade 10,Section C,2026-09-07,25,21,4,0.84,1
ENHS_SYN_0578,Grade 10,Section C,2026-09-14,25,25,0,1.0,0
ENHS_SYN_0578,Grade 10,Section C,2026-09-21,25,24,1,0.96,1
ENHS_SYN_0578,Grade 10,Section C,2026-09-28,25,24,1,0.96,1
ENHS_SYN_0578,Grade 10,Section C,2026-10-05,25,24,1,0.96,1
ENHS_SYN_0578,Grade 10,Section C,2026-10-12,25,24,1,0.96,1
ENHS_SYN_0578,Grade 10,Section C,2026-10-19,25,23,2,0.92,1
ENHS_SYN_0579,Grade 10,Section C,2026-08-03,25,18,7,0.72,1
ENHS_SYN_0579,Grade 10,Section C,2026-08-10,25,22,3,0.88,1
ENHS_SYN_0579,Grade 10,Section C,2026-08-17,25,19,6,0.76,1
ENHS_SYN_0579,Grade 10,Section C,2026-08-24,25,14,11,0.56,1
ENHS_SYN_0579,Grade 10,Section C,2026-08-31,25,17,8,0.68,1
ENHS_SYN_0579,Grade 10,Section C,2026-09-07,25,19,6,0.76,1
ENHS_SYN_0579,Grade 10,Section C,2026-09-14,25,19,6,0.76,1
ENHS_SYN_0579,Grade 10,Section C,2026-09-21,25,20,5,0.8,1
ENHS_SYN_0579,Grade 10,Section C,2026-09-28,25,16,9,0.64,1
ENHS_SYN_0579,Grade 10,Section C,2026-10-05,25,18,7,0.72,1
ENHS_SYN_0579,Grade 10,Section C,2026-10-12,25,18,7,0.72,1
ENHS_SYN_0579,Grade 10,Section C,2026-10-19,25,20,5,0.8,1
ENHS_SYN_0580,Grade 10,Section C,2026-08-03,25,19,6,0.76,1
ENHS_SYN_0580,Grade 10,Section C,2026-08-10,25,20,5,0.8,1
ENHS_SYN_0580,Grade 10,Section C,2026-08-17,25,18,7,0.72,1
ENHS_SYN_0580,Grade 10,Section C,2026-08-24,25,23,2,0.92,1
ENHS_SYN_0580,Grade 10,Section C,2026-08-31,25,23,2,0.92,1
ENHS_SYN_0580,Grade 10,Section C,2026-09-07,25,21,4,0.84,1
ENHS_SYN_0580,Grade 10,Section C,2026-09-14,25,21,4,0.84,1
ENHS_SYN_0580,Grade 10,Section C,2026-09-21,25,20,5,0.8,1
ENHS_SYN_0580,Grade 10,Section C,2026-09-28,25,21,4,0.84,1
ENHS_SYN_0580,Grade 10,Section C,2026-10-05,25,22,3,0.88,1
ENHS_SYN_0580,Grade 10,Section C,2026-10-12,25,18,7,0.72,1
ENHS_SYN_0580,Grade 10,Section C,2026-10-19,25,17,8,0.68,1
ENHS_SYN_0581,Grade 10,Section C,2026-08-03,25,23,2,0.92,1
ENHS_SYN_0581,Grade 10,Section C,2026-08-10,25,21,4,0.84,1
ENHS_SYN_0581,Grade 10,Section C,2026-08-17,25,22,3,0.88,1
ENHS_SYN_0581,Grade 10,Section C,2026-08-24,25,24,1,0.96,1
ENHS_SYN_0581,Grade 10,Section C,2026-08-31,25,20,5,0.8,1
ENHS_SYN_0581,Grade 10,Section C,2026-09-07,25,23,2,0.92,1
ENHS_SYN_0581,Grade 10,Section C,2026-09-14,25,21,4,0.84,1
ENHS_SYN_0581,Grade 10,Section C,2026-09-21,25,20,5,0.8,1
ENHS_SYN_0581,Grade 10,Section C,2026-09-28,25,23,2,0.92,1
ENHS_SYN_0581,Grade 10,Section C,2026-10-05,25,22,3,0.88,1
ENHS_SYN_0581,Grade 10,Section C,2026-10-12,24,19,5,0.7917,1
ENHS_SYN_0581,Grade 10,Section C,2026-10-19,25,23,2,0.92,1
ENHS_SYN_0582,Grade 10,Section C,2026-08-03,25,19,6,0.76,1
ENHS_SYN_0582,Grade 10,Section C,2026-08-10,25,21,4,0.84,1
ENHS_SYN_0582,Grade 10,Section C,2026-08-17,25,21,4,0.84,1
ENHS_SYN_0582,Grade 10,Section C,2026-08-24,25,21,4,0.84,1
ENHS_SYN_0582,Grade 10,Section C,2026-08-31,25,20,5,0.8,1
ENHS_SYN_0582,Grade 10,Section C,2026-09-07,25,20,5,0.8,1
ENHS_SYN_0582,Grade 10,Section C,2026-09-14,25,23,2,0.92,1
ENHS_SYN_0582,Grade 10,Section C,2026-09-21,25,20,5,0.8,1
ENHS_SYN_0582,Grade 10,Section C,2026-09-28,25,23,2,0.92,1
ENHS_SYN_0582,Grade 10,Section C,2026-10-05,25,20,5,0.8,1
ENHS_SYN_0582,Grade 10,Section C,2026-10-12,25,21,4,0.84,1
ENHS_SYN_0582,Grade 10,Section C,2026-10-19,25,18,7,0.72,1
ENHS_SYN_0583,Grade 10,Section C,2026-08-03,25,24,1,0.96,1
ENHS_SYN_0583,Grade 10,Section C,2026-08-10,25,24,1,0.96,1
ENHS_SYN_0583,Grade 10,Section C,2026-08-17,25,24,1,0.96,1
ENHS_SYN_0583,Grade 10,Section C,2026-08-24,24,24,0,1.0,0
ENHS_SYN_0583,Grade 10,Section C,2026-08-31,25,24,1,0.96,1
ENHS_SYN_0583,Grade 10,Section C,2026-09-07,25,25,0,1.0,0
ENHS_SYN_0583,Grade 10,Section C,2026-09-14,25,23,2,0.92,1
ENHS_SYN_0583,Grade 10,Section C,2026-09-21,25,24,1,0.96,1
ENHS_SYN_0583,Grade 10,Section C,2026-09-28,25,23,2,0.92,1
ENHS_SYN_0583,Grade 10,Section C,2026-10-05,25,25,0,1.0,0
ENHS_SYN_0583,Grade 10,Section C,2026-10-12,25,24,1,0.96,1
ENHS_SYN_0583,Grade 10,Section C,2026-10-19,25,24,1,0.96,1
ENHS_SYN_0584,Grade 10,Section C,2026-08-03,25,24,1,0.96,1
ENHS_SYN_0584,Grade 10,Section C,2026-08-10,25,21,4,0.84,1
ENHS_SYN_0584,Grade 10,Section C,2026-08-17,25,23,2,0.92,1
ENHS_SYN_0584,Grade 10,Section C,2026-08-24,25,25,0,1.0,0
ENHS_SYN_0584,Grade 10,Section C,2026-08-31,25,21,4,0.84,1
ENHS_SYN_0584,Grade 10,Section C,2026-09-07,25,24,1,0.96,1
ENHS_SYN_0584,Grade 10,Section C,2026-09-14,25,21,4,0.84,1
ENHS_SYN_0584,Grade 10,Section C,2026-09-21,25,23,2,0.92,1
ENHS_SYN_0584,Grade 10,Section C,2026-09-28,25,24,1,0.96,1
ENHS_SYN_0584,Grade 10,Section C,2026-10-05,25,23,2,0.92,1
ENHS_SYN_0584,Grade 10,Section C,2026-10-12,25,23,2,0.92,1
ENHS_SYN_0584,Grade 10,Section C,2026-10-19,25,21,4,0.84,1
ENHS_SYN_0585,Grade 10,Section C,2026-08-03,25,18,7,0.72,1
ENHS_SYN_0585,Grade 10,Section C,2026-08-10,24,16,8,0.6667,1
ENHS_SYN_0585,Grade 10,Section C,2026-08-17,25,21,4,0.84,1
ENHS_SYN_0585,Grade 10,Section C,2026-08-24,25,21,4,0.84,1
ENHS_SYN_0585,Grade 10,Section C,2026-08-31,25,19,6,0.76,1
ENHS_SYN_0585,Grade 10,Section C,2026-09-07,25,19,6,0.76,1
ENHS_SYN_0585,Grade 10,Section C,2026-09-14,24,19,5,0.7917,1
ENHS_SYN_0585,Grade 10,Section C,2026-09-21,25,18,7,0.72,1
ENHS_SYN_0585,Grade 10,Section C,2026-09-28,25,18,7,0.72,1
ENHS_SYN_0585,Grade 10,Section C,2026-10-05,25,18,7,0.72,1
ENHS_SYN_0585,Grade 10,Section C,2026-10-12,25,17,8,0.68,1
ENHS_SYN_0585,Grade 10,Section C,2026-10-19,25,16,9,0.64,1
ENHS_SYN_0586,Grade 10,Section C,2026-08-03,25,23,2,0.92,1
ENHS_SYN_0586,Grade 10,Section C,2026-08-10,25,22,3,0.88,1
ENHS_SYN_0586,Grade 10,Section C,2026-08-17,25,24,1,0.96,1
ENHS_SYN_0586,Grade 10,Section C,2026-08-24,25,23,2,0.92,1
ENHS_SYN_0586,Grade 10,Section C,2026-08-31,25,19,6,0.76,1
ENHS_SYN_0586,Grade 10,Section C,2026-09-07,25,22,3,0.88,1
ENHS_SYN_0586,Grade 10,Section C,2026-09-14,25,17,8,0.68,1
ENHS_SYN_0586,Grade 10,Section C,2026-09-21,25,24,1,0.96,1
ENHS_SYN_0586,Grade 10,Section C,2026-09-28,25,19,6,0.76,1
ENHS_SYN_0586,Grade 10,Section C,2026-10-05,25,20,5,0.8,1
ENHS_SYN_0586,Grade 10,Section C,2026-10-12,25,21,4,0.84,1
ENHS_SYN_0586,Grade 10,Section C,2026-10-19,25,21,4,0.84,1
ENHS_SYN_0587,Grade 10,Section C,2026-08-03,25,20,5,0.8,1
ENHS_SYN_0587,Grade 10,Section C,2026-08-10,25,21,4,0.84,1
ENHS_SYN_0587,Grade 10,Section C,2026-08-17,25,24,1,0.96,1
ENHS_SYN_0587,Grade 10,Section C,2026-08-24,25,25,0,1.0,0
ENHS_SYN_0587,Grade 10,Section C,2026-08-31,25,25,0,1.0,0
ENHS_SYN_0587,Grade 10,Section C,2026-09-07,25,22,3,0.88,1
ENHS_SYN_0587,Grade 10,Section C,2026-09-14,25,22,3,0.88,1
ENHS_SYN_0587,Grade 10,Section C,2026-09-21,25,23,2,0.92,1
ENHS_SYN_0587,Grade 10,Section C,2026-09-28,25,23,2,0.92,1
ENHS_SYN_0587,Grade 10,Section C,2026-10-05,25,23,2,0.92,1
ENHS_SYN_0587,Grade 10,Section C,2026-10-12,25,24,1,0.96,1
ENHS_SYN_0587,Grade 10,Section C,2026-10-19,25,23,2,0.92,1
ENHS_SYN_0588,Grade 10,Section C,2026-08-03,25,21,4,0.84,1
ENHS_SYN_0588,Grade 10,Section C,2026-08-10,25,23,2,0.92,1
ENHS_SYN_0588,Grade 10,Section C,2026-08-17,25,20,5,0.8,1
ENHS_SYN_0588,Grade 10,Section C,2026-08-24,25,22,3,0.88,1
ENHS_SYN_0588,Grade 10,Section C,2026-08-31,25,21,4,0.84,1
ENHS_SYN_0588,Grade 10,Section C,2026-09-07,25,19,6,0.76,1
ENHS_SYN_0588,Grade 10,Section C,2026-09-14,25,23,2,0.92,1
ENHS_SYN_0588,Grade 10,Section C,2026-09-21,25,19,6,0.76,1
ENHS_SYN_0588,Grade 10,Section C,2026-09-28,25,21,4,0.84,1
ENHS_SYN_0588,Grade 10,Section C,2026-10-05,25,20,5,0.8,1
ENHS_SYN_0588,Grade 10,Section C,2026-10-12,25,22,3,0.88,1
ENHS_SYN_0588,Grade 10,Section C,2026-10-19,25,18,7,0.72,1
ENHS_SYN_0589,Grade 10,Section C,2026-08-03,25,18,7,0.72,1
ENHS_SYN_0589,Grade 10,Section C,2026-08-10,25,21,4,0.84,1
ENHS_SYN_0589,Grade 10,Section C,2026-08-17,25,20,5,0.8,1
ENHS_SYN_0589,Grade 10,Section C,2026-08-24,25,19,6,0.76,1
ENHS_SYN_0589,Grade 10,Section C,2026-08-31,25,22,3,0.88,1
ENHS_SYN_0589,Grade 10,Section C,2026-09-07,25,22,3,0.88,1
ENHS_SYN_0589,Grade 10,Section C,2026-09-14,25,18,7,0.72,1
ENHS_SYN_0589,Grade 10,Section C,2026-09-21,25,21,4,0.84,1
ENHS_SYN_0589,Grade 10,Section C,2026-09-28,25,21,4,0.84,1
ENHS_SYN_0589,Grade 10,Section C,2026-10-05,25,22,3,0.88,1
ENHS_SYN_0589,Grade 10,Section C,2026-10-12,25,19,6,0.76,1
ENHS_SYN_0589,Grade 10,Section C,2026-10-19,25,21,4,0.84,1
ENHS_SYN_0590,Grade 10,Section C,2026-08-03,25,21,4,0.84,1
ENHS_SYN_0590,Grade 10,Section C,2026-08-10,25,21,4,0.84,1
ENHS_SYN_0590,Grade 10,Section C,2026-08-17,24,17,7,0.7083,1
ENHS_SYN_0590,Grade 10,Section C,2026-08-24,25,20,5,0.8,1
ENHS_SYN_0590,Grade 10,Section C,2026-08-31,25,21,4,0.84,1
ENHS_SYN_0590,Grade 10,Section C,2026-09-07,25,16,9,0.64,1
ENHS_SYN_0590,Grade 10,Section C,2026-09-14,25,23,2,0.92,1
ENHS_SYN_0590,Grade 10,Section C,2026-09-21,25,19,6,0.76,1
ENHS_SYN_0590,Grade 10,Section C,2026-09-28,25,23,2,0.92,1
ENHS_SYN_0590,Grade 10,Section C,2026-10-05,25,22,3,0.88,1
ENHS_SYN_0590,Grade 10,Section C,2026-10-12,25,19,6,0.76,1
ENHS_SYN_0590,Grade 10,Section C,2026-10-19,25,19,6,0.76,1
ENHS_SYN_0591,Grade 10,Section C,2026-08-03,25,21,4,0.84,1
ENHS_SYN_0591,Grade 10,Section C,2026-08-10,25,23,2,0.92,1
ENHS_SYN_0591,Grade 10,Section C,2026-08-17,25,20,5,0.8,1
ENHS_SYN_0591,Grade 10,Section C,2026-08-24,25,24,1,0.96,1
ENHS_SYN_0591,Grade 10,Section C,2026-08-31,25,24,1,0.96,1
ENHS_SYN_0591,Grade 10,Section C,2026-09-07,25,22,3,0.88,1
ENHS_SYN_0591,Grade 10,Section C,2026-09-14,25,21,4,0.84,1
ENHS_SYN_0591,Grade 10,Section C,2026-09-21,25,21,4,0.84,1
ENHS_SYN_0591,Grade 10,Section C,2026-09-28,25,24,1,0.96,1
ENHS_SYN_0591,Grade 10,Section C,2026-10-05,25,22,3,0.88,1
ENHS_SYN_0591,Grade 10,Section C,2026-10-12,25,25,0,1.0,0
ENHS_SYN_0591,Grade 10,Section C,2026-10-19,25,21,4,0.84,1
ENHS_SYN_0592,Grade 10,Section C,2026-08-03,25,19,6,0.76,1
ENHS_SYN_0592,Grade 10,Section C,2026-08-10,25,23,2,0.92,1
ENHS_SYN_0592,Grade 10,Section C,2026-08-17,25,18,7,0.72,1
ENHS_SYN_0592,Grade 10,Section C,2026-08-24,25,22,3,0.88,1
ENHS_SYN_0592,Grade 10,Section C,2026-08-31,25,20,5,0.8,1
ENHS_SYN_0592,Grade 10,Section C,2026-09-07,25,20,5,0.8,1
ENHS_SYN_0592,Grade 10,Section C,2026-09-14,25,22,3,0.88,1
ENHS_SYN_0592,Grade 10,Section C,2026-09-21,25,23,2,0.92,1
ENHS_SYN_0592,Grade 10,Section C,2026-09-28,25,20,5,0.8,1
ENHS_SYN_0592,Grade 10,Section C,2026-10-05,25,21,4,0.84,1
ENHS_SYN_0592,Grade 10,Section C,2026-10-12,25,20,5,0.8,1
ENHS_SYN_0592,Grade 10,Section C,2026-10-19,25,21,4,0.84,1
ENHS_SYN_0593,Grade 10,Section C,2026-08-03,25,20,5,0.8,1
ENHS_SYN_0593,Grade 10,Section C,2026-08-10,25,19,6,0.76,1
ENHS_SYN_0593,Grade 10,Section C,2026-08-17,25,16,9,0.64,1
ENHS_SYN_0593,Grade 10,Section C,2026-08-24,25,21,4,0.84,1
ENHS_SYN_0593,Grade 10,Section C,2026-08-31,25,18,7,0.72,1
ENHS_SYN_0593,Grade 10,Section C,2026-09-07,25,20,5,0.8,1
ENHS_SYN_0593,Grade 10,Section C,2026-09-14,25,22,3,0.88,1
ENHS_SYN_0593,Grade 10,Section C,2026-09-21,25,20,5,0.8,1
ENHS_SYN_0593,Grade 10,Section C,2026-09-28,25,21,4,0.84,1
ENHS_SYN_0593,Grade 10,Section C,2026-10-05,25,20,5,0.8,1
ENHS_SYN_0593,Grade 10,Section C,2026-10-12,25,18,7,0.72,1
ENHS_SYN_0593,Grade 10,Section C,2026-10-19,25,19,6,0.76,1
ENHS_SYN_0594,Grade 10,Section C,2026-08-03,25,22,3,0.88,1
ENHS_SYN_0594,Grade 10,Section C,2026-08-10,25,23,2,0.92,1
ENHS_SYN_0594,Grade 10,Section C,2026-08-17,25,24,1,0.96,1
ENHS_SYN_0594,Grade 10,Section C,2026-08-24,25,22,3,0.88,1
ENHS_SYN_0594,Grade 10,Section C,2026-08-31,25,24,1,0.96,1
ENHS_SYN_0594,Grade 10,Section C,2026-09-07,25,21,4,0.84,1
ENHS_SYN_0594,Grade 10,Section C,2026-09-14,25,23,2,0.92,1
ENHS_SYN_0594,Grade 10,Section C,2026-09-21,25,20,5,0.8,1
ENHS_SYN_0594,Grade 10,Section C,2026-09-28,25,22,3,0.88,1
ENHS_SYN_0594,Grade 10,Section C,2026-10-05,25,21,4,0.84,1
ENHS_SYN_0594,Grade 10,Section C,2026-10-12,25,23,2,0.92,1
ENHS_SYN_0594,Grade 10,Section C,2026-10-19,25,21,4,0.84,1
ENHS_SYN_0595,Grade 10,Section C,2026-08-03,25,20,5,0.8,1
ENHS_SYN_0595,Grade 10,Section C,2026-08-10,24,19,5,0.7917,1
ENHS_SYN_0595,Grade 10,Section C,2026-08-17,25,21,4,0.84,1
ENHS_SYN_0595,Grade 10,Section C,2026-08-24,25,24,1,0.96,1
ENHS_SYN_0595,Grade 10,Section C,2026-08-31,25,20,5,0.8,1
ENHS_SYN_0595,Grade 10,Section C,2026-09-07,25,22,3,0.88,1
ENHS_SYN_0595,Grade 10,Section C,2026-09-14,25,23,2,0.92,1
ENHS_SYN_0595,Grade 10,Section C,2026-09-21,25,24,1,0.96,1
ENHS_SYN_0595,Grade 10,Section C,2026-09-28,25,21,4,0.84,1
ENHS_SYN_0595,Grade 10,Section C,2026-10-05,25,23,2,0.92,1
ENHS_SYN_0595,Grade 10,Section C,2026-10-12,25,25,0,1.0,0
ENHS_SYN_0595,Grade 10,Section C,2026-10-19,25,23,2,0.92,1
ENHS_SYN_0596,Grade 10,Section C,2026-08-03,25,19,6,0.76,1
ENHS_SYN_0596,Grade 10,Section C,2026-08-10,25,24,1,0.96,1
ENHS_SYN_0596,Grade 10,Section C,2026-08-17,25,22,3,0.88,1
ENHS_SYN_0596,Grade 10,Section C,2026-08-24,25,23,2,0.92,1
ENHS_SYN_0596,Grade 10,Section C,2026-08-31,25,21,4,0.84,1
ENHS_SYN_0596,Grade 10,Section C,2026-09-07,25,20,5,0.8,1
ENHS_SYN_0596,Grade 10,Section C,2026-09-14,25,25,0,1.0,0
ENHS_SYN_0596,Grade 10,Section C,2026-09-21,25,21,4,0.84,1
ENHS_SYN_0596,Grade 10,Section C,2026-09-28,24,20,4,0.8333,1
ENHS_SYN_0596,Grade 10,Section C,2026-10-05,25,23,2,0.92,1
ENHS_SYN_0596,Grade 10,Section C,2026-10-12,24,21,3,0.875,1
ENHS_SYN_0596,Grade 10,Section C,2026-10-19,25,24,1,0.96,1
ENHS_SYN_0597,Grade 10,Section C,2026-08-03,25,24,1,0.96,1
ENHS_SYN_0597,Grade 10,Section C,2026-08-10,25,24,1,0.96,1
ENHS_SYN_0597,Grade 10,Section C,2026-08-17,25,24,1,0.96,1
ENHS_SYN_0597,Grade 10,Section C,2026-08-24,25,24,1,0.96,1
ENHS_SYN_0597,Grade 10,Section C,2026-08-31,25,22,3,0.88,1
ENHS_SYN_0597,Grade 10,Section C,2026-09-07,25,22,3,0.88,1
ENHS_SYN_0597,Grade 10,Section C,2026-09-14,25,24,1,0.96,1
ENHS_SYN_0597,Grade 10,Section C,2026-09-21,25,24,1,0.96,1
ENHS_SYN_0597,Grade 10,Section C,2026-09-28,25,25,0,1.0,0
ENHS_SYN_0597,Grade 10,Section C,2026-10-05,25,24,1,0.96,1
ENHS_SYN_0597,Grade 10,Section C,2026-10-12,25,22,3,0.88,1
ENHS_SYN_0597,Grade 10,Section C,2026-10-19,25,24,1,0.96,1
ENHS_SYN_0598,Grade 10,Section C,2026-08-03,25,24,1,0.96,1
ENHS_SYN_0598,Grade 10,Section C,2026-08-10,25,25,0,1.0,0
ENHS_SYN_0598,Grade 10,Section C,2026-08-17,25,23,2,0.92,1
ENHS_SYN_0598,Grade 10,Section C,2026-08-24,25,25,0,1.0,0
ENHS_SYN_0598,Grade 10,Section C,2026-08-31,25,25,0,1.0,0
ENHS_SYN_0598,Grade 10,Section C,2026-09-07,25,25,0,1.0,0
ENHS_SYN_0598,Grade 10,Section C,2026-09-14,25,24,1,0.96,1
ENHS_SYN_0598,Grade 10,Section C,2026-09-21,25,25,0,1.0,0
ENHS_SYN_0598,Grade 10,Section C,2026-09-28,25,24,1,0.96,1
ENHS_SYN_0598,Grade 10,Section C,2026-10-05,25,25,0,1.0,0
ENHS_SYN_0598,Grade 10,Section C,2026-10-12,25,24,1,0.96,1
ENHS_SYN_0598,Grade 10,Section C,2026-10-19,25,25,0,1.0,0
ENHS_SYN_0599,Grade 10,Section C,2026-08-03,25,24,1,0.96,1
ENHS_SYN_0599,Grade 10,Section C,2026-08-10,25,24,1,0.96,1
ENHS_SYN_0599,Grade 10,Section C,2026-08-17,25,23,2,0.92,1
ENHS_SYN_0599,Grade 10,Section C,2026-08-24,25,23,2,0.92,1
ENHS_SYN_0599,Grade 10,Section C,2026-08-31,25,24,1,0.96,1
ENHS_SYN_0599,Grade 10,Section C,2026-09-07,25,22,3,0.88,1
ENHS_SYN_0599,Grade 10,Section C,2026-09-14,25,23,2,0.92,1
ENHS_SYN_0599,Grade 10,Section C,2026-09-21,25,22,3,0.88,1
ENHS_SYN_0599,Grade 10,Section C,2026-09-28,25,24,1,0.96,1
ENHS_SYN_0599,Grade 10,Section C,2026-10-05,25,22,3,0.88,1
ENHS_SYN_0599,Grade 10,Section C,2026-10-12,25,25,0,1.0,0
ENHS_SYN_0599,Grade 10,Section C,2026-10-19,25,23,2,0.92,1
ENHS_SYN_0600,Grade 10,Section C,2026-08-03,25,20,5,0.8,1
ENHS_SYN_0600,Grade 10,Section C,2026-08-10,25,23,2,0.92,1
ENHS_SYN_0600,Grade 10,Section C,2026-08-17,25,22,3,0.88,1
ENHS_SYN_0600,Grade 10,Section C,2026-08-24,25,23,2,0.92,1
ENHS_SYN_0600,Grade 10,Section C,2026-08-31,25,22,3,0.88,1
ENHS_SYN_0600,Grade 10,Section C,2026-09-07,25,20,5,0.8,1
ENHS_SYN_0600,Grade 10,Section C,2026-09-14,25,23,2,0.92,1
ENHS_SYN_0600,Grade 10,Section C,2026-09-21,25,21,4,0.84,1
ENHS_SYN_0600,Grade 10,Section C,2026-09-28,25,20,5,0.8,1
ENHS_SYN_0600,Grade 10,Section C,2026-10-05,25,21,4,0.84,1
ENHS_SYN_0600,Grade 10,Section C,2026-10-12,25,23,2,0.92,1
ENHS_SYN_0600,Grade 10,Section C,2026-10-19,25,23,2,0.92,1
